"Submit_ID","Brand_Reg","Model_No","Country","screensize","Screen_Tech","Avg_mode_power","Availability Status","Star2","Screen_Size_Inches","Screen_Size_Category_Num"
136372,"HISENSE","65A7G","China",163.896,"LCD (LED)",107.54,"Available",5,64.5258552,"65.0"
136391,"HISENSE","50A7G","China",125.731,"LCD (LED)",61.76,"Available",5.5,49.5002947,"50.0"
136407,"HISENSE","55A7G","China",138.783,"LCD (LED)",75.31,"Available",5.5,54.63886709999999,"55.0"
136650,"HISENSE","32A4G","China",80.04,"LCD (LED)",25.93,"Available",6,31.511748,"32.0"
136653,"HISENSE","55U7G","China",138.548,"LCD (LED)",96.71,"Available",4.5,54.5463476,"55.0"
136722,"HISENSE","75A7G","China",189.274,"LCD (LED)",125.66,"Available",5.5,74.5171738,"75.0"
136903,"SAMSUNG ELECTRONICS","QA65QN700AW","Vietnam",163.829,"LCD (LED)",220,"Available",2.5,64.4994773,"65.0"
136903,"SAMSUNG ELECTRONICS","QA65QN700AS","Vietnam",163.829,"LCD (LED)",220,"Available",2.5,64.4994773,"65.0"
136903,"SAMSUNG ELECTRONICS","QA65QN700A","Vietnam",163.829,"LCD (LED)",220,"Available",2.5,64.4994773,"65.0"
136914,"SAMSUNG ELECTRONICS","QA75QN700AW","Vietnam",189.306,"LCD (LED)",242,"Available",3,74.5297722,"75.0"
136914,"SAMSUNG ELECTRONICS","QA75QN700AS","Vietnam",189.306,"LCD (LED)",242,"Available",3,74.5297722,"75.0"
136914,"SAMSUNG ELECTRONICS","QA75QN700A","Vietnam",189.306,"LCD (LED)",242,"Available",3,74.5297722,"75.0"
136962,"HISENSE","75U7G","China",189.34,"LCD (LED)",173.3,"Available",4.5,74.543158,"75.0"
136970,"PHILIPS","55HFL2899T/79","China",138.783,"LCD (LED)",57,"Available",6,54.63886709999999,"55.0"
137016,"PHILIPS","65HFL2899T/79","China",163.896,"LCD (LED)",70.4,"Available",7,64.5258552,"65.0"
137043,"HISENSE","55U8G","China",138.783,"LCD (LED)",111.93,"Available",3.5,54.63886709999999,"55.0"
137047,"Linsar","LS70UHDNF","China",176.563,"LCD (LED)",111.08,"Available",6,69.5128531,"70.0"
137053,"HISENSE","65U8G","China",163.896,"LCD",151.23,"Available",3.5,64.5258552,"65.0"
137088,"FURRION","FDFD24A0D","China",60.468,"LCD",22,"Available",5,23.8062516,"24.0"
137098,"HISENSE","75U90G","China",189.34,"LCD (LED)",284.19,"Available",2,74.543158,"75.0"
137162,"CHiQ","U50G7H","China",125.725,"LCD (LED)",72,"Available",5,49.4979325,"50.0"
137163,"CHiQ","U55G7H","China",138.711,"LCD (LED)",95,"Available",4.5,54.6105207,"55.0"
137164,"CHiQ","U65G7H","China",163.829,"LCD (LED)",138,"Available",4.5,64.4994773,"65.0"
137166,"HISENSE","65U7G","China",163.896,"LCD (LED)",119.45,"Available",4.5,64.5258552,"65.0"
137205,"HISENSE","43A7G","China",107.986,"LCD (LED)",57.75,"Available",4.5,42.5140882,"43.0"
137247,"LG","70UP8050PVB","Indonesia,South Korea",176.564,"LCD (LED)",153,"Available",4.5,69.51324679999999,"70.0"
137248,"LG","32LT662MBTB","Indonesia,South Korea",80.043,"LCD (LED)",33,"Available",5,31.5129291,"32.0"
137271,"HISENSE","40A4G","China",100.332,"LCD (LED)",31.27,"Available",6,39.50070839999999,"40.0"
137363,"HISENSE","85U7G","China",214.783,"LCD (LED)",227.42,"Available",4,84.5600671,"85.0"
137382,"EKO","K75USG","China",189.442,"LCD (LED)",191.4,"Available",4,74.5833154,"75.0"
137382,"EKO","K750USG","China",189.442,"LCD (LED)",191.4,"Available",4,74.5833154,"75.0"
137383,"EKO","K550USG","China",138.897,"LCD (LED)",72.3,"Available",6,54.6837489,"55.0"
137492,"CAIXUN","LE-32K1","China",80.19,"LCD",25.21,"Available",6,31.570802999999998,"32.0"
137492,"CAIXUN","LE-32S1","China",80.19,"LCD",25.21,"Available",6,31.570802999999998,"32.0"
137492,"CAIXUN","LE-32F2","China",80.19,"LCD",25.21,"Available",6,31.570802999999998,"32.0"
137492,"CAIXUN","LE-32K1, LE-32S1, LE-32F2","China",80.19,"LCD",25.21,"Available",6,31.570802999999998,"32.0"
137506,"kogan","KALED32RH9210STB","China",79.967,"LCD (LED)",28,"Available",6,31.4830079,"32.0"
137506,"kogan","KALED32RH9220STB","China",79.967,"LCD (LED)",28,"Available",6,31.4830079,"32.0"
137536,"HISENSE","85U8G","China",214.783,"LCD (LED)",228.29,"Available",4,84.5600671,"85.0"
137550,"JVC","AV-HQ507115A","China",125.731,"LCD (LED)",56.97,"Available",5,49.5002947,"50.0"
137575,"CAIXUN","LE-43N1","Australia",107.988,"LCD",59.24,"Available",4.5,42.514875599999996,"43.0"
137575,"CAIXUN","LE-43F2","Australia",107.988,"LCD",59.24,"Available",4.5,42.514875599999996,"43.0"
137575,"CAIXUN","LE-43S1","Australia",107.988,"LCD",59.24,"Available",4.5,42.514875599999996,"43.0"
137575,"CAIXUN","LE-43N1, LE-43F2, LE-43S1","Australia",107.988,"LCD",59.24,"Available",4.5,42.514875599999996,"43.0"
137578,"CAIXUN","LE-40N1","Australia",100.266,"LCD",38.82,"Available",5.5,39.474724200000004,"40.0"
137578,"CAIXUN","LE-40F2","Australia",100.266,"LCD",38.82,"Available",5.5,39.474724200000004,"40.0"
137578,"CAIXUN","LE-40S1","Australia",100.266,"LCD",38.82,"Available",5.5,39.474724200000004,"40.0"
137578,"CAIXUN","LE-40N1, LE-40F2, LE-40S1","Australia",100.266,"LCD",38.82,"Available",5.5,39.474724200000004,"40.0"
137608,"JVC","AV-HQ557115A","China",138.783,"LCD (LED)",63.94,"Available",5,54.63886709999999,"55.0"
137622,"PHILIPS","19HFL5014W/12","China",47.013,"LCD (LED)",14.61,"Available",5,18.5090181,"19.0"
137622,"PHILIPS","19HFL5114W/12","China",47.013,"LCD (LED)",14.61,"Available",5,18.5090181,"19.0"
137678,"LG","43UR640S0TD","Indonesia,South Korea",107.987,"LCD (LED)",79,"Available",3.5,42.5144819,"43.0"
137679,"LG","50UR640S0TD","Indonesia,South Korea",125.727,"LCD (LED)",95,"Available",4,49.4987199,"50.0"
137680,"LG","55UR640S0TD","Indonesia,South Korea",138.783,"LCD (LED)",113,"Available",4,54.63886709999999,"55.0"
137681,"LG","65UR640S0TD","Indonesia,South Korea",163.897,"LCD (LED)",156,"Available",4,64.5262489,"65.0"
137682,"LG","75UR640S0TD","Indonesia,South Korea",189.275,"LCD (LED)",180,"Available",4.5,74.5175675,"75.0"
137683,"LG","86UR640S0TD","Indonesia,South Korea",217.425,"LCD (LED)",241,"Available",4.5,85.6002225,"86.0"
137725,"LOEWE","BILD v.65","Germany",163.878,"OLED",135,"Available",4.5,64.51876859999999,"65.0"
137740,"TOSHIBA","50C350KP","China",125.731,"LCD (LED)",66.16,"Available",5,49.5002947,"50.0"
137744,"TOSHIBA","43C350KP","China",107.986,"LCD (LED)",63.45,"Available",4,42.5140882,"43.0"
137749,"TOSHIBA","55C350KP","China",138.783,"LCD (LED)",81.49,"Available",5,54.63886709999999,"55.0"
137751,"TOSHIBA","65C350KP","China",163.896,"LCD (LED)",107.27,"Available",5,64.5258552,"65.0"
137868,"VEON","VN50U22021","China,Indonesia",125.731,"LCD (LED)",93.82,"Available",3.5,49.5002947,"50.0"
137949,"LG","65QNED91TPA","Indonesia,South Korea",163.897,"LCD (LED)",120,"Available",5,64.5262489,"65.0"
137950,"LG","65QNED96TPA","Indonesia,South Korea",163.897,"LCD (LED)",164,"Available",3.5,64.5262489,"65.0"
137951,"LG","65QNED99TPB","Indonesia,South Korea",163.897,"LCD (LED)",220,"Available",2.5,64.5262489,"65.0"
137962,"BAUHN","ATV75UHDW-0621","China",189.273,"LCD (LED)",106.97,"Available",6,74.51678009999999,"75.0"
138090,"JVC","AV-HQ657115A","China",163.897,"LCD (LED)",91.7,"Available",5,64.5262489,"65.0"
138101,"TEAC","LE70L521","China",176.57,"LCD (LED)",149.34,"Available",4.5,69.515609,"70.0"
138118,"EKO","K650USG","China",163.791,"LCD (LED)",134.4,"Available",4,64.4845167,"65.0"
138150,"EKO","K700USG","China",176.505,"LCD (LED)",160,"Available",4,69.49001849999999,"70.0"
138186,"EKO","K85USW","China",214.637,"LCD (LED)",305.2,"Available",3,84.5025869,"85.0"
138187,"BLAUPUNKT","BP50WOS","China",125.727,"LCD (LED)",78.3,"Available",4.5,49.4987199,"50.0"
138188,"EKO","K58USW","China",146.059,"LCD (LED)",102.9,"Available",4.5,57.503428299999996,"58.0"
138443,"SAMSUNG ELECTRONICS","QA65LS01TAW","Vietnam",163.829,"LCD (LED)",125,"Available",5,64.4994773,"65.0"
138443,"SAMSUNG ELECTRONICS","QA65LS01TAS","Vietnam",163.829,"LCD (LED)",125,"Available",5,64.4994773,"65.0"
138457,"Kogan","KALED70UN8910SGA","China",176.564,"LCD",140.1,"Available",5,69.51324679999999,"70.0"
138574,"HISENSE","75U8G","China",189.274,"LCD (LED)",169.86,"Available",4.5,74.5171738,"75.0"
138575,"VEON","VN55WOS2021","China",138.783,"LCD (LED)",104.9,"Available",4,54.63886709999999,"55.0"
138576,"VEON","VN58U22021N","China,Indonesia",146.13,"LCD (LED)",115.41,"Available",4,57.531380999999996,"58.0"
138617,"SAMSUNG ELECTRONICS","QA55QN700AS","Vietnam",138.711,"LCD (LED)",198,"Available",1.5,54.6105207,"55.0"
138623,"EKO","K65USW","China",163.888,"LCD (LED)",127.8,"Available",4.5,64.5227056,"65.0"
138660,"Gorilla","GSTV42TV1","China",105.348,"LCD (LED)",43,"Available",6,41.4755076,"42.0"
138766,"Gorilla","GSTV32TV3","China",79.967,"LCD (LED)",28,"Available",6,31.4830079,"32.0"
138861,"KONIC","KUD65MD686AS2","China",163.896,"LCD",122.59,"Available",5,64.5258552,"65.0"
138937,"SHARP","8T-C70DW1X","Malaysia",176.586,"LCD (LED)",178,"Available",4,69.5219082,"70.0"
138939,"SHARP","4T-C70CK3X","Malaysia",176.815,"LCD (LED)",157.82,"Available",4.5,69.6120655,"70.0"
138941,"SHARP","4T-C60CK1X","Malaysia",152.663,"LCD (LED)",128.8,"Available",4,60.1034231,"60.0"
138942,"SHARP","2T-C32BG1X","Malaysia",80.034,"LCD (LED)",33.52,"Available",5,31.5093858,"32.0"
138959,"CHiQ","L32G7H","China",79.967,"LCD (LED)",28,"Available",6,31.4830079,"32.0"
138960,"CHiQ","U43G7H","China",107.863,"LCD (LED)",65,"Available",4.5,42.4656631,"43.0"
139006,"BAUHN","ATV65UHDW-1021","China",163.896,"LCD (LED)",95.274,"Available",6,64.5258552,"65.0"
139111,"SAMSUNG ELECTRONICS","QA85LS03AAW","Vietnam",214.783,"LCD (LED)",225,"Available",4.5,84.5600671,"85.0"
139111,"SAMSUNG ELECTRONICS","QA85LS03AAS","Vietnam",214.783,"LCD (LED)",225,"Available",4.5,84.5600671,"85.0"
139113,"HISENSE","85U80G","China",214.783,"LCD (LED)",270.3,"Available",3.5,84.5600671,"85.0"
139121,"SAMSUNG ELECTRONICS","HG55Q60AAAW","Vietnam",138.711,"LCD (LED)",84,"Available",5,54.6105207,"55.0"
139124,"SAMSUNG ELECTRONICS","HG65Q60AAAW","Vietnam",163.829,"LCD (LED)",104,"Available",5.5,64.4994773,"65.0"
139126,"SAMSUNG ELECTRONICS","HG75Q60AAAW","Vietnam",189.306,"LCD (LED)",195,"Available",4,74.5297722,"75.0"
139131,"KOGAN","KALED19PRIZB","China",47.013,"LCD (LED)",16.1448,"Available",5,18.5090181,"19.0"
139219,"SAMSUNG ELECTRONICS","HG43Q60AAAW","Vietnam",107.95,"LCD (LED)",69,"Available",4,42.499915,"43.0"
139223,"SAMSUNG ELECTRONICS","HG50Q60AAAW","Vietnam",125.725,"LCD (LED)",78,"Available",4.5,49.4979325,"50.0"
139282,"HISENSE","65U80G","China",163.896,"LCD (LED)",194.11,"Available",2.5,64.5258552,"65.0"
139597,"SAMSUNG ELECTRONICS","QA55Q60ABW","Vietnam",138.798,"LCD (LED)",88,"Available",5,54.6447726,"55.0"
139597,"SAMSUNG ELECTRONICS","QA55Q60ABS","Vietnam",138.798,"LCD (LED)",88,"Available",5,54.6447726,"55.0"
139598,"SAMSUNG ELECTRONICS","QA65Q60ABW","Vietnam",163.829,"LCD (LED)",117,"Available",5,64.4994773,"65.0"
139598,"SAMSUNG ELECTRONICS","QA65Q60ABS","Vietnam",163.829,"LCD (LED)",117,"Available",5,64.4994773,"65.0"
139600,"SAMSUNG ELECTRONICS","QA75Q60ABW","Vietnam",189.306,"LCD (LED)",155,"Available",5,74.5297722,"75.0"
139600,"SAMSUNG ELECTRONICS","QA75Q60ABS","Vietnam",189.306,"LCD (LED)",155,"Available",5,74.5297722,"75.0"
139602,"SAMSUNG ELECTRONICS","QA85Q60ABW","Vietnam",214.783,"LCD (LED)",176,"Available",5.5,84.5600671,"85.0"
139602,"SAMSUNG ELECTRONICS","QA85Q60ABS","Vietnam",214.783,"LCD (LED)",176,"Available",5.5,84.5600671,"85.0"
139606,"SAMSUNG ELECTRONICS","QA50Q60ABS","Vietnam",125.725,"LCD (LED)",82,"Available",4.5,49.4979325,"50.0"
139607,"SAMSUNG ELECTRONICS","QA43Q60ABS","Vietnam",107.95,"LCD (LED)",72,"Available",4,42.499915,"43.0"
139660,"SMTV","LED-43JIL0421-1","China",107.912,"LCD (LED)",50.909,"Available",5.5,42.4849544,"43.0"
139689,"TOSHIBA","75C350KP","China",189.274,"LCD (LED)",131.33,"Available",5.5,74.5171738,"75.0"
139699,"EKO","K400FSG","China",100.332,"LCD (LED)",41.5,"Available",5.5,39.50070839999999,"40.0"
139702,"JVC","LT-55N7125A","China",139.022,"LCD",106.02,"Available",3.5,54.73296139999999,"55.0"
139791,"AKAI","AK5821S6WOS","China",146.068,"LCD (LED)",76.37,"Available",6,57.50697160000001,"58.0"
139792,"SHARP","2T-C42BG1X","Malaysia",105.415,"LCD (LED)",47.72,"Available",5.5,41.5018855,"42.0"
139816,"AKAI","AK6521S6WOS","China",163.896,"LCD (LED)",92.66,"Available",6,64.5258552,"65.0"
139901,"KONKA","KUD55WT808AN","China",138.783,"LCD (LED)",92.33,"Available",5,54.63886709999999,"55.0"
139901,"KONKA","UDG55NR680ANTS","China",138.783,"LCD (LED)",92.33,"Available",5,54.63886709999999,"55.0"
139901,"KONKA","55AN","China",138.783,"LCD (LED)",92.33,"Available",5,54.63886709999999,"55.0"
139909,"HISENSE","85A7G","China",214.783,"LCD (LED)",172.02,"Available",5.5,84.5600671,"85.0"
139965,"SAMSUNG ELECTRONICS","UA70AU7000W","Vietnam",176.497,"LCD (LED)",135,"Available",5,69.4868689,"70.0"
139965,"SAMSUNG ELECTRONICS","UA70AU7000S","Vietnam",176.497,"LCD (LED)",135,"Available",5,69.4868689,"70.0"
139965,"SAMSUNG ELECTRONICS","UA70AU7000","Vietnam",176.497,"LCD (LED)",135,"Available",5,69.4868689,"70.0"
140034,"KONKA","UDG50NR680ANTS","China",125.731,"LCD (LED)",75.43,"Available",5,49.5002947,"50.0"
140034,"KONKA","KUD50WT808AN","China",125.731,"LCD (LED)",75.43,"Available",5,49.5002947,"50.0"
140034,"KONKA","50AN","China",125.731,"LCD (LED)",75.43,"Available",5,49.5002947,"50.0"
140041,"METZ","65MXD9500A","China,Indonesia",164.249,"OLED",139.4,"Available",4,64.6648313,"65.0"
140042,"METZ","55MXD9500A","China,Indonesia",138.554,"OLED",103.3,"Available",4,54.5487098,"55.0"
140075,"SAMSUNG ELECTRONICS","UA40T6500AS","Vietnam",100.305,"LCD (LED)",59,"Available",4,39.4900785,"40.0"
140130,"PHILIPS","24HFL3011T/12","Poland",59.687,"LCD (LED)",17.38,"Available",6,23.498771899999998,"24.0"
140286,"PHILIPS","43HFL5011T/12","Poland",108.037,"LCD (LED)",43.23,"Available",6,42.5341669,"43.0"
140289,"PHILIPS","49HFL5011T/12","Poland",123.17,"LCD (LED)",47.37,"Available",7,48.492029,"49.0"
140292,"PHILIPS","55HFL5011T/12","Poland",138.935,"LCD (LED)",54.84,"Available",7,54.6987095,"55.0"
140296,"PHILIPS","65HFL7111T/12","Poland",163.655,"LCD (LED)",131.3,"Available",4.5,64.4309735,"65.0"
140297,"PHILIPS","55HFL7011T/12","Poland",138.798,"LCD (LED)",140.3,"Available",3,54.6447726,"55.0"
140332,"SAMSUNG ELECTRONICS","QA98QN90AAW","Vietnam",247.691,"LCD (LED)",308,"Available",4.5,97.5159467,"98.0"
140332,"SAMSUNG ELECTRONICS","QA98QN90AAS","Vietnam",247.691,"LCD (LED)",308,"Available",4.5,97.5159467,"98.0"
140334,"EKO","K55USW","China",138.783,"LCD (LED)",84.82,"Available",5,54.63886709999999,"55.0"
140365,"AKAI","AK5021S6WOS","China",125.731,"LCD (LED)",55.35,"Available",6,49.5002947,"50.0"
140373,"AKAI","AK7521S6WOS","China",189.273,"LCD (LED)",106.97,"Available",6,74.51678009999999,"75.0"
140426,"TOSHIBA","55Z770KP","China",138.783,"LCD (LED)",103.48,"Available",4,54.63886709999999,"55.0"
140441,"EKO","K32HSW","China",80.039,"LCD (LED)",36.95,"Available",4.5,31.5113543,"32.0"
140455,"TOSHIBA","65Z770KP","China",163.896,"LCD (LED)",132.81,"Available",4.5,64.5258552,"65.0"
140475,"DGTEC","DG65UHDOS","China",163.897,"LCD (LED)",96.3,"Available",6,64.5262489,"65.0"
140494,"AKAI","AK7021S6WOS","China",176.592,"LCD",100.2,"Available",6,69.5242704,"70.0"
140695,"BLAUPUNKT","BP65WOS","China",163.888,"LCD (LED)",127.8,"Available",4.5,64.5227056,"65.0"
140714,"Altius","AT24CFHD-BCF","China",59.774,"LCD (LED)",18,"Available",6,23.5330238,"24.0"
140784,"Shenzhen Xinchaoda Technology Co., Ltd","LEQ65W722","China",163.896,"LCD (LED)",100.64,"Available",6,64.5258552,"65.0"
140827,"MYVI","UR-LED2401DVD","China",60.319,"LCD",21.96,"Available",5,23.747590300000002,"24.0"
140849,"Sharp","8T-C60DW1X","Malaysia",152.663,"LCD (LED)",138,"Available",4,60.1034231,"60.0"
140924,"Altius","LS24C12V","China",59.774,"LCD (LED)",18,"Available",6,23.5330238,"24.0"
140925,"AKAI","AK2421FHD","China",59.774,"LCD (LED)",18,"Available",6,23.5330238,"24.0"
140925,"AKAI","AK2421HD","China",59.774,"LCD (LED)",18,"Available",6,23.5330238,"24.0"
140925,"AKAI","AK2421S5D","China",59.774,"LCD (LED)",18,"Available",6,23.5330238,"24.0"
140930,"HISENSE","50A6G","China",125.731,"LCD (LED)",67.65,"Available",5,49.5002947,"50.0"
140943,"EKO","K320HSG","China",80.039,"LCD (LED)",25.92,"Available",5.5,31.5113543,"32.0"
140955,"HISENSE","58A6G","China",146.068,"LCD (LED)",80.04,"Available",5.5,57.50697160000001,"58.0"
140988,"HISENSE","75U9G","China",189.274,"LCD (LED)",167.08,"Available",4.5,74.5171738,"75.0"
140992,"JVC","JV75ID7A2021Q","China",189.268,"LCD (LED)",126,"Available",4,74.5148116,"75.0"
140994,"JVC","JV58ID7A2021UN","China",145.865,"LCD (LED)",105.8,"Available",4,57.4270505,"58.0"
141068,"HISENSE","65U9G","China",163.896,"LCD (LED)",152.07,"Available",3.5,64.5258552,"65.0"
141093,"HISENSE","70A6G","China",176.57,"LCD (LED)",106.02,"Available",6,69.515609,"70.0"
141104,"LG","50UR765H0VA","Indonesia,South Korea",125.727,"LCD (LED)",78,"Available",4.5,49.4987199,"50.0"
141105,"LG","55UR765H0VA","Indonesia,South Korea",138.783,"LCD (LED)",80,"Available",5.5,54.63886709999999,"55.0"
141106,"LG","65UR765H0VD","Indonesia,South Korea",163.897,"LCD (LED)",115,"Available",5,64.5262489,"65.0"
141108,"LG","75UR765H0VD","Indonesia,South Korea",189.275,"LCD (LED)",140,"Available",5.5,74.5175675,"75.0"
141142,"VEON","VN50WOS2021","China",125.725,"LCD (LED)",92.8,"Available",3.5,49.4979325,"50.0"
141193,"KOGAN","KALED42RT9220SVA","China",105.415,"LCD (LED)",41.38,"Available",6,41.5018855,"42.0"
141237,"KOGAN","KALED24RT9220SVA","China",59.824,"LCD (LED)",17.74,"Available",5.5,23.552708799999998,"24.0"
141271,"KOGAN","KALED32RT9220SVA","China",80.039,"LCD (LED)",25.92,"Available",5.5,31.5113543,"32.0"
141284,"PHILIPS","50PUT7906/75","China",125.741,"LCD (LED)",93.12,"Available",3.5,49.5042317,"50.0"
141284,"PHILIPS","50PUT7906/79","China",125.741,"LCD (LED)",93.12,"Available",3.5,49.5042317,"50.0"
141291,"PHILIPS","70PUT7906/79","China",176.566,"LCD (LED)",146.3,"Available",4.5,69.5140342,"70.0"
141291,"PHILIPS","70PUT7906/75","China",176.566,"LCD (LED)",146.3,"Available",4.5,69.5140342,"70.0"
141293,"PHILIPS","65PUT7906/79","China",163.897,"LCD (LED)",128.4,"Available",4.5,64.5262489,"65.0"
141293,"PHILIPS","65PUT7906/75","China",163.897,"LCD (LED)",128.4,"Available",4.5,64.5262489,"65.0"
141305,"BLAUPUNKT","BP85WOS","China",214.783,"LCD",306.3,"Available",3,84.5600671,"85.0"
141307,"BLAUPUNKT","BP75WOS","China",189.321,"LCD",219,"Available",3.5,74.5356777,"75.0"
141325,"SMTV","55JIL0721-1","China",138.798,"LCD (LED)",94.22,"Available",4.5,54.6447726,"55.0"
141325,"SMTV","LD55UDS-F1","China",138.798,"LCD (LED)",94.22,"Available",4.5,54.6447726,"55.0"
141379,"SAMSUNG ELECTRONICS","UA43AU7002S","China,Vietnam",107.956,"LCD (LED)",64,"Available",4.5,42.5022772,"43.0"
141614,"SMTV","65JIL0721-1","China",163.791,"LCD (LED)",108.56,"Available",5.5,64.4845167,"65.0"
141614,"SMTV","LD65UDS-F1","China",163.791,"LCD (LED)",108.56,"Available",5.5,64.4845167,"65.0"
141620,"KOGAN","KALED75RT9220SVA","China",189.32,"LCD (LED)",208.8,"Available",4,74.53528399999999,"75.0"
141655,"PHILIPS","43HFL5214U/97","China",107.986,"LCD (LED)",51.04,"Available",5,42.5140882,"43.0"
141655,"PHILIPS","43BFL2214/97","China",107.986,"LCD (LED)",51.04,"Available",5,42.5140882,"43.0"
141656,"PHILIPS","75BFL2214/97","China",189.274,"LCD (LED)",111.72,"Available",6,74.5171738,"75.0"
141658,"PHILIPS","55PUT7906/79","China",138.783,"LCD (LED)",105.46,"Available",4,54.63886709999999,"55.0"
141658,"PHILIPS","55PUT7906/75","China",138.783,"LCD (LED)",105.46,"Available",4,54.63886709999999,"55.0"
141716,"Polaroid","PL6521OS","China",163.896,"LCD (LED)",95.274,"Available",6,64.5258552,"65.0"
141748,"AKAI","AK3221S6WOS","China",80.054,"LCD (LED)",25.5,"Available",6,31.5172598,"32.0"
141777,"EKO","K240HSG","China",59.824,"LCD (LED)",17.74,"Available",5.5,23.552708799999998,"24.0"
141784,"PHILIPS","50HFL5214U/97","China",125.741,"LCD (LED)",62.33,"Available",5.5,49.5042317,"50.0"
141784,"PHILIPS","50BFL2214/97","China",125.741,"LCD (LED)",62.33,"Available",5.5,49.5042317,"50.0"
141792,"PHILIPS","65HFL5214U/97","China",163.897,"LCD (LED)",94.45,"Available",5.5,64.5262489,"65.0"
141792,"PHILIPS","65BFL2214/97","China",163.897,"LCD (LED)",94.45,"Available",5.5,64.5262489,"65.0"
141806,"PHILIPS","55HFL5214U/97","China",138.783,"LCD (LED)",70.66,"Available",5.5,54.63886709999999,"55.0"
141806,"PHILIPS","55BFL2214/97","China",138.783,"LCD (LED)",70.66,"Available",5.5,54.63886709999999,"55.0"
141823,"WALTON","43D210N","Bangladesh",109.275,"LCD (LED)",36.4,"Available",7,43.0215675,"43.0"
141823,"WALTON","W43D210N","Bangladesh",109.275,"LCD (LED)",36.4,"Available",7,43.0215675,"43.0"
141823,"WALTON","W43D210NAU","Bangladesh",109.275,"LCD (LED)",36.4,"Available",7,43.0215675,"43.0"
141828,"VEON","VN55WOS2022","China",138.783,"LCD (LED)",105.9,"Available",4,54.63886709999999,"55.0"
142035,"BLAUPUNKT","BP650USG9500","China",163.896,"LCD",126.93,"Available",4.5,64.5258552,"65.0"
142036,"EKO","K40FSW","China",100.332,"LCD (LED)",54.5,"Available",4.5,39.50070839999999,"40.0"
142044,"Polaroid","PL3221OS","China",80.054,"LCD (LED)",25.5,"Available",6,31.5172598,"32.0"
142136,"SAMSUNG ELECTRONICS","QA55Q95TDW","Vietnam",138.783,"LCD (LED)",140,"Available",3,54.63886709999999,"55.0"
142136,"SAMSUNG ELECTRONICS","QA55Q95TDS","Vietnam",138.783,"LCD (LED)",140,"Available",3,54.63886709999999,"55.0"
142137,"SAMSUNG ELECTRONICS","QA65Q95TDW","Vietnam",163.897,"LCD (LED)",205,"Available",2.5,64.5262489,"65.0"
142137,"SAMSUNG ELECTRONICS","QA65Q95TDS","Vietnam",163.897,"LCD (LED)",205,"Available",2.5,64.5262489,"65.0"
142140,"SAMSUNG ELECTRONICS","QA75Q95TDW","Vietnam",189.338,"LCD (LED)",237,"Available",3,74.5423706,"75.0"
142151,"Panasonic","TH-32JS610Z","China",80.054,"LCD (LED)",28.33,"Available",5,31.5172598,"32.0"
142153,"Panasonic","TH-43JS610Z","China",108.124,"LCD (LED)",38.85,"Available",6,42.568418799999996,"43.0"
142168,"ShareTV","ST1922G","China",54.392,"LCD",28.1,"Available",3,21.4141304,"22.0"
142171,"kogan","KAQLED55XQ9610STA","China",138.711,"LCD",113,"Available",4,54.6105207,"55.0"
142174,"PHILIPS","55OLED706/75","China",138.783,"LCD (LED)",148,"Available",2.5,54.63886709999999,"55.0"
142174,"PHILIPS","55OLED706/79","China",138.783,"LCD (LED)",148,"Available",2.5,54.63886709999999,"55.0"
142181,"BLAUPUNKT","BP4000F","China",100.332,"LCD (LED)",57.3,"Available",4.5,39.50070839999999,"40.0"
142195,"VEON","VN40WOS2021","China",100.353,"LCD (LED)",47.3,"Available",5,39.5089761,"40.0"
142214,"Stan Cash","TV185CLEARA","China",46.787,"LCD (LED)",16.1569,"Available",5,18.4200419,"19.0"
142225,"PHILIPS","75PUT7906/79","China",189.275,"LCD (LED)",169.26,"Available",4.5,74.5175675,"75.0"
142225,"PHILIPS","75PUT7906/75","China",189.275,"LCD (LED)",169.26,"Available",4.5,74.5175675,"75.0"
142241,"Caixun","LE-40V1","China",100.332,"LCD (LED)",38.92,"Available",6,39.50070839999999,"40.0"
142382,"kogan","KALED43XT9610STA","China",107.95,"LCD",65,"Available",4.5,42.499915,"43.0"
142395,"PHILIPS","65PML9506/79","China",163.897,"LCD (LED)",180,"Available",3,64.5262489,"65.0"
142395,"PHILIPS","65PML9506/75","China",163.897,"LCD (LED)",180,"Available",3,64.5262489,"65.0"
142402,"SAMSUNG ELECTRONICS","HG43AJ690YK","Vietnam",107.987,"LCD (LED)",69,"Available",4,42.5144819,"43.0"
142403,"SAMSUNG ELECTRONICS","HG55AJ690YK","Vietnam",138.783,"LCD (LED)",91,"Available",5,54.63886709999999,"55.0"
142408,"SAMSUNG ELECTRONICS","HG50AJ690YK","Vietnam",125.727,"LCD (LED)",85,"Available",4.5,49.4987199,"50.0"
142409,"SAMSUNG ELECTRONICS","HG65AJ690YK","Vietnam",163.897,"LCD (LED)",116,"Available",5,64.5262489,"65.0"
142410,"SAMSUNG ELECTRONICS","HG75AJ690YK","Vietnam",189.333,"LCD (LED)",154,"Available",5,74.5404021,"75.0"
142421,"SAMSUNG ELECTRONICS","UA50AU7002S","China",125.727,"LCD (LED)",71,"Available",5,49.4987199,"50.0"
142458,"EKO","K45FSW","China",116.809,"LCD",66.49,"Available",5,45.9877033,"46.0"
142461,"BLAUPUNKT","BP400FSG9200","China",100.305,"LCD",35.8,"Available",6,39.4900785,"40.0"
142463,"kogan","KAQLED75XQ9610STA","China",189.306,"LCD",182,"Available",4.5,74.5297722,"75.0"
142475,"PHILIPS","43HFL6214U/12","China",107.987,"LCD (LED)",53.2,"Available",5,42.5144819,"43.0"
142478,"PHILIPS","50HFL6214U/12","China",125.741,"LCD (LED)",64.01,"Available",5,49.5042317,"50.0"
142481,"PHILIPS","75HFL6214U/12","China",189.275,"LCD (LED)",109.86,"Available",6,74.5175675,"75.0"
142508,"PHILIPS","75PML9506/79","China",189.274,"LCD (LED)",195,"Available",3.5,74.5171738,"75.0"
142508,"PHILIPS","75PML9506/75","China",189.274,"LCD (LED)",195,"Available",3.5,74.5171738,"75.0"
142509,"PHILIPS","58HFL6214U/12","China",146.068,"LCD (LED)",72.81,"Available",6,57.50697160000001,"58.0"
142510,"PHILIPS","65HFL6214U/12","China",163.897,"LCD (LED)",94.36,"Available",5.5,64.5262489,"65.0"
142563,"KOGAN","KALED24EH7520SVA","China",59.824,"LCD (LED)",18.4,"Available",5,23.552708799999998,"24.0"
142575,"MYVI","UR-LED2402NS","China",60.095,"LCD (LED)",20.12,"Available",5,23.659401499999998,"24.0"
142636,"SAMSUNG ELECTRONICS","UA55AU7002S","China",138.783,"LCD (LED)",77,"Available",5.5,54.63886709999999,"55.0"
142654,"CHiQ","U75F8T","China",189.324,"LCD (LED)",138,"Available",5.5,74.5368588,"75.0"
142661,"LG","65QNED916QA","Indonesia",163.897,"LCD (LED)",120,"Available",5,64.5262489,"65.0"
142663,"kogan","KAQLED65XQ9610STA","China",163.829,"LCD",156,"Available",4,64.4994773,"65.0"
142691,"EKO","K58USG","China",146.068,"LCD",94.12,"Available",5,57.50697160000001,"58.0"
142701,"EKO","K75USW","China",189.274,"LCD",206.62,"Available",4,74.5171738,"75.0"
142704,"EKO","K70USW","China",176.538,"LCD",167.26,"Available",4,69.50301060000001,"70.0"
142739,"Shenzhen Xinchaoda Technology Co., Ltd","LEQ55A722","China",138.783,"LCD (LED)",103.61,"Available",4.5,54.63886709999999,"55.0"
142745,"Shenzhen Xinchaoda Technology Co., Ltd","LEQ55W722","China",138.783,"LCD (LED)",98.45,"Available",4.5,54.63886709999999,"55.0"
142747,"Shenzhen Xinchaoda Technology Co., Ltd","LEQ65A722","China",163.896,"LCD (LED)",109.48,"Available",5.5,64.5258552,"65.0"
142796,"LG","50UR767H3VC","Indonesia",125.727,"LCD (LED)",78,"Available",4.5,49.4987199,"50.0"
142797,"LG","55UR767H3VC","Indonesia",138.783,"LCD (LED)",101,"Available",4.5,54.63886709999999,"55.0"
142798,"LG","65UR767H3VC","Indonesia",163.897,"LCD (LED)",118,"Available",5,64.5262489,"65.0"
142807,"kogan","KALED40RF9220STB","China",100.305,"LCD (LED)",40,"Available",6,39.4900785,"40.0"
142807,"kogan","KALED40RF9210STB","China",100.305,"LCD (LED)",40,"Available",6,39.4900785,"40.0"
142813,"Linsar","LS65UHDNF","China",163.896,"LCD (LED)",95.274,"Available",6,64.5258552,"65.0"
142849,"PHILIPS","19HFL5214W/12","China",47.013,"LCD (LED)",15.12,"Available",5,18.5090181,"19.0"
142898,"JVC","LT-32N3115AM","China",79.744,"LCD",32.7,"Available",5,31.3952128,"31.0"
142970,"Sony","KD-43X75K","Vietnam",107.95,"LCD (LED)",70,"Available",4,42.499915,"43.0"
142973,"Sony","KD-50X75K","Vietnam",125.725,"LCD (LED)",84,"Available",4.5,49.4979325,"50.0"
142983,"JVC","LT-42N5125A","China",105.396,"LCD",57.6,"Available",4.5,41.4944052,"42.0"
142985,"JVC","LT-55NQ7105AM","China",138.798,"LCD",100.2,"Available",4,54.6447726,"55.0"
142986,"JVC","LT-50NQ7115A","China",125.365,"LCD",84.4,"Available",4,49.3562005,"49.0"
143011,"KOGAN","KALED43RT9220SVA","China",107.987,"LCD (LED)",47.23,"Available",5.5,42.5144819,"43.0"
143011,"KOGAN","KALED43RT9220SVB","China",107.987,"LCD (LED)",47.23,"Available",5.5,42.5144819,"43.0"
143011,"KOGAN","KALED43RT9220SVC","China",107.987,"LCD (LED)",47.23,"Available",5.5,42.5144819,"43.0"
143011,"KOGAN","KALED43RT9220SVD","China",107.987,"LCD (LED)",47.23,"Available",5.5,42.5144819,"43.0"
143011,"KOGAN","LE-43series","China",107.987,"LCD (LED)",47.23,"Available",5.5,42.5144819,"43.0"
143012,"KOGAN","KALED50RT9220SVA","China",125.731,"LCD (LED)",50.6,"Available",6,49.5002947,"50.0"
143012,"KOGAN","KALED50RT9220SVB","China",125.731,"LCD (LED)",50.6,"Available",6,49.5002947,"50.0"
143012,"KOGAN","KALED50RT9220SVC","China",125.731,"LCD (LED)",50.6,"Available",6,49.5002947,"50.0"
143012,"KOGAN","KALED50RT9220SVD","China",125.731,"LCD (LED)",50.6,"Available",6,49.5002947,"50.0"
143012,"KOGAN","LE-50series","China",125.731,"LCD (LED)",50.6,"Available",6,49.5002947,"50.0"
143013,"KOGAN","KAQLED55RQ9510SVA","China",138.783,"LCD (LED)",53.64,"Available",6,54.63886709999999,"55.0"
143013,"KOGAN","KAQLED55RQ9510SVB","China",138.783,"LCD (LED)",53.64,"Available",6,54.63886709999999,"55.0"
143013,"KOGAN","KAQLED55RQ9510SVC","China",138.783,"LCD (LED)",53.64,"Available",6,54.63886709999999,"55.0"
143013,"KOGAN","KAQLED55RQ9510SVD","China",138.783,"LCD (LED)",53.64,"Available",6,54.63886709999999,"55.0"
143013,"KOGAN","LE-55series","China",138.783,"LCD (LED)",53.64,"Available",6,54.63886709999999,"55.0"
143014,"KOGAN","KALED58RT9220SVA","China",146.068,"LCD (LED)",65.21,"Available",6,57.50697160000001,"58.0"
143014,"KOGAN","KALED58RT9220SVB","China",146.068,"LCD (LED)",65.21,"Available",6,57.50697160000001,"58.0"
143014,"KOGAN","KALED58RT9220SVC","China",146.068,"LCD (LED)",65.21,"Available",6,57.50697160000001,"58.0"
143014,"KOGAN","KALED58RT9220SVD","China",146.068,"LCD (LED)",65.21,"Available",6,57.50697160000001,"58.0"
143014,"KOGAN","LE-58series","China",146.068,"LCD (LED)",65.21,"Available",6,57.50697160000001,"58.0"
143036,"Caixun","EC32T1HN","China",80.039,"LCD (LED)",25.92,"Available",5.5,31.5113543,"32.0"
143036,"Caixun","EC32T2HN","China",80.039,"LCD (LED)",25.92,"Available",5.5,31.5113543,"32.0"
143036,"Caixun","EC32T1HA","China",80.039,"LCD (LED)",25.92,"Available",5.5,31.5113543,"32.0"
143036,"Caixun","EC32T2HA","China",80.039,"LCD (LED)",25.92,"Available",5.5,31.5113543,"32.0"
143036,"Caixun","EC32V1HA","China",80.039,"LCD (LED)",25.92,"Available",5.5,31.5113543,"32.0"
143036,"Caixun","EC32V2HA","China",80.039,"LCD (LED)",25.92,"Available",5.5,31.5113543,"32.0"
143036,"Caixun","EC32V1HN","China",80.039,"LCD (LED)",25.92,"Available",5.5,31.5113543,"32.0"
143036,"Caixun","EC32T1N","China",80.039,"LCD (LED)",25.92,"Available",5.5,31.5113543,"32.0"
143036,"Caixun","EC32T3H","China",80.039,"LCD (LED)",25.92,"Available",5.5,31.5113543,"32.0"
143036,"Caixun","*****32*****","China",80.039,"LCD (LED)",25.92,"Available",5.5,31.5113543,"32.0"
143036,"Caixun","LE-32V1","China",80.039,"LCD (LED)",25.92,"Available",5.5,31.5113543,"32.0"
143083,"BLAUPUNKT","BP3200HDV7100","China",80.039,"LCD",34.48,"Available",5,31.5113543,"32.0"
143106,"KONIC","KKD32SG396A","China",80.04,"LCD (LED)",27.42,"Available",6,31.511748,"32.0"
143107,"Sony","KD-32W830K","Vietnam",80.054,"LCD (LED)",34.7,"Available",4.5,31.5172598,"32.0"
143109,"KONIC","KKD42SG378A","China",105.415,"LCD (LED)",46.99,"Available",5.5,41.5018855,"42.0"
143110,"KONIC","KUD50SG696AS","China",125.731,"LCD (LED)",46.11,"Available",7,49.5002947,"50.0"
143111,"KONIC","KUD55SG696AS","China",138.783,"LCD (LED)",57.97,"Available",7,54.63886709999999,"55.0"
143112,"KONIC","KUD65SG696AS","China",163.896,"LCD (LED)",100.78,"Available",6,64.5258552,"65.0"
143114,"KONIC","KUD75SG692AS","China",189.34,"LCD (LED)",153.24,"Available",5,74.543158,"75.0"
143134,"KONKA","KUD75WT808AN","China",189.274,"LCD",161.64,"Available",5,74.5171738,"75.0"
143136,"KOGAN","KALED40RT9220SVA","China",100.332,"LCD (LED)",34.52,"Available",6,39.50070839999999,"40.0"
143136,"KOGAN","KALED40RT9220SVB","China",100.332,"LCD (LED)",34.52,"Available",6,39.50070839999999,"40.0"
143136,"KOGAN","KALED40RT9220SVC","China",100.332,"LCD (LED)",34.52,"Available",6,39.50070839999999,"40.0"
143136,"KOGAN","KALED40RT9220SVD","China",100.332,"LCD (LED)",34.52,"Available",6,39.50070839999999,"40.0"
143136,"KOGAN","*****40*****","China",100.332,"LCD (LED)",34.52,"Available",6,39.50070839999999,"40.0"
143167,"LG","55UP801C0TB","Indonesia",138.783,"LCD (LED)",115,"Available",4,54.63886709999999,"55.0"
143169,"LG","65UP801C0TB","Indonesia",163.897,"LCD (LED)",144,"Available",4,64.5262489,"65.0"
143170,"Caixun","EC40V1FA","China",100.332,"LCD (LED)",34.52,"Available",6,39.50070839999999,"40.0"
143170,"Caixun","LE-40T1","China",100.332,"LCD (LED)",34.52,"Available",6,39.50070839999999,"40.0"
143170,"Caixun","LE-40T2","China",100.332,"LCD (LED)",34.52,"Available",6,39.50070839999999,"40.0"
143170,"Caixun","LE-40T3","China",100.332,"LCD (LED)",34.52,"Available",6,39.50070839999999,"40.0"
143170,"Caixun","LE-40V2","China",100.332,"LCD (LED)",34.52,"Available",6,39.50070839999999,"40.0"
143170,"Caixun","LE-40V3","China",100.332,"LCD (LED)",34.52,"Available",6,39.50070839999999,"40.0"
143170,"Caixun","*****40*****","China",100.332,"LCD (LED)",34.52,"Available",6,39.50070839999999,"40.0"
143215,"BLAUPUNKT","BP2400HDV7100","China",59.824,"LCD (LED)",20.5,"Available",5,23.552708799999998,"24.0"
143234,"SAMSUNG ELECTRONICS","UA65AU7002S","China",163.896,"LCD (LED)",113,"Available",5.5,64.5258552,"65.0"
143237,"EKO","K430USGQ","China",107.987,"LCD",51.49,"Available",5.5,42.5144819,"43.0"
143238,"EKO","K75QHZ","China",189.34,"LCD",227.32,"Available",3.5,74.543158,"75.0"
143240,"EKO","K500USG","China",125.731,"LCD",54.82,"Available",6,49.5002947,"50.0"
143272,"LG","65QNED91SQA","Indonesia",163.897,"LCD (LED)",120,"Available",5,64.5262489,"65.0"
143273,"LG","75QNED91SQA","Indonesia",189.275,"LCD (LED)",158,"Available",5,74.5175675,"75.0"
143274,"LG","75QNED916QA","Indonesia",189.275,"LCD (LED)",158,"Available",5,74.5175675,"75.0"
143275,"LG","86QNED91SQA","Indonesia",217.425,"LCD (LED)",184,"Available",5.5,85.6002225,"86.0"
143276,"LG","86QNED916QA","Indonesia",217.425,"LCD (LED)",184,"Available",5.5,85.6002225,"86.0"
143277,"LG","OLED48A2PSA","Indonesia",120.721,"OLED",76,"Available",4.5,47.5278577,"48.0"
143278,"LG","OLED55A2PSA","Indonesia",138.783,"OLED",86,"Available",5,54.63886709999999,"55.0"
143279,"LG","OLED55A26LA","Indonesia",138.783,"OLED",86,"Available",5,54.63886709999999,"55.0"
143280,"LG","OLED55B2PSA","Indonesia",138.783,"OLED",102,"Available",4.5,54.63886709999999,"55.0"
143281,"LG","OLED55C2PSC","Indonesia",138.783,"OLED",95,"Available",4.5,54.63886709999999,"55.0"
143282,"LG","OLED55C24LA","Indonesia",138.783,"OLED",95,"Available",4.5,54.63886709999999,"55.0"
143283,"LG","OLED65A2PSA","Indonesia",163.897,"OLED",107,"Available",5.5,64.5262489,"65.0"
143284,"LG","OLED65A26LA","Indonesia",163.897,"OLED",107,"Available",5.5,64.5262489,"65.0"
143285,"LG","OLED65B2PSA","Indonesia",163.897,"OLED",126,"Available",5,64.5262489,"65.0"
143286,"LG","OLED65C2PSC","Indonesia",163.897,"OLED",112,"Available",5.5,64.5262489,"65.0"
143287,"LG","OLED65C24LA","Indonesia",163.897,"OLED",112,"Available",5.5,64.5262489,"65.0"
143288,"LG","OLED77C2PSC","Indonesia",194.738,"OLED",140,"Available",6,76.6683506,"77.0"
143289,"LG","OLED77C24LA","Indonesia",194.738,"OLED",140,"Available",6,76.6683506,"77.0"
143290,"LG","OLED83C2PSA","Indonesia",209.585,"OLED",179,"Available",5.5,82.5136145,"83.0"
143291,"LG","OLED83C24LA","Indonesia",209.585,"OLED",179,"Available",5.5,82.5136145,"83.0"
143338,"BAUHN","ATV42FHDW-1221","China",105.396,"LCD",42.3,"Available",6,41.4944052,"42.0"
143415,"JVC","JV65ID7A2021QN","China",163.878,"LCD (LED)",160,"Available",3.5,64.51876859999999,"65.0"
143446,"LG","OLED42C2PSA","Indonesia",105.52,"OLED",63,"Available",4.5,41.543223999999995,"42.0"
143447,"LG","OLED42C24LA","Indonesia",105.52,"OLED",63,"Available",4.5,41.543223999999995,"42.0"
143448,"LG","OLED48C2PSA","Indonesia",120.721,"OLED",77,"Available",4.5,47.5278577,"48.0"
143449,"LG","OLED48C24LA","Indonesia",120.721,"OLED",77,"Available",4.5,47.5278577,"48.0"
143450,"LG","43NANO75SQA","Indonesia",107.987,"LCD (LED)",75,"Available",3.5,42.5144819,"43.0"
143451,"LG","43NANO756QA","Indonesia",107.987,"LCD (LED)",75,"Available",3.5,42.5144819,"43.0"
143454,"LG","43UQ75006LF","Indonesia",107.987,"LCD (LED)",77,"Available",3.5,42.5144819,"43.0"
143455,"LG","50NANO75SQA","Indonesia",125.727,"LCD (LED)",90,"Available",4,49.4987199,"50.0"
143457,"LG","50NANO756QA","Indonesia",125.727,"LCD (LED)",90,"Available",4,49.4987199,"50.0"
143458,"LG","50QNED80SQA","Indonesia",125.727,"LCD (LED)",80,"Available",4.5,49.4987199,"50.0"
143459,"LG","50QNED806QA","Indonesia",125.727,"LCD (LED)",80,"Available",4.5,49.4987199,"50.0"
143460,"LG","50UQ80006LB","Indonesia",125.727,"LCD (LED)",78,"Available",4.5,49.4987199,"50.0"
143462,"LG","55NANO75SQA","Indonesia",138.783,"LCD (LED)",114,"Available",4,54.63886709999999,"55.0"
143463,"LG","55NANO756QA","Indonesia",138.783,"LCD (LED)",114,"Available",4,54.63886709999999,"55.0"
143464,"LG","55QNED80SQA","Indonesia",138.783,"LCD (LED)",94,"Available",4.5,54.63886709999999,"55.0"
143465,"LG","55QNED806QA","Indonesia",138.783,"LCD (LED)",94,"Available",4.5,54.63886709999999,"55.0"
143466,"LG","55UQ80006LB","Indonesia",138.783,"LCD (LED)",98,"Available",4.5,54.63886709999999,"55.0"
143467,"LG","65NANO75SQA","Indonesia",163.897,"LCD (LED)",144,"Available",4,64.5262489,"65.0"
143469,"LG","65NANO756QA","Indonesia",163.897,"LCD (LED)",144,"Available",4,64.5262489,"65.0"
143470,"LG","65QNED80SQA","Indonesia",163.897,"LCD (LED)",118,"Available",5,64.5262489,"65.0"
143471,"LG","65QNED806QA","Indonesia",163.897,"LCD (LED)",118,"Available",5,64.5262489,"65.0"
143472,"LG","65UQ91006LA","Indonesia",163.897,"LCD (LED)",148,"Available",4,64.5262489,"65.0"
143473,"LG","75NANO75SQA","Indonesia",189.275,"LCD (LED)",181,"Available",4.5,74.5175675,"75.0"
143474,"LG","75NANO756QA","Indonesia",189.275,"LCD (LED)",181,"Available",4.5,74.5175675,"75.0"
143475,"LG","75QNED80SQA","Indonesia",189.275,"LCD (LED)",134,"Available",5.5,74.5175675,"75.0"
143476,"LG","75QNED806QA","Indonesia",189.275,"LCD (LED)",134,"Available",5.5,74.5175675,"75.0"
143477,"LG","75QNED96SQA","Indonesia",189.275,"LCD (LED)",172,"Available",4.5,74.5175675,"75.0"
143479,"LG","86NANO75SQA","Indonesia",217.425,"LCD (LED)",250,"Available",4,85.6002225,"86.0"
143480,"LG","86NANO756QA","Indonesia",217.425,"LCD (LED)",250,"Available",4,85.6002225,"86.0"
143481,"LG","86UQ9000PSD","Indonesia",217.425,"LCD (LED)",250,"Available",4,85.6002225,"86.0"
143486,"METZ","86MUC8500A","China",217.427,"LCD (LED)",214.72,"Available",4.5,85.6010099,"86.0"
143524,"SAMSUNG ELECTRONICS","QA55Q70BAW","Vietnam",138.783,"LCD (LED)",114,"Available",4,54.63886709999999,"55.0"
143524,"SAMSUNG ELECTRONICS","QA55Q70BAS","Vietnam",138.783,"LCD (LED)",114,"Available",4,54.63886709999999,"55.0"
143524,"SAMSUNG ELECTRONICS","QA55Q70BA*","Vietnam",138.783,"LCD (LED)",114,"Available",4,54.63886709999999,"55.0"
143525,"SAMSUNG ELECTRONICS","UA75BU8000W","Vietnam",189.338,"LCD (LED)",157,"Available",5,74.5423706,"75.0"
143525,"SAMSUNG ELECTRONICS","UA75BU8000S","Vietnam",189.338,"LCD (LED)",157,"Available",5,74.5423706,"75.0"
143525,"SAMSUNG ELECTRONICS","UA75BU8000*","Vietnam",189.338,"LCD (LED)",157,"Available",5,74.5423706,"75.0"
143527,"SAMSUNG ELECTRONICS","UA60BU8000S","Vietnam",152.663,"LCD (LED)",104,"Available",5,60.1034231,"60.0"
143529,"SAMSUNG ELECTRONICS","UA85BU8000W","Vietnam",214.783,"LCD (LED)",202,"Available",5,84.5600671,"85.0"
143529,"SAMSUNG ELECTRONICS","UA85BU8000S","Vietnam",214.783,"LCD (LED)",202,"Available",5,84.5600671,"85.0"
143529,"SAMSUNG ELECTRONICS","UA85BU8000*","Vietnam",214.783,"LCD (LED)",202,"Available",5,84.5600671,"85.0"
143530,"SAMSUNG ELECTRONICS","UA65BU8000W","Vietnam",163.897,"LCD (LED)",119,"Available",5,64.5262489,"65.0"
143530,"SAMSUNG ELECTRONICS","UA65BU8000S","Vietnam",163.897,"LCD (LED)",119,"Available",5,64.5262489,"65.0"
143530,"SAMSUNG ELECTRONICS","UA65BU8000*","Vietnam",163.897,"LCD (LED)",119,"Available",5,64.5262489,"65.0"
143532,"SAMSUNG ELECTRONICS","UA65BU8500S","Vietnam",163.897,"LCD (LED)",119,"Available",5,64.5262489,"65.0"
143534,"SAMSUNG ELECTRONICS","QA75QN85BAW","Vietnam",189.338,"LCD (LED)",167,"Available",4.5,74.5423706,"75.0"
143534,"SAMSUNG ELECTRONICS","QA75QN85BAS","Vietnam",189.338,"LCD (LED)",167,"Available",4.5,74.5423706,"75.0"
143534,"SAMSUNG ELECTRONICS","QA75QN85BA*","Vietnam",189.338,"LCD (LED)",167,"Available",4.5,74.5423706,"75.0"
143535,"SAMSUNG ELECTRONICS","QA75QN90BAW","Vietnam",189.338,"LCD (LED)",212,"Available",3.5,74.5423706,"75.0"
143535,"SAMSUNG ELECTRONICS","QA75QN90BAS","Vietnam",189.338,"LCD (LED)",212,"Available",3.5,74.5423706,"75.0"
143535,"SAMSUNG ELECTRONICS","QA75QN90BA*","Vietnam",189.338,"LCD (LED)",212,"Available",3.5,74.5423706,"75.0"
143545,"LG","43UQ9000PSD","Indonesia",107.987,"LCD (LED)",75,"Available",3.5,42.5144819,"43.0"
143546,"LG","43UQ91006LA","Indonesia",107.987,"LCD (LED)",75,"Available",3.5,42.5144819,"43.0"
143547,"LG","50UQ9000PSD","Indonesia",125.727,"LCD (LED)",90,"Available",4,49.4987199,"50.0"
143548,"LG","50UQ91006LA","Indonesia",125.727,"LCD (LED)",90,"Available",4,49.4987199,"50.0"
143549,"LG","55NANO806QA","Indonesia",138.783,"LCD (LED)",97,"Available",4.5,54.63886709999999,"55.0"
143550,"LG","55UQ9000PSD","Indonesia",138.783,"LCD (LED)",114,"Available",4,54.63886709999999,"55.0"
143551,"LG","55UQ91006LA","Indonesia",138.783,"LCD (LED)",114,"Available",4,54.63886709999999,"55.0"
143552,"LG","65UQ9000PSD","Indonesia",163.897,"LCD (LED)",148,"Available",4,64.5262489,"65.0"
143553,"LG","75UQ9000PSD","Indonesia",189.275,"LCD (LED)",165,"Available",5,74.5175675,"75.0"
143554,"LG","75UQ91006LA","Indonesia",189.275,"LCD (LED)",165,"Available",5,74.5175675,"75.0"
143555,"LG","86QNED80SQA","Indonesia",217.425,"LCD (LED)",198,"Available",5,85.6002225,"86.0"
143556,"LG","86QNED806QA","Indonesia",217.425,"LCD (LED)",198,"Available",5,85.6002225,"86.0"
143613,"SAMSUNG ELECTRONICS","QA55Q6*BA*","Vietnam",138.783,"LCD (LED)",87,"Available",5,54.63886709999999,"55.0"
143613,"SAMSUNG ELECTRONICS","QA55Q63BAS","Vietnam",138.783,"LCD (LED)",87,"Available",5,54.63886709999999,"55.0"
143613,"SAMSUNG ELECTRONICS","QA55Q60BAW","Vietnam",138.783,"LCD (LED)",87,"Available",5,54.63886709999999,"55.0"
143613,"SAMSUNG ELECTRONICS","QA55Q60BAS","Vietnam",138.783,"LCD (LED)",87,"Available",5,54.63886709999999,"55.0"
143616,"SAMSUNG ELECTRONICS","QA65Q63BAS","Vietnam",163.897,"LCD (LED)",117,"Available",5,64.5262489,"65.0"
143616,"SAMSUNG ELECTRONICS","QA65Q6*BA*","Vietnam",163.897,"LCD (LED)",117,"Available",5,64.5262489,"65.0"
143616,"SAMSUNG ELECTRONICS","QA65Q63BAK","Vietnam",163.897,"LCD (LED)",117,"Available",5,64.5262489,"65.0"
143616,"SAMSUNG ELECTRONICS","QA65Q60BAW","Vietnam",163.897,"LCD (LED)",117,"Available",5,64.5262489,"65.0"
143616,"SAMSUNG ELECTRONICS","QA65Q60BAS","Vietnam",163.897,"LCD (LED)",117,"Available",5,64.5262489,"65.0"
143622,"SAMSUNG ELECTRONICS","QA75Q63BAS","Vietnam",189.338,"LCD (LED)",183,"Available",4.5,74.5423706,"75.0"
143622,"SAMSUNG ELECTRONICS","QA75Q6*BA*","Vietnam",189.338,"LCD (LED)",183,"Available",4.5,74.5423706,"75.0"
143622,"SAMSUNG ELECTRONICS","QA75Q63BAK","Vietnam",189.338,"LCD (LED)",183,"Available",4.5,74.5423706,"75.0"
143622,"SAMSUNG ELECTRONICS","QA75Q60BAW","Vietnam",189.338,"LCD (LED)",183,"Available",4.5,74.5423706,"75.0"
143622,"SAMSUNG ELECTRONICS","QA75Q60BAS","Vietnam",189.338,"LCD (LED)",183,"Available",4.5,74.5423706,"75.0"
143631,"METZ","32MTD6500A","China",80.054,"LCD (LED)",27.2,"Available",5.5,31.5172598,"32.0"
143636,"SAMSUNG ELECTRONICS","QA85Q60BAW","Vietnam",214.783,"LCD (LED)",178,"Available",5.5,84.5600671,"85.0"
143636,"SAMSUNG ELECTRONICS","QA85Q60BAS","Vietnam",214.783,"LCD (LED)",178,"Available",5.5,84.5600671,"85.0"
143636,"SAMSUNG ELECTRONICS","QA85Q60BA*","Vietnam",214.783,"LCD (LED)",178,"Available",5.5,84.5600671,"85.0"
143637,"SAMSUNG ELECTRONICS","QA43Q6*BAS","Vietnam",107.987,"LCD (LED)",70,"Available",4,42.5144819,"43.0"
143637,"SAMSUNG ELECTRONICS","QA43Q63BAS","Vietnam",107.987,"LCD (LED)",70,"Available",4,42.5144819,"43.0"
143637,"SAMSUNG ELECTRONICS","QA43Q60BAS","Vietnam",107.987,"LCD (LED)",70,"Available",4,42.5144819,"43.0"
143638,"SAMSUNG ELECTRONICS","QA50Q6*BAS","Vietnam",125.727,"LCD (LED)",80,"Available",4.5,49.4987199,"50.0"
143638,"SAMSUNG ELECTRONICS","QA50Q63BAS","Vietnam",125.727,"LCD (LED)",80,"Available",4.5,49.4987199,"50.0"
143638,"SAMSUNG ELECTRONICS","QA50Q60BAS","Vietnam",125.727,"LCD (LED)",80,"Available",4.5,49.4987199,"50.0"
143639,"SAMSUNG ELECTRONICS","UA43BU8000S","Vietnam",107.987,"LCD (LED)",73,"Available",4,42.5144819,"43.0"
143639,"SAMSUNG ELECTRONICS","UA43BU8500S","Vietnam",107.987,"LCD (LED)",73,"Available",4,42.5144819,"43.0"
143639,"SAMSUNG ELECTRONICS","UA43BU8*00*","Vietnam",107.987,"LCD (LED)",73,"Available",4,42.5144819,"43.0"
143639,"SAMSUNG ELECTRONICS","UA43BU8000W","Vietnam",107.987,"LCD (LED)",73,"Available",4,42.5144819,"43.0"
143647,"kogan","KALED65RT9220SVA","China",163.896,"LCD (LED)",99.95,"Available",5.5,64.5258552,"65.0"
143647,"kogan","KAQLED65RQ9510SVA","China",163.896,"LCD (LED)",99.95,"Available",5.5,64.5258552,"65.0"
143649,"TEAC","LE65GA522","China",163.896,"LCD (LED)",99.95,"Available",5.5,64.5258552,"65.0"
143650,"Polaroid","PL6521UHDG","China",163.682,"LCD",93,"Available",6,64.44160339999999,"65.0"
143652,"SAMSUNG ELECTRONICS","UA50BU8000W","Vietnam",125.727,"LCD (LED)",94,"Available",4,49.4987199,"50.0"
143652,"SAMSUNG ELECTRONICS","UA50BU8000S","Vietnam",125.727,"LCD (LED)",94,"Available",4,49.4987199,"50.0"
143652,"SAMSUNG ELECTRONICS","UA50BU8500S","Vietnam",125.727,"LCD (LED)",94,"Available",4,49.4987199,"50.0"
143652,"SAMSUNG ELECTRONICS","UA50BU8*00*","Vietnam",125.727,"LCD (LED)",94,"Available",4,49.4987199,"50.0"
143656,"SAMSUNG ELECTRONICS","UA55BU8000W","Vietnam",138.783,"LCD (LED)",113,"Available",4,54.63886709999999,"55.0"
143656,"SAMSUNG ELECTRONICS","UA55BU8000S","Vietnam",138.783,"LCD (LED)",113,"Available",4,54.63886709999999,"55.0"
143656,"SAMSUNG ELECTRONICS","UA55BU8500S","Vietnam",138.783,"LCD (LED)",113,"Available",4,54.63886709999999,"55.0"
143656,"SAMSUNG ELECTRONICS","UA55BU8*00*","Vietnam",138.783,"LCD (LED)",113,"Available",4,54.63886709999999,"55.0"
143669,"SAMSUNG ELECTRONICS","QA65Q70BAW","Vietnam",163.897,"LCD (LED)",150,"Available",4,64.5262489,"65.0"
143669,"SAMSUNG ELECTRONICS","QA65Q70BAS","Vietnam",163.897,"LCD (LED)",150,"Available",4,64.5262489,"65.0"
143669,"SAMSUNG ELECTRONICS","QA65Q70BA*","Vietnam",163.897,"LCD (LED)",150,"Available",4,64.5262489,"65.0"
143670,"SAMSUNG ELECTRONICS","QA75Q70BAW","Vietnam",189.338,"LCD (LED)",173,"Available",4.5,74.5423706,"75.0"
143670,"SAMSUNG ELECTRONICS","QA75Q70BAS","Vietnam",189.338,"LCD (LED)",173,"Available",4.5,74.5423706,"75.0"
143670,"SAMSUNG ELECTRONICS","QA75Q70BA*","Vietnam",189.338,"LCD (LED)",173,"Available",4.5,74.5423706,"75.0"
143671,"SAMSUNG ELECTRONICS","QA85Q70BAW","Vietnam",214.783,"LCD (LED)",223,"Available",4.5,84.5600671,"85.0"
143671,"SAMSUNG ELECTRONICS","QA85Q70BAS","Vietnam",214.783,"LCD (LED)",223,"Available",4.5,84.5600671,"85.0"
143671,"SAMSUNG ELECTRONICS","QA85Q70BA*","Vietnam",214.783,"LCD (LED)",223,"Available",4.5,84.5600671,"85.0"
143673,"SAMSUNG ELECTRONICS","QA65QN800BW","Vietnam",163.897,"LCD (LED)",306,"Available",1,64.5262489,"65.0"
143673,"SAMSUNG ELECTRONICS","QA65QN800BS","Vietnam",163.897,"LCD (LED)",306,"Available",1,64.5262489,"65.0"
143673,"SAMSUNG ELECTRONICS","QA65QN800B*","Vietnam",163.897,"LCD (LED)",306,"Available",1,64.5262489,"65.0"
143688,"MYVI","UR-LED2403DVDNS","China",60.269,"LCD (LED)",24.2,"Available",4.5,23.7279053,"24.0"
143736,"SAMSUNG ELECTRONICS","QA50QN90BAW","Vietnam",125.727,"LCD (LED)",112,"Available",3,49.4987199,"50.0"
143736,"SAMSUNG ELECTRONICS","QA50QN90BAS","Vietnam",125.727,"LCD (LED)",112,"Available",3,49.4987199,"50.0"
143736,"SAMSUNG ELECTRONICS","QA50QN90BA*","Vietnam",125.727,"LCD (LED)",112,"Available",3,49.4987199,"50.0"
143738,"SAMSUNG ELECTRONICS","QA75QN95BAW","Vietnam",189.338,"LCD (LED)",245,"Available",3,74.5423706,"75.0"
143738,"SAMSUNG ELECTRONICS","QA75QN95BAS","Vietnam",189.338,"LCD (LED)",245,"Available",3,74.5423706,"75.0"
143738,"SAMSUNG ELECTRONICS","QA75QN95BA*","Vietnam",189.338,"LCD (LED)",245,"Available",3,74.5423706,"75.0"
143745,"BLAUPUNKT","BP550USG9500","China",138.783,"LCD",115.1,"Available",4,54.63886709999999,"55.0"
143752,"LG","65UQ75006LF","Indonesia",163.897,"LCD (LED)",145,"Available",4,64.5262489,"65.0"
143753,"LG","OLED55G2PSA","Indonesia",138.783,"OLED",95,"Available",4.5,54.63886709999999,"55.0"
143754,"LG","OLED55G26LA","Indonesia",138.783,"OLED",95,"Available",4.5,54.63886709999999,"55.0"
143755,"LG","OLED77G2PSA","Indonesia",194.738,"OLED",152,"Available",5.5,76.6683506,"77.0"
143756,"LG","OLED77G26LA","Indonesia",194.738,"OLED",152,"Available",5.5,76.6683506,"77.0"
143757,"LG","OLED65G2PSA","Indonesia",163.897,"OLED",109,"Available",5.5,64.5262489,"65.0"
143758,"LG","OLED65G26LA","Indonesia",163.897,"OLED",109,"Available",5.5,64.5262489,"65.0"
143759,"LG","OLED77A2PSA","Indonesia",194.738,"OLED",126,"Available",6,76.6683506,"77.0"
143826,"SAMSUNG ELECTRONICS","QA75QN800BW","Vietnam",189.338,"LCD (LED)",339,"Available",1.5,74.5423706,"75.0"
143826,"SAMSUNG ELECTRONICS","QA75QN800BS","Vietnam",189.338,"LCD (LED)",339,"Available",1.5,74.5423706,"75.0"
143826,"SAMSUNG ELECTRONICS","QA75QN800B*","Vietnam",189.338,"LCD (LED)",339,"Available",1.5,74.5423706,"75.0"
143827,"SAMSUNG ELECTRONICS","QA85QN800BW","Vietnam",214.783,"LCD (LED)",389,"Available",2,84.5600671,"85.0"
143827,"SAMSUNG ELECTRONICS","QA85QN800BS","Vietnam",214.783,"LCD (LED)",389,"Available",2,84.5600671,"85.0"
143827,"SAMSUNG ELECTRONICS","QA85QN800B*","Vietnam",214.783,"LCD (LED)",389,"Available",2,84.5600671,"85.0"
143828,"SAMSUNG ELECTRONICS","QA55QN90BAW","Vietnam",138.783,"LCD (LED)",162,"Available",2.5,54.63886709999999,"55.0"
143828,"SAMSUNG ELECTRONICS","QA55QN90BAS","Vietnam",138.783,"LCD (LED)",162,"Available",2.5,54.63886709999999,"55.0"
143828,"SAMSUNG ELECTRONICS","QA55QN90BA*","Vietnam",138.783,"LCD (LED)",162,"Available",2.5,54.63886709999999,"55.0"
143830,"SAMSUNG ELECTRONICS","QA85QN90BAW","Vietnam",214.783,"LCD (LED)",304,"Available",3,84.5600671,"85.0"
143830,"SAMSUNG ELECTRONICS","QA85QN90BAS","Vietnam",214.783,"LCD (LED)",304,"Available",3,84.5600671,"85.0"
143830,"SAMSUNG ELECTRONICS","QA85QN90BA*","Vietnam",214.783,"LCD (LED)",304,"Available",3,84.5600671,"85.0"
143840,"SAMSUNG ELECTRONICS","QA43QN90BAW","Vietnam",107.987,"LCD (LED)",99,"Available",2.5,42.5144819,"43.0"
143840,"SAMSUNG ELECTRONICS","QA43QN90BAS","Vietnam",107.987,"LCD (LED)",99,"Available",2.5,42.5144819,"43.0"
143840,"SAMSUNG ELECTRONICS","QA43QN90BA*","Vietnam",107.987,"LCD (LED)",99,"Available",2.5,42.5144819,"43.0"
143841,"SAMSUNG ELECTRONICS","QA50LS03BAW","Vietnam",125.727,"LCD (LED)",96,"Available",4,49.4987199,"50.0"
143841,"SAMSUNG ELECTRONICS","QA50LS03BAS","Vietnam",125.727,"LCD (LED)",96,"Available",4,49.4987199,"50.0"
143841,"SAMSUNG ELECTRONICS","QA50LS03BA*","Vietnam",125.727,"LCD (LED)",96,"Available",4,49.4987199,"50.0"
143842,"SAMSUNG ELECTRONICS","QA55LS03BAW","Vietnam",138.783,"LCD (LED)",140,"Available",3,54.63886709999999,"55.0"
143842,"SAMSUNG ELECTRONICS","QA55LS03BAS","Vietnam",138.783,"LCD (LED)",140,"Available",3,54.63886709999999,"55.0"
143842,"SAMSUNG ELECTRONICS","QA55LS03BA*","Vietnam",138.783,"LCD (LED)",140,"Available",3,54.63886709999999,"55.0"
143843,"SAMSUNG ELECTRONICS","QA55QN85BAW","Vietnam",138.783,"LCD (LED)",136,"Available",3,54.63886709999999,"55.0"
143843,"SAMSUNG ELECTRONICS","QA55QN85BAS","Vietnam",138.783,"LCD (LED)",136,"Available",3,54.63886709999999,"55.0"
143843,"SAMSUNG ELECTRONICS","QA55QN85BA*","Vietnam",138.783,"LCD (LED)",136,"Available",3,54.63886709999999,"55.0"
143844,"SAMSUNG ELECTRONICS","QA65LS03BAW","Vietnam",163.897,"LCD (LED)",158,"Available",4,64.5262489,"65.0"
143844,"SAMSUNG ELECTRONICS","QA65LS03BAS","Vietnam",163.897,"LCD (LED)",158,"Available",4,64.5262489,"65.0"
143844,"SAMSUNG ELECTRONICS","QA65LS03BA*","Vietnam",163.897,"LCD (LED)",158,"Available",4,64.5262489,"65.0"
143845,"SAMSUNG ELECTRONICS","QA65QN85BAW","Vietnam",163.897,"LCD (LED)",158,"Available",4,64.5262489,"65.0"
143845,"SAMSUNG ELECTRONICS","QA65QN85BAS","Vietnam",163.897,"LCD (LED)",158,"Available",4,64.5262489,"65.0"
143845,"SAMSUNG ELECTRONICS","QA65QN85BA*","Vietnam",163.897,"LCD (LED)",158,"Available",4,64.5262489,"65.0"
143846,"SAMSUNG ELECTRONICS","QA75LS03BAW","Vietnam",189.338,"LCD (LED)",195,"Available",4,74.5423706,"75.0"
143846,"SAMSUNG ELECTRONICS","QA75LS03BAS","Vietnam",189.338,"LCD (LED)",195,"Available",4,74.5423706,"75.0"
143846,"SAMSUNG ELECTRONICS","QA75LS03BA*","Vietnam",189.338,"LCD (LED)",195,"Available",4,74.5423706,"75.0"
143847,"SAMSUNG ELECTRONICS","QA85LS03BAW","Vietnam",214.783,"LCD (LED)",250,"Available",4,84.5600671,"85.0"
143847,"SAMSUNG ELECTRONICS","QA85LS03BAS","Vietnam",214.783,"LCD (LED)",250,"Available",4,84.5600671,"85.0"
143847,"SAMSUNG ELECTRONICS","QA85LS03BA*","Vietnam",214.783,"LCD (LED)",250,"Available",4,84.5600671,"85.0"
143886,"LG","43UP801C0TB","Indonesia",107.987,"LCD (LED)",78,"Available",3.5,42.5144819,"43.0"
143887,"LG","50UP801C0TB","Indonesia",125.727,"LCD (LED)",93,"Available",4,49.4987199,"50.0"
143888,"LG","75UP801C0TB","Indonesia",189.275,"LCD (LED)",169,"Available",4.5,74.5175675,"75.0"
143889,"LG","86UP801C0TB","Indonesia",217.425,"LCD (LED)",250,"Available",4,85.6002225,"86.0"
143898,"METZ","40MTD6500A","China",100.645,"LCD (LED)",28.2,"Available",7,39.6239365,"40.0"
144002,"SONY","KD-65X75K","Vietnam",163.878,"LCD (LED)",129.6,"Available",4.5,64.51876859999999,"65.0"
144004,"SONY","KD-55X75K","Vietnam",138.798,"LCD (LED)",101.4,"Available",4.5,54.6447726,"55.0"
144009,"SONY","XR-85X90K","Malaysia",214.783,"LCD (LED)",235.8,"Available",4.5,84.5600671,"85.0"
144021,"SONY","KD-55X80K","Malaysia",138.798,"LCD (LED)",126.2,"Available",3.5,54.6447726,"55.0"
144023,"SONY","KD-75X80K","Malaysia",189.306,"LCD (LED)",191.3,"Available",4,74.5297722,"75.0"
144031,"kogan","KAQLED85XQ9610STA","China",214.783,"LCD (LED)",260.1,"Available",4,84.5600671,"85.0"
144046,"SAMSUNG ELECTRONICS","QA65QN900BW","Vietnam",163.897,"LCD (LED)",310,"Available",1,64.5262489,"65.0"
144046,"SAMSUNG ELECTRONICS","QA65QN900BS","Vietnam",163.897,"LCD (LED)",310,"Available",1,64.5262489,"65.0"
144046,"SAMSUNG ELECTRONICS","QA65QN900B*","Vietnam",163.897,"LCD (LED)",310,"Available",1,64.5262489,"65.0"
144049,"SAMSUNG ELECTRONICS","QA85QN900BW","Vietnam",214.783,"LCD (LED)",439,"Available",1.5,84.5600671,"85.0"
144049,"SAMSUNG ELECTRONICS","QA85QN900BS","Vietnam",214.783,"LCD (LED)",439,"Available",1.5,84.5600671,"85.0"
144049,"SAMSUNG ELECTRONICS","QA85QN900B*","Vietnam",214.783,"LCD (LED)",439,"Available",1.5,84.5600671,"85.0"
144057,"SONY","KD-65X80K","Malaysia",163.878,"LCD (LED)",147.6,"Available",4,64.51876859999999,"65.0"
144065,"SAMSUNG ELECTRONICS","QA75QN900BW","Vietnam",189.338,"LCD (LED)",395,"Available",1,74.5423706,"75.0"
144065,"SAMSUNG ELECTRONICS","QA75QN900BS","Vietnam",189.338,"LCD (LED)",395,"Available",1,74.5423706,"75.0"
144065,"SAMSUNG ELECTRONICS","QA75QN900B*","Vietnam",189.338,"LCD (LED)",395,"Available",1,74.5423706,"75.0"
144102,"SAMSUNG ELECTRONICS","QA43LS03BAW","Vietnam",107.987,"LCD (LED)",92,"Available",3,42.5144819,"43.0"
144102,"SAMSUNG ELECTRONICS","QA43LS03BAS","Vietnam",107.987,"LCD (LED)",92,"Available",3,42.5144819,"43.0"
144102,"SAMSUNG ELECTRONICS","QA43LS03BA*","Vietnam",107.987,"LCD (LED)",92,"Available",3,42.5144819,"43.0"
144104,"SAMSUNG ELECTRONICS","QA65QN90BAW","Vietnam",163.897,"LCD (LED)",203,"Available",2.5,64.5262489,"65.0"
144104,"SAMSUNG ELECTRONICS","QA65QN90BAS","Vietnam",163.897,"LCD (LED)",203,"Available",2.5,64.5262489,"65.0"
144104,"SAMSUNG ELECTRONICS","QA65QN90BA*","Vietnam",163.897,"LCD (LED)",203,"Available",2.5,64.5262489,"65.0"
144105,"SAMSUNG ELECTRONICS","QA65QN95BAW","Vietnam",163.897,"LCD (LED)",213,"Available",2.5,64.5262489,"65.0"
144105,"SAMSUNG ELECTRONICS","QA65QN95BAS","Vietnam",163.897,"LCD (LED)",213,"Available",2.5,64.5262489,"65.0"
144105,"SAMSUNG ELECTRONICS","QA65QN95BA*","Vietnam",163.897,"LCD (LED)",213,"Available",2.5,64.5262489,"65.0"
144106,"SAMSUNG ELECTRONICS","QA85QN85BAW","Vietnam",214.783,"LCD (LED)",195,"Available",5,84.5600671,"85.0"
144106,"SAMSUNG ELECTRONICS","QA85QN85BAS","Vietnam",214.783,"LCD (LED)",195,"Available",5,84.5600671,"85.0"
144106,"SAMSUNG ELECTRONICS","QA85QN85BA*","Vietnam",214.783,"LCD (LED)",195,"Available",5,84.5600671,"85.0"
144119,"SAMSUNG ELECTRONICS","QA65Q80BAW","Vietnam",163.897,"LCD (LED)",206,"Available",2.5,64.5262489,"65.0"
144119,"SAMSUNG ELECTRONICS","QA65Q80BAS","Vietnam",163.897,"LCD (LED)",206,"Available",2.5,64.5262489,"65.0"
144119,"SAMSUNG ELECTRONICS","QA65Q80BA*","Vietnam",163.897,"LCD (LED)",206,"Available",2.5,64.5262489,"65.0"
144120,"SAMSUNG ELECTRONICS","QA55QN95BAW","Vietnam",138.783,"LCD (LED)",173,"Available",2,54.63886709999999,"55.0"
144120,"SAMSUNG ELECTRONICS","QA55QN95BAS","Vietnam",138.783,"LCD (LED)",173,"Available",2,54.63886709999999,"55.0"
144120,"SAMSUNG ELECTRONICS","QA55QN95BA*","Vietnam",138.783,"LCD (LED)",173,"Available",2,54.63886709999999,"55.0"
144123,"SAMSUNG ELECTRONICS","QA55QN700BS","Vietnam",138.783,"LCD (LED)",223,"Available",1,54.63886709999999,"55.0"
144138,"SAMSUNG ELECTRONICS","QA75Q80BAW","Vietnam",189.338,"LCD (LED)",267,"Available",2.5,74.5423706,"75.0"
144138,"SAMSUNG ELECTRONICS","QA75Q80BAS","Vietnam",189.338,"LCD (LED)",267,"Available",2.5,74.5423706,"75.0"
144138,"SAMSUNG ELECTRONICS","QA75Q80BA*","Vietnam",189.338,"LCD (LED)",267,"Available",2.5,74.5423706,"75.0"
144139,"SAMSUNG ELECTRONICS","QA85Q80BAW","Vietnam",214.783,"LCD (LED)",337,"Available",2.5,84.5600671,"85.0"
144139,"SAMSUNG ELECTRONICS","QA85Q80BAS","Vietnam",214.783,"LCD (LED)",337,"Available",2.5,84.5600671,"85.0"
144139,"SAMSUNG ELECTRONICS","QA85Q80BA*","Vietnam",214.783,"LCD (LED)",337,"Available",2.5,84.5600671,"85.0"
144140,"SAMSUNG ELECTRONICS","QA65QN700BW","Vietnam",163.897,"LCD (LED)",245,"Available",2,64.5262489,"65.0"
144140,"SAMSUNG ELECTRONICS","QA65QN700BS","Vietnam",163.897,"LCD (LED)",245,"Available",2,64.5262489,"65.0"
144140,"SAMSUNG ELECTRONICS","QA65QN700B*","Vietnam",163.897,"LCD (LED)",245,"Available",2,64.5262489,"65.0"
144141,"SAMSUNG ELECTRONICS","QA65LS01BAW","Vietnam",163.897,"LCD (LED)",134,"Available",4.5,64.5262489,"65.0"
144141,"SAMSUNG ELECTRONICS","QA65LS01BBW","Vietnam",163.897,"LCD (LED)",134,"Available",4.5,64.5262489,"65.0"
144141,"SAMSUNG ELECTRONICS","QA65LS01BAS","Vietnam",163.897,"LCD (LED)",134,"Available",4.5,64.5262489,"65.0"
144141,"SAMSUNG ELECTRONICS","QA65LS01B**","Vietnam",163.897,"LCD (LED)",134,"Available",4.5,64.5262489,"65.0"
144142,"SAMSUNG ELECTRONICS","QA55LS01BAW","Vietnam",138.783,"LCD (LED)",116,"Available",4,54.63886709999999,"55.0"
144142,"SAMSUNG ELECTRONICS","QA55LS01BBW","Vietnam",138.783,"LCD (LED)",116,"Available",4,54.63886709999999,"55.0"
144142,"SAMSUNG ELECTRONICS","QA55LS01BAS","Vietnam",138.783,"LCD (LED)",116,"Available",4,54.63886709999999,"55.0"
144142,"SAMSUNG ELECTRONICS","QA55LS01B**","Vietnam",138.783,"LCD (LED)",116,"Available",4,54.63886709999999,"55.0"
144145,"FURRION","FDFD24D3D","China",60.47,"LCD (LED)",28.58,"Available",4,23.807039,"24.0"
144165,"SONY","XR-55A80K","Malaysia",138.798,"OLED",103.7,"Available",4,54.6447726,"55.0"
144166,"KOGAN","KALED32EH7520SVA","China",80.039,"LCD (LED)",24.61,"Available",5.5,31.5113543,"32.0"
144167,"SONY","XR-65A80K","Malaysia",163.878,"OLED",121.1,"Available",5,64.51876859999999,"65.0"
144168,"SONY","XR-77A80K","Malaysia",194.726,"OLED",169.7,"Available",5,76.6636262,"77.0"
144170,"SONY","XR-75X90K","Malaysia",189.306,"LCD (LED)",198.1,"Available",4,74.5297722,"75.0"
144171,"SONY","XR-65X90K","Malaysia",163.878,"LCD (LED)",149.8,"Available",4,64.51876859999999,"65.0"
144176,"LG","43UQ80006LB","Indonesia",107.987,"LCD (LED)",73,"Available",4,42.5144819,"43.0"
144177,"LG","50NANO806QA","Indonesia",125.727,"LCD (LED)",75,"Available",5,49.4987199,"50.0"
144178,"LG","50UQ75006LF","Indonesia",125.727,"LCD (LED)",93,"Available",4,49.4987199,"50.0"
144179,"LG","55UQ75006LF","Indonesia",138.783,"LCD (LED)",114,"Available",4,54.63886709999999,"55.0"
144180,"LG","65NANO806QA","Indonesia",163.897,"LCD (LED)",114,"Available",5,64.5262489,"65.0"
144181,"LG","65QNED96SQA","Indonesia",163.897,"LCD (LED)",152,"Available",4,64.5262489,"65.0"
144182,"LG","65QNED99SQB","Indonesia",163.897,"LCD (LED)",212,"Available",2.5,64.5262489,"65.0"
144183,"LG","65QNED996QB","Indonesia",163.897,"LCD (LED)",212,"Available",2.5,64.5262489,"65.0"
144184,"LG","65UQ80006LB","Indonesia",163.897,"LCD (LED)",127,"Available",4.5,64.5262489,"65.0"
144185,"LG","75NANO816QA","Indonesia",189.275,"LCD (LED)",126,"Available",6,74.5175675,"75.0"
144186,"LG","75QNED99SQB","Indonesia",189.275,"LCD (LED)",232,"Available",3.5,74.5175675,"75.0"
144187,"LG","75QNED996QB","Indonesia",189.275,"LCD (LED)",232,"Available",3.5,74.5175675,"75.0"
144188,"LG","75UQ80006LB","Indonesia",189.275,"LCD (LED)",165,"Available",5,74.5175675,"75.0"
144189,"LG","86QNED99SQB","Indonesia",217.425,"LCD (LED)",328,"Available",3,85.6002225,"86.0"
144190,"LG","86QNED996QB","Indonesia",217.425,"LCD (LED)",328,"Available",3,85.6002225,"86.0"
144191,"LG","OLED77Z2PSA","South Korea",194.738,"OLED",262,"Available",3,76.6683506,"77.0"
144192,"LG","OLED88Z2PSA","South Korea",222.494,"OLED",320,"Available",3,87.5958878,"88.0"
144193,"LG","OLED88Z26LA","South Korea",222.494,"OLED",320,"Available",3,87.5958878,"88.0"
144196,"BLAUPUNKT","BP500USG9500","China",125.731,"LCD (LED)",50.6,"Available",6,49.5002947,"50.0"
144201,"SAMSUNG ELECTRONICS","QA50Q80BAS","Vietnam",125.727,"LCD (LED)",138,"Available",2,49.4987199,"50.0"
144204,"SAMSUNG ELECTRONICS","QA75QN700BW","Vietnam",189.338,"LCD (LED)",273,"Available",2.5,74.5423706,"75.0"
144204,"SAMSUNG ELECTRONICS","QA75QN700BS","Vietnam",189.338,"LCD (LED)",273,"Available",2.5,74.5423706,"75.0"
144204,"SAMSUNG ELECTRONICS","QA75QN700B*","Vietnam",189.338,"LCD (LED)",273,"Available",2.5,74.5423706,"75.0"
144209,"Linsar","LS32C12V","China",80.054,"LCD",26.7,"Available",6,31.5172598,"32.0"
144211,"SAMSUNG ELECTRONICS","QA43LS01BAW","Vietnam",107.987,"LCD (LED)",82,"Available",3.5,42.5144819,"43.0"
144211,"SAMSUNG ELECTRONICS","QA43LS01BBW","Vietnam",107.987,"LCD (LED)",82,"Available",3.5,42.5144819,"43.0"
144211,"SAMSUNG ELECTRONICS","QA43LS01BAS","Vietnam",107.987,"LCD (LED)",82,"Available",3.5,42.5144819,"43.0"
144211,"SAMSUNG ELECTRONICS","QA43LS01B**","Vietnam",107.987,"LCD (LED)",82,"Available",3.5,42.5144819,"43.0"
144212,"SAMSUNG ELECTRONICS","QA50LS01BAS","Vietnam",125.736,"LCD (LED)",96,"Available",4,49.5022632,"50.0"
144231,"SAMSUNG ELECTRONICS","HG43AU800AW","Vietnam",107.987,"LCD (LED)",68,"Available",4,42.5144819,"43.0"
144232,"SAMSUNG ELECTRONICS","HG50AU800AW","Vietnam",125.727,"LCD (LED)",79,"Available",4.5,49.4987199,"50.0"
144236,"SAMSUNG ELECTRONICS","QA55Q80BAW","Vietnam",138.783,"LCD (LED)",158,"Available",2.5,54.63886709999999,"55.0"
144236,"SAMSUNG ELECTRONICS","QA55Q80BAS","Vietnam",138.783,"LCD (LED)",158,"Available",2.5,54.63886709999999,"55.0"
144236,"SAMSUNG ELECTRONICS","QA55Q80BA*","Vietnam",138.783,"LCD (LED)",158,"Available",2.5,54.63886709999999,"55.0"
144269,"SAMSUNG ELECTRONICS","HG55AU800AW","Vietnam",138.783,"LCD (LED)",86,"Available",5,54.63886709999999,"55.0"
144270,"SAMSUNG ELECTRONICS","HG65AU800AW","Vietnam",163.897,"LCD (LED)",114,"Available",5,64.5262489,"65.0"
144271,"SAMSUNG ELECTRONICS","HG75AU800AW","Vietnam",189.338,"LCD (LED)",157,"Available",5,74.5423706,"75.0"
144272,"SONY","XR-55X90K","Malaysia",138.798,"LCD (LED)",126.7,"Available",3.5,54.6447726,"55.0"
144325,"LG","65QNED966QA","Indonesia",163.897,"LCD (LED)",152,"Available",4,64.5262489,"65.0"
144327,"LG","75QNED966QA","Indonesia",189.275,"LCD (LED)",172,"Available",4.5,74.5175675,"75.0"
144328,"LG","86UQ91006LA","Indonesia",217.425,"LCD (LED)",250,"Available",4,85.6002225,"86.0"
144343,"Polaroid","PL5021WOS","China",125.774,"LCD (LED)",54.8,"Available",6,49.5172238,"50.0"
144352,"BLAUPUNKT","BP240HSG9200","China",59.774,"LCD",22,"Available",5,23.5330238,"24.0"
144366,"SONY","XR-65X95K","Malaysia",163.878,"LCD (LED)",226,"Available",2,64.51876859999999,"65.0"
144368,"SONY","XR-75X95K","Malaysia",189.306,"LCD (LED)",242,"Available",3,74.5297722,"75.0"
144369,"SONY","XR-85X95K","Malaysia",214.783,"LCD (LED)",292,"Available",3.5,84.5600671,"85.0"
144396,"LG","OLED83G2PSA","Indonesia",209.585,"OLED",181,"Available",5.5,82.5136145,"83.0"
144397,"LG","OLED83G26LA","Indonesia",209.585,"OLED",181,"Available",5.5,82.5136145,"83.0"
144403,"SONY","XR-65A95K","Malaysia",163.878,"OLED",136,"Available",4.5,64.51876859999999,"65.0"
144421,"SAMSUNG ELECTRONICS","QA32LS03BBK","Vietnam",80.008,"LCD (LED)",39,"Available",4.5,31.4991496,"32.0"
144421,"SAMSUNG ELECTRONICS","QA32LS03BBW","Vietnam",80.008,"LCD (LED)",39,"Available",4.5,31.4991496,"32.0"
144421,"SAMSUNG ELECTRONICS","QA32LS03BBS","Vietnam",80.008,"LCD (LED)",39,"Available",4.5,31.4991496,"32.0"
144421,"SAMSUNG ELECTRONICS","QA32LS03B**","Vietnam",80.008,"LCD (LED)",39,"Available",4.5,31.4991496,"32.0"
144425,"SAMSUNG ELECTRONICS","QA43LS05BAW","Vietnam",107.987,"LCD (LED)",83,"Available",3,42.5144819,"43.0"
144425,"SAMSUNG ELECTRONICS","QA43LS05BBW","Vietnam",107.987,"LCD (LED)",83,"Available",3,42.5144819,"43.0"
144425,"SAMSUNG ELECTRONICS","QA43LS05BAS","Vietnam",107.987,"LCD (LED)",83,"Available",3,42.5144819,"43.0"
144425,"SAMSUNG ELECTRONICS","QA43LS05B**","Vietnam",107.987,"LCD (LED)",83,"Available",3,42.5144819,"43.0"
144436,"kogan","KAQLED50XQ9610STA","China",125.638,"LCD (LED)",90,"Available",4,49.4636806,"50.0"
144480,"Panasonic","TH-49LX900Z","Malaysia",123.219,"LCD (LED)",75,"Available",4.5,48.511320299999994,"49.0"
144488,"Panasonic","TH-55LX900Z","Malaysia",138.818,"LCD (LED)",77,"Available",5.5,54.652646600000004,"55.0"
144494,"Panasonic","TH-65LX900Z","Malaysia",163.853,"LCD (LED)",87,"Available",6,64.5089261,"65.0"
144495,"Panasonic","TH-75LX900Z","Malaysia",189.301,"LCD (LED)",140,"Available",5.5,74.52780369999999,"75.0"
144497,"Panasonic","TH-55LX950Z","Malaysia",138.818,"LCD (LED)",81,"Available",5.5,54.652646600000004,"55.0"
144499,"Panasonic","TH-65LX950Z","Malaysia",163.853,"LCD (LED)",87,"Available",6,64.5089261,"65.0"
144561,"DGTEC","DG5521WOS","China",138.798,"LCD",69.6,"Available",6,54.6447726,"55.0"
144564,"AKAI","AK4021S6WOS","China",100.305,"LCD",35.3,"Available",6,39.4900785,"40.0"
144599,"JVC","LT-40N5115AM","China",100.344,"LCD (LED)",35,"Available",6,39.505432799999994,"40.0"
144600,"JVC","LT-55N7115AM","China",138.886,"LCD (LED)",87.3,"Available",4.5,54.6794182,"55.0"
144611,"LG","55UP751C0VG","Indonesia",138.783,"LCD (LED)",115,"Available",4,54.63886709999999,"55.0"
144612,"LG","65UP751C0VG","Indonesia",163.897,"LCD (LED)",145,"Available",4,64.5262489,"65.0"
144613,"LG","75UP751C0VC","Indonesia",189.275,"LCD (LED)",171,"Available",4.5,74.5175675,"75.0"
144615,"CHiQ","L24D6C","China",59.774,"LCD",20.2,"Available",5,23.5330238,"24.0"
144674,"Polaroid","PL3221HDC","China",80.054,"LCD",26.7,"Available",6,31.5172598,"32.0"
144694,"SONY","XR-48A90K","Malaysia",120.713,"OLED",84,"Available",4,47.5247081,"48.0"
144696,"SONY","KD-50X85K","Malaysia",125.725,"LCD (LED)",93.6,"Available",4,49.4979325,"50.0"
144699,"SONY","KD-55X85K","Malaysia",138.798,"LCD (LED)",136.6,"Available",3,54.6447726,"55.0"
144702,"SONY","KD-65X85K","Malaysia",163.878,"LCD (LED)",179.5,"Available",3,64.51876859999999,"65.0"
144703,"SONY","KD-75X85K","Malaysia",189.306,"LCD (LED)",224.4,"Available",3.5,74.5297722,"75.0"
144704,"SONY","KD-85X85K","Malaysia",214.783,"LCD (LED)",237.7,"Available",4,84.5600671,"85.0"
144723,"JVC","LT-55NQ7105AT2","China",138.783,"LCD (LED)",63.94,"Available",5,54.63886709999999,"55.0"
144727,"JVC","LT-75N7125A","China",188.974,"LCD (LED)",189.3,"Available",4,74.3990638,"74.0"
144733,"JVC","LT-65N7115AM","China",163.682,"LCD (LED)",93,"Available",6,64.44160339999999,"65.0"
144741,"AKAI","AK8521S6WOS","China",214.783,"LCD",159.1,"Available",6,84.5600671,"85.0"
144762,"Linsar","LS85UHDNF","China",214.783,"LCD",159.1,"Available",6,84.5600671,"85.0"
144837,"kogan","KALED50XU9220STD","China",125.638,"LCD (LED)",77,"Available",5,49.4636806,"50.0"
144838,"kogan","KALED75XU9220STA","China",189.306,"LCD (LED)",146,"Available",5.5,74.5297722,"75.0"
144851,"kogan","KAQLED65XQ9610STB","China",163.829,"LCD (LED)",156,"Available",4,64.4994773,"65.0"
144853,"kogan","KALED32RH9310STA","China",79.967,"LCD (LED)",28,"Available",6,31.4830079,"32.0"
144891,"SONY","KD-43X85K","Malaysia",107.95,"LCD (LED)",76.9,"Available",3.5,42.499915,"43.0"
144907,"Avel Innovations","AVS240WS","China",60.22,"LCD (LED)",24.01,"Available",4.5,23.708614,"24.0"
144912,"LG","55QNED85SQA","Indonesia",138.783,"LCD (LED)",102,"Available",4.5,54.63886709999999,"55.0"
144913,"LG","55QNED866QA","Indonesia",138.783,"LCD (LED)",102,"Available",4.5,54.63886709999999,"55.0"
144914,"LG","65QNED85SQA","Indonesia",163.897,"LCD (LED)",132,"Available",4.5,64.5262489,"65.0"
144915,"LG","65QNED866QA","Indonesia",163.897,"LCD (LED)",132,"Available",4.5,64.5262489,"65.0"
144916,"LG","75QNED85SQA","Indonesia",189.275,"LCD (LED)",160,"Available",5,74.5175675,"75.0"
144917,"LG","75QNED866QA","Indonesia",189.275,"LCD (LED)",160,"Available",5,74.5175675,"75.0"
144918,"LG","86QNED85SQA","Indonesia",217.425,"LCD (LED)",206,"Available",5,85.6002225,"86.0"
144919,"LG","86QNED866QA","Indonesia",217.425,"LCD (LED)",206,"Available",5,85.6002225,"86.0"
145052,"SONY","XR-42A90K","Malaysia",105.531,"OLED",68,"Available",4,41.5475547,"42.0"
145125,"Avel Innovations","AVS240KS","China",60.22,"LCD (LED)",24.37,"Available",4.5,23.708614,"24.0"
145126,"Avel Innovations","AVS325KS","China",80.103,"LCD (LED)",39.33,"Available",4.5,31.536551099999997,"32.0"
145328,"kogan","KALED58XU9230STA","China",146.039,"LCD (LED)",122,"Available",4,57.495554299999995,"58.0"
145329,"kogan","KALED24RH9310STA","China",59.774,"LCD (LED)",18,"Available",6,23.5330238,"24.0"
145334,"Polaroid","PL2421FHDC","China",59.774,"LCD (LED)",18,"Available",6,23.5330238,"24.0"
145374,"TEAC","LE50GA522","China",125.731,"LCD (LED)",50.6,"Available",6,49.5002947,"50.0"
145383,"TEAC","LE55GA522","China",138.783,"LCD (LED)",53.64,"Available",6,54.63886709999999,"55.0"
145384,"CHiQ","L24G5W","China",59.774,"LCD (LED)",22,"Available",5,23.5330238,"24.0"
145385,"CHiQ","L32G5W","China",79.967,"LCD (LED)",35,"Available",5,31.4830079,"32.0"
145386,"CHiQ","L40G5W","China",100.305,"LCD (LED)",50,"Available",5,39.4900785,"40.0"
145414,"EKO","K400DVD","China",100.332,"LCD",41.95,"Available",5.5,39.50070839999999,"40.0"
145463,"KONKA","KUD65WT806AN","China",163.896,"LCD",137.7,"Available",4.5,64.5258552,"65.0"
145467,"JVC","LT-43N7125A","China",107.814,"LCD",49.98,"Available",4.5,42.446371799999994,"43.0"
145531,"TCL","43C635","China",107.95,"LCD (LED)",53.5,"Available",4.5,42.499915,"43.0"
145568,"Veon","VN32HD2021","China",80.103,"LCD (LED)",28,"Available",5.5,31.536551099999997,"32.0"
145723,"Kogan","KALED70UN8920SNA","China",176.537,"LCD (LED)",182.3,"Available",4,69.5026169,"70.0"
145723,"Kogan","KALED70UN8920SNB","China",176.537,"LCD (LED)",182.3,"Available",4,69.5026169,"70.0"
145723,"Kogan","KALED70UN8920SNC","China",176.537,"LCD (LED)",182.3,"Available",4,69.5026169,"70.0"
145723,"Kogan","KALED70UN8920SND","China",176.537,"LCD (LED)",182.3,"Available",4,69.5026169,"70.0"
145723,"Kogan","D70S218-U-T2C-S-I","China",176.537,"LCD (LED)",182.3,"Available",4,69.5026169,"70.0"
145723,"Kogan","KALED70*","China",176.537,"LCD (LED)",182.3,"Available",4,69.5026169,"70.0"
145730,"LG","65ART90ESQA","South Korea",163.897,"OLED",126,"Available",5,64.5262489,"65.0"
145730,"LG","65ART90ESQB","South Korea",163.897,"OLED",126,"Available",5,64.5262489,"65.0"
145730,"LG","65ART90ESQC","South Korea",163.897,"OLED",126,"Available",5,64.5262489,"65.0"
145730,"LG","65ART90E6QA","South Korea",163.897,"OLED",126,"Available",5,64.5262489,"65.0"
145730,"LG","65ART90E6QB","South Korea",163.897,"OLED",126,"Available",5,64.5262489,"65.0"
145730,"LG","65ART90E6QC","South Korea",163.897,"OLED",126,"Available",5,64.5262489,"65.0"
145730,"LG","65ART90E","South Korea",163.897,"OLED",126,"Available",5,64.5262489,"65.0"
145780,"KOGAN","KALED19PRIZC","China",47.013,"LCD (LED)",15.8694,"Available",5,18.5090181,"19.0"
145811,"Kogan","KALED24EH6300NA","China",59.827,"LCD (LED)",22.3,"Available",5,23.553889899999998,"24.0"
145811,"Kogan","KALED24EH6300NB","China",59.827,"LCD (LED)",22.3,"Available",5,23.553889899999998,"24.0"
145811,"Kogan","KALED24EH6300NC","China",59.827,"LCD (LED)",22.3,"Available",5,23.553889899999998,"24.0"
145811,"Kogan","KALED24EH6300ND","China",59.827,"LCD (LED)",22.3,"Available",5,23.553889899999998,"24.0"
145811,"Kogan","D236GD064C-T2C","China",59.827,"LCD (LED)",22.3,"Available",5,23.553889899999998,"24.0"
145811,"Kogan","KALED24*","China",59.827,"LCD (LED)",22.3,"Available",5,23.553889899999998,"24.0"
145854,"BAUHN","ATV50UHDW-0422","China",125.725,"LCD",59.7,"Available",6,49.4979325,"50.0"
145876,"SAMSUNG ELECTRONICS","QA65S95BAW","Mexico",163.897,"LCD (LED)",155,"Available",4,64.5262489,"65.0"
145876,"SAMSUNG ELECTRONICS","QA65S95BAS","Mexico",163.897,"LCD (LED)",155,"Available",4,64.5262489,"65.0"
145876,"SAMSUNG ELECTRONICS","QA65S95BA*","Mexico",163.897,"LCD (LED)",155,"Available",4,64.5262489,"65.0"
145986,"TCL","55C735","China",138.711,"LCD (LED)",74.3,"Available",5,54.6105207,"55.0"
145987,"TCL","65C735","China",163.829,"LCD (LED)",108.5,"Available",5,64.4994773,"65.0"
145988,"TCL","75C735","China",189.306,"LCD (LED)",165.5,"Available",4.5,74.5297722,"75.0"
145990,"TCL","55C835","China",138.711,"LCD (LED)",139.5,"Available",2.5,54.6105207,"55.0"
145993,"TCL","65C835","China",163.829,"LCD (LED)",175.3,"Available",3,64.4994773,"65.0"
145994,"TCL","75C835","China",189.306,"LCD (LED)",281,"Available",2,74.5297722,"75.0"
146006,"Linsar","LS50UHDNF","China",125.725,"LCD",59.7,"Available",6,49.4979325,"50.0"
146100,"EKO","K43FSG11","China",107.942,"LCD (LED)",51.8,"Available",5,42.496765399999994,"43.0"
146104,"EKO","K240HAT","China",59.814,"LCD (LED)",27.3,"Available",3.5,23.5487718,"24.0"
146150,"EKO","K320HAT","China",80.029,"LCD (LED)",34.4,"Available",4,31.507417299999997,"32.0"
146151,"BLAUPUNKT","BP320HSG9700","China",80.029,"LCD (LED)",34.4,"Available",4,31.507417299999997,"32.0"
146153,"BLAUPUNKT","BP400FSG9700","China",100.328,"LCD (LED)",32.8,"Available",6,39.4991336,"40.0"
146179,"BAUHN","ATV70UHDW-0422","China",176.592,"LCD",107.4,"Available",6,69.5242704,"70.0"
146314,"SAMSUNG ELECTRONICS","QA55S95BA*","Mexico",138.783,"LCD (LED)",142,"Available",3,54.63886709999999,"55.0"
146314,"SAMSUNG ELECTRONICS","QA55S95BAS","Mexico",138.783,"LCD (LED)",142,"Available",3,54.63886709999999,"55.0"
146314,"SAMSUNG ELECTRONICS","QA55S95BAW","Mexico",138.783,"LCD (LED)",142,"Available",3,54.63886709999999,"55.0"
146462,"PRISM+","Q55 PRO QE","China",138.711,"LCD (LED)",102.1,"Available",4,54.6105207,"55.0"
146467,"CHiQ","U50G7P","China",125.725,"LCD (LED)",72,"Available",5,49.4979325,"50.0"
146468,"CHiQ","U55G7P","China",138.886,"LCD (LED)",95,"Available",4.5,54.6794182,"55.0"
146469,"CHiQ","U55QM8V","China",138.798,"LCD (LED)",113,"Available",4,54.6447726,"55.0"
146470,"CHiQ","U65QM8V","China",163.896,"LCD (LED)",156,"Available",4,64.5258552,"65.0"
146505,"Linsar","LS24C12V","China",62.228,"LCD",15.85,"Available",6,24.4991636,"25.0"
146510,"Panasonic","TH-48LZ980Z","Malaysia",120.703,"OLED",77,"Available",4.5,47.5207711,"48.0"
146531,"LSP TV","Prison TV","China",48.313,"LCD (LED)",16.1569,"Available",5,19.0208281,"19.0"
146532,"Panasonic","TH-55LZ980Z","Malaysia",138.818,"OLED",96,"Available",4.5,54.652646600000004,"55.0"
146533,"Panasonic","TH-65LZ980Z","Malaysia",163.853,"OLED",125,"Available",5,64.5089261,"65.0"
146534,"Panasonic","TH-55LZ1500Z","Malaysia",138.818,"OLED",95,"Available",4.5,54.652646600000004,"55.0"
146535,"Panasonic","TH-65LZ1500Z","Malaysia",163.853,"OLED",121,"Available",5,64.5089261,"65.0"
146538,"Panasonic","TH-55LZ2000Z","Malaysia",138.818,"OLED",107,"Available",4,54.652646600000004,"55.0"
146539,"Panasonic","TH-65LZ2000Z","Malaysia",163.853,"OLED",133,"Available",4.5,64.5089261,"65.0"
146540,"Panasonic","TH-77LZ2000Z","Malaysia",194.712,"OLED",187,"Available",4.5,76.65811439999999,"77.0"
146556,"CHiQ","L40G7P","China",100.305,"LCD (LED)",51,"Available",5,39.4900785,"40.0"
146557,"CHiQ","U43G7P","China",107.863,"LCD (LED)",65,"Available",4.5,42.4656631,"43.0"
146559,"CHiQ","U65G7P","China",163.829,"LCD (LED)",138,"Available",4.5,64.4994773,"65.0"
146562,"BAUHN","ATV55UHDQ-0722","China",138.711,"LCD",83,"Available",5.5,54.6105207,"55.0"
146564,"BAUHN","ATV32HDG-0423","China",79.967,"LCD (LED)",28,"Available",6,31.4830079,"32.0"
146564,"BAUHN","ATV32HDG-1022","China",79.967,"LCD (LED)",28,"Available",6,31.4830079,"32.0"
146564,"BAUHN","ATV32HDG-0722","China",79.967,"LCD (LED)",28,"Available",6,31.4830079,"32.0"
146714,"PHILIPS","65PUT8507/79","China",163.897,"LCD (LED)",116.25,"Available",4.5,64.5262489,"65.0"
146714,"PHILIPS","65PUT8507/75","China",163.897,"LCD (LED)",116.25,"Available",4.5,64.5262489,"65.0"
146715,"PHILIPS","50PUT8507/79","China",125.725,"LCD (LED)",81.32,"Available",4,49.4979325,"50.0"
146715,"PHILIPS","50PUT8507/75","China",125.725,"LCD (LED)",81.32,"Available",4,49.4979325,"50.0"
146746,"TOSHIBA","75C350LP","China",189.274,"LCD (LED)",114.36,"Available",6,74.5171738,"75.0"
146754,"WALTON","W32D120GE","Bangladesh",80.039,"LCD (LED)",29.57,"Available",5.5,31.5113543,"32.0"
146754,"WALTON","W32D120G","Bangladesh",80.039,"LCD (LED)",29.57,"Available",5.5,31.5113543,"32.0"
146754,"WALTON","W32D120GAU","Bangladesh",80.039,"LCD (LED)",29.57,"Available",5.5,31.5113543,"32.0"
146754,"WALTON","W32D120G_AU","Bangladesh",80.039,"LCD (LED)",29.57,"Available",5.5,31.5113543,"32.0"
146754,"WALTON","32D120G","Bangladesh",80.039,"LCD (LED)",29.57,"Available",5.5,31.5113543,"32.0"
146754,"WALTON","32D120GAU","Bangladesh",80.039,"LCD (LED)",29.57,"Available",5.5,31.5113543,"32.0"
146754,"WALTON","32D120G_AU","Bangladesh",80.039,"LCD (LED)",29.57,"Available",5.5,31.5113543,"32.0"
146760,"WALTON","WD40RGE","Bangladesh",100.333,"LCD (LED)",35.18,"Available",6,39.5011021,"40.0"
146760,"WALTON","WD40RG","Bangladesh",100.333,"LCD (LED)",35.18,"Available",6,39.5011021,"40.0"
146760,"WALTON","WD40RGAU","Bangladesh",100.333,"LCD (LED)",35.18,"Available",6,39.5011021,"40.0"
146760,"WALTON","WD40RG_AU","Bangladesh",100.333,"LCD (LED)",35.18,"Available",6,39.5011021,"40.0"
146760,"WALTON","40RG","Bangladesh",100.333,"LCD (LED)",35.18,"Available",6,39.5011021,"40.0"
146760,"WALTON","40RGAU","Bangladesh",100.333,"LCD (LED)",35.18,"Available",6,39.5011021,"40.0"
146760,"WALTON","40RG_AU","Bangladesh",100.333,"LCD (LED)",35.18,"Available",6,39.5011021,"40.0"
146761,"WALTON","W43D210GE","Bangladesh",107.956,"LCD (LED)",35.97,"Available",7,42.5022772,"43.0"
146761,"WALTON","W43D210G","Bangladesh",107.956,"LCD (LED)",35.97,"Available",7,42.5022772,"43.0"
146761,"WALTON","W43D210GAU","Bangladesh",107.956,"LCD (LED)",35.97,"Available",7,42.5022772,"43.0"
146761,"WALTON","W43D210G_AU","Bangladesh",107.956,"LCD (LED)",35.97,"Available",7,42.5022772,"43.0"
146761,"WALTON","43D210G","Bangladesh",107.956,"LCD (LED)",35.97,"Available",7,42.5022772,"43.0"
146761,"WALTON","43D210GAU","Bangladesh",107.956,"LCD (LED)",35.97,"Available",7,42.5022772,"43.0"
146761,"WALTON","43D210G_AU","Bangladesh",107.956,"LCD (LED)",35.97,"Available",7,42.5022772,"43.0"
146768,"BLAUPUNKT","BP750USG9300","China",189.266,"LCD",188.97,"Available",4,74.5140242,"75.0"
146844,"EKO","K55DVAQ","China",138.613,"LCD",76.044,"Available",4.5,54.5719381,"55.0"
146846,"EKO","K32FSG11","China",79.831,"LCD",31.814,"Available",5,31.4294647,"32.0"
146853,"BLAUPUNKT","BP550USG9800","China",138.798,"LCD",93.324,"Available",4.5,54.6447726,"55.0"
146894,"HISENSE","50A6HAU","China",125.731,"LCD (LED)",59.47,"Available",5.5,49.5002947,"50.0"
146941,"EKO","K65DVAQ","China",163.644,"LCD",198,"Available",3,64.4266428,"65.0"
147005,"SAMSUNG ELECTRONICS","HG50BU800AW","Vietnam",125.727,"LCD (LED)",94,"Available",4,49.4987199,"50.0"
147006,"SAMSUNG ELECTRONICS","HG55BU800AW","Vietnam",138.783,"LCD (LED)",113,"Available",4,54.63886709999999,"55.0"
147015,"PHILIPS","55PUT8507/79","China",138.798,"LCD (LED)",94.43,"Available",4.5,54.6447726,"55.0"
147015,"PHILIPS","55PUT8507/75","China",138.798,"LCD (LED)",94.43,"Available",4.5,54.6447726,"55.0"
147021,"SAMSUNG ELECTRONICS","HG43BU800AW","Vietnam",107.987,"LCD (LED)",73,"Available",4,42.5144819,"43.0"
147023,"SAMSUNG ELECTRONICS","HG65BU800AW","Vietnam",163.897,"LCD (LED)",119,"Available",5,64.5262489,"65.0"
147053,"SAMSUNG ELECTRONICS","HG75BU800AW","Vietnam",189.338,"LCD (LED)",157,"Available",5,74.5423706,"75.0"
147071,"HISENSE","58A6HAU","China",146.068,"LCD (LED)",79.33,"Available",5.5,57.50697160000001,"58.0"
147072,"TOSHIBA","43C350LP","China",107.986,"LCD (LED)",51.12,"Available",5,42.5140882,"43.0"
147080,"TOSHIBA","50C350LP","China",125.731,"LCD (LED)",67.75,"Available",5,49.5002947,"50.0"
147081,"TOSHIBA","55C350LP","China",138.783,"LCD (LED)",63.89,"Available",6,54.63886709999999,"55.0"
147084,"TOSHIBA","65C350LP","China",163.896,"LCD (LED)",82.49,"Available",6,64.5258552,"65.0"
147089,"PHILIPS","50PUT8217/79","China",125.725,"LCD (LED)",61.3,"Available",5.5,49.4979325,"50.0"
147089,"PHILIPS","50PUT8217/75","China",125.725,"LCD (LED)",61.3,"Available",5.5,49.4979325,"50.0"
147091,"PHILIPS","75PUT8507/79","China",189.306,"LCD (LED)",127.69,"Available",5.5,74.5297722,"75.0"
147091,"PHILIPS","75PUT8507/75","China",189.306,"LCD (LED)",127.69,"Available",5.5,74.5297722,"75.0"
147093,"TCL","85P735","China",214.783,"LCD (LED)",180.5,"Available",5,84.5600671,"85.0"
147095,"TCL","85C735","China",214.783,"LCD (LED)",223.7,"Available",4,84.5600671,"85.0"
147110,"BLAUPUNKT","BP4000HDV7100","China",100.333,"LCD",49.1,"Available",5,39.5011021,"40.0"
147139,"PHILIPS","55PUT8217/79","China",138.798,"LCD (LED)",72.57,"Available",5.5,54.6447726,"55.0"
147139,"PHILIPS","55PUT8217/75","China",138.798,"LCD (LED)",72.57,"Available",5.5,54.6447726,"55.0"
147180,"LG","43UQ751C0LF","Indonesia",107.987,"LCD (LED)",77,"Available",3.5,42.5144819,"43.0"
147181,"LG","50UQ751C0LF","Indonesia",125.727,"LCD (LED)",93,"Available",4,49.4987199,"50.0"
147182,"LG","55UQ751C0LF","Indonesia",138.783,"LCD (LED)",114,"Available",4,54.63886709999999,"55.0"
147183,"LG","65UQ751C0LF","Indonesia",163.897,"LCD (LED)",145,"Available",4,64.5262489,"65.0"
147184,"LG","75UQ801C0LB","Indonesia",189.275,"LCD (LED)",165,"Available",5,74.5175675,"75.0"
147185,"LG","42LX1Q6LA","Indonesia,South Korea",105.52,"OLED",63,"Available",4.5,41.543223999999995,"42.0"
147186,"LG","42LX1QPSA","Indonesia,South Korea",105.52,"OLED",63,"Available",4.5,41.543223999999995,"42.0"
147187,"LG","48LX1Q6LA","Indonesia,South Korea",120.721,"OLED",77,"Available",4.5,47.5278577,"48.0"
147188,"LG","48LX1QPSA","Indonesia,South Korea",120.721,"OLED",77,"Available",4.5,47.5278577,"48.0"
147189,"LG","55LX1Q6LA","Indonesia,South Korea",138.783,"OLED",95,"Available",4.5,54.63886709999999,"55.0"
147190,"LG","55LX1QPSA","Indonesia,South Korea",138.783,"OLED",95,"Available",4.5,54.63886709999999,"55.0"
147239,"Caixun","LE-24T1","China",59.774,"LCD (LED)",16.3,"Available",5.5,23.5330238,"24.0"
147239,"Caixun","LE-24T2","China",59.774,"LCD (LED)",16.3,"Available",5.5,23.5330238,"24.0"
147239,"Caixun","LE-24T3","China",59.774,"LCD (LED)",16.3,"Available",5.5,23.5330238,"24.0"
147239,"Caixun","LE-24V1","China",59.774,"LCD (LED)",16.3,"Available",5.5,23.5330238,"24.0"
147239,"Caixun","LE-24V2","China",59.774,"LCD (LED)",16.3,"Available",5.5,23.5330238,"24.0"
147239,"Caixun","LE-24V3","China",59.774,"LCD (LED)",16.3,"Available",5.5,23.5330238,"24.0"
147329,"PRISM+","Q65 PRO QE","China",163.896,"LCD (LED)",93.43,"Available",5.5,64.5258552,"65.0"
147395,"Panasonic","TH-43LX650Z","China",108.124,"LCD (LED)",56,"Available",5,42.568418799999996,"43.0"
147396,"Panasonic","TH-50LX650Z","China",125.676,"LCD (LED)",64.17,"Available",5,49.4786412,"50.0"
147398,"Panasonic","TH-65LX650Z","China",163.867,"LCD (LED)",93.65,"Available",6,64.51443789999999,"65.0"
147399,"Panasonic","TH-55LX650Z","China",138.798,"LCD (LED)",77.67,"Available",5,54.6447726,"55.0"
147400,"Panasonic","TH-75LX650Z","China",189.306,"LCD (LED)",118.27,"Available",6,74.5297722,"75.0"
147401,"Panasonic","TH-43LX800Z","China",108.124,"LCD (LED)",56,"Available",5,42.568418799999996,"43.0"
147402,"Panasonic","TH-50LX800Z","China",125.676,"LCD (LED)",80.28,"Available",4.5,49.4786412,"50.0"
147403,"Panasonic","TH-55LX800Z","China",138.798,"LCD (LED)",159.72,"Available",2.5,54.6447726,"55.0"
147404,"Panasonic","TH-65LX800Z","China",163.867,"LCD (LED)",120.81,"Available",5,64.51443789999999,"65.0"
147405,"Panasonic","TH-75LX800Z","China",189.306,"LCD (LED)",160.49,"Available",5,74.5297722,"75.0"
147512,"kogan","KALED50XU9220STE","China",125.638,"LCD (LED)",77,"Available",5,49.4636806,"50.0"
147551,"KONIC","KUD85SG692AS","China",214.783,"LCD (LED)",200.76,"Available",5,84.5600671,"85.0"
147582,"Polaroid","PL3222HDG","China",80.997,"LCD",23.798,"Available",6,31.8885189,"32.0"
147703,"TEAC","LE32GA322","China",79.967,"LCD (LED)",25.8,"Available",5.5,31.4830079,"32.0"
147705,"Caixun","LE-39T1","China",97.401,"LCD (LED)",32,"Available",6,38.3467737,"38.0"
147705,"Caixun","LE-39T2","China",97.401,"LCD (LED)",32,"Available",6,38.3467737,"38.0"
147705,"Caixun","LE-39T3","China",97.401,"LCD (LED)",32,"Available",6,38.3467737,"38.0"
147705,"Caixun","LE-39V1","China",97.401,"LCD (LED)",32,"Available",6,38.3467737,"38.0"
147705,"Caixun","LE-39V2","China",97.401,"LCD (LED)",32,"Available",6,38.3467737,"38.0"
147705,"Caixun","LE-39V3","China",97.401,"LCD (LED)",32,"Available",6,38.3467737,"38.0"
147706,"LG","50UR765H0VC","Indonesia",125.727,"LCD (LED)",78,"Available",4.5,49.4987199,"50.0"
147709,"LG","55UR765H0VC","Indonesia",138.783,"LCD (LED)",80,"Available",5.5,54.63886709999999,"55.0"
147710,"LG","65UR765H0VC","Indonesia",163.897,"LCD (LED)",115,"Available",5,64.5262489,"65.0"
147711,"LG","75UR765H0VC","Indonesia",189.275,"LCD (LED)",140,"Available",5.5,74.5175675,"75.0"
147713,"Caixun","LE-42T1","China",105.348,"LCD (LED)",38.3,"Available",6,41.4755076,"42.0"
147713,"Caixun","LE-42T2","China",105.348,"LCD (LED)",38.3,"Available",6,41.4755076,"42.0"
147713,"Caixun","LE-42T3","China",105.348,"LCD (LED)",38.3,"Available",6,41.4755076,"42.0"
147713,"Caixun","LE-42V1","China",105.348,"LCD (LED)",38.3,"Available",6,41.4755076,"42.0"
147713,"Caixun","LE-42V2","China",105.348,"LCD (LED)",38.3,"Available",6,41.4755076,"42.0"
147713,"Caixun","LE-42V3","China",105.348,"LCD (LED)",38.3,"Available",6,41.4755076,"42.0"
147716,"Caixun","LE-43T1","China",107.95,"LCD (LED)",39.5,"Available",6,42.499915,"43.0"
147716,"Caixun","LE-43T2","China",107.95,"LCD (LED)",39.5,"Available",6,42.499915,"43.0"
147716,"Caixun","LE-43T3","China",107.95,"LCD (LED)",39.5,"Available",6,42.499915,"43.0"
147716,"Caixun","LE-43V1","China",107.95,"LCD (LED)",39.5,"Available",6,42.499915,"43.0"
147716,"Caixun","LE-43V2","China",107.95,"LCD (LED)",39.5,"Available",6,42.499915,"43.0"
147716,"Caixun","LE-43V3","China",107.95,"LCD (LED)",39.5,"Available",6,42.499915,"43.0"
147727,"BAUHN","ATV40FHDG-1122","China",100.305,"LCD (LED)",40,"Available",6,39.4900785,"40.0"
147727,"BAUHN","ATV40FHDG-0822","China",100.305,"LCD (LED)",40,"Available",6,39.4900785,"40.0"
147926,"TCL","65C935","China",163.829,"LCD (LED)",171.2,"Available",3,64.4994773,"65.0"
147927,"TCL","75C935","China",189.306,"LCD (LED)",201,"Available",3.5,74.5297722,"75.0"
147946,"Philips","32PHT6915/79","Netherlands",80.054,"LCD (LED)",35.47,"Available",4.5,31.5172598,"32.0"
148038,"BAUHN","ATV75UHDW-0622","China",189.306,"LCD (LED)",127.7,"Available",6,74.5297722,"75.0"
148071,"BLAUPUNKT","BP650USG9700","China",163.897,"LCD (LED)",109,"Available",5.5,64.5262489,"65.0"
148077,"BLAUPUNKT","BP860USG9700","China",217.421,"LCD (LED)",270,"Available",4,85.5986477,"86.0"
148080,"BLAUPUNKT","BP550USG9700","China",138.783,"LCD (LED)",91,"Available",5,54.63886709999999,"55.0"
148082,"BLAUPUNKT","BP420FSG9700","China",105.407,"LCD (LED)",43.9,"Available",6,41.4987359,"42.0"
148083,"HISENSE","55U7HAU","China",138.783,"LCD (LED)",92.3,"Available",4.5,54.63886709999999,"55.0"
148083,"HISENSE","55U7HNZ","China",138.783,"LCD (LED)",92.3,"Available",4.5,54.63886709999999,"55.0"
148083,"HISENSE","55U7H series","China",138.783,"LCD (LED)",92.3,"Available",4.5,54.63886709999999,"55.0"
148084,"HISENSE","65U7HAU","China",163.896,"LCD (LED)",115.68,"Available",5,64.5258552,"65.0"
148084,"HISENSE","65U7HNZ","China",163.896,"LCD (LED)",115.68,"Available",5,64.5258552,"65.0"
148084,"HISENSE","65U7H series","China",163.896,"LCD (LED)",115.68,"Available",5,64.5258552,"65.0"
148085,"HISENSE","75U7HAU","China",189.274,"LCD (LED)",148.69,"Available",5,74.5171738,"75.0"
148085,"HISENSE","75U7HNZ","China",189.274,"LCD (LED)",148.69,"Available",5,74.5171738,"75.0"
148085,"HISENSE","75U7H series","China",189.274,"LCD (LED)",148.69,"Available",5,74.5171738,"75.0"
148086,"HISENSE","85U7HAU","China",214.783,"LCD (LED)",214.94,"Available",4.5,84.5600671,"85.0"
148086,"HISENSE","85U7HNZ","China",214.783,"LCD (LED)",214.94,"Available",4.5,84.5600671,"85.0"
148086,"HISENSE","85U7H series","China",214.783,"LCD (LED)",214.94,"Available",4.5,84.5600671,"85.0"
148089,"HISENSE","32A4HAU","China",80.04,"LCD (LED)",25.32,"Available",6,31.511748,"32.0"
148090,"HISENSE","40A4HAU","China",100.332,"LCD (LED)",32.9,"Available",6,39.50070839999999,"40.0"
148096,"SAMSUNG ELECTRONICS","QA98QN100BW","Vietnam",247.702,"LCD (LED)",438,"Available",3,97.5202774,"98.0"
148096,"SAMSUNG ELECTRONICS","QA98QN100BS","Vietnam",247.702,"LCD (LED)",438,"Available",3,97.5202774,"98.0"
148096,"SAMSUNG ELECTRONICS","QA98QN100B*","Vietnam",247.702,"LCD (LED)",438,"Available",3,97.5202774,"98.0"
148158,"SAMSUNG ELECTRONICS","HG43Q60BAAW","Vietnam",107.987,"LCD (LED)",70,"Available",4,42.5144819,"43.0"
148160,"SAMSUNG ELECTRONICS","HG50Q60BAAW","Vietnam",125.727,"LCD (LED)",80,"Available",4.5,49.4987199,"50.0"
148162,"SAMSUNG ELECTRONICS","HG55Q60BAAW","Vietnam",138.783,"LCD (LED)",87,"Available",5,54.63886709999999,"55.0"
148163,"SAMSUNG ELECTRONICS","HG65Q60BAAW","Vietnam",163.897,"LCD (LED)",117,"Available",5,64.5262489,"65.0"
148164,"SAMSUNG ELECTRONICS","HG75Q60BAAW","Vietnam",189.338,"LCD (LED)",183,"Available",4.5,74.5423706,"75.0"
148240,"Philips","43PFT6915/79","Netherlands",107.942,"LCD (LED)",50.44,"Available",5,42.496765399999994,"43.0"
148246,"KOGAN","LE-40T1","China",100.332,"LCD (LED)",34.7106,"Available",6,39.50070839999999,"40.0"
148246,"KOGAN","KALED40GF7600VA","China",100.332,"LCD (LED)",34.7106,"Available",6,39.50070839999999,"40.0"
148251,"LG","OLED55CS6LA","Indonesia,South Korea",138.783,"OLED",102,"Available",4.5,54.63886709999999,"55.0"
148252,"LG","OLED55CSPSA","Indonesia,South Korea",138.783,"OLED",102,"Available",4.5,54.63886709999999,"55.0"
148253,"LG","OLED65CS6LA","Indonesia,South Korea",163.897,"OLED",126,"Available",5,64.5262489,"65.0"
148254,"LG","OLED65CSPSA","Indonesia,South Korea",163.897,"OLED",126,"Available",5,64.5262489,"65.0"
148255,"LG","OLED77CS6LA","Indonesia,South Korea",194.738,"OLED",156,"Available",5.5,76.6683506,"77.0"
148256,"LG","OLED77CSPSA","Indonesia,South Korea",194.738,"OLED",156,"Available",5.5,76.6683506,"77.0"
148257,"LG","42LX3Q6LA","Indonesia,South Korea",105.52,"OLED",63,"Available",4.5,41.543223999999995,"42.0"
148258,"LG","42LX3QPSA","Indonesia,South Korea",105.52,"OLED",63,"Available",4.5,41.543223999999995,"42.0"
148259,"LG","50QNED7SSQA","Indonesia,South Korea",125.727,"LCD (LED)",73,"Available",5,49.4987199,"50.0"
148260,"LG","55QNED7SSQA","Indonesia,South Korea",138.783,"LCD (LED)",94,"Available",4.5,54.63886709999999,"55.0"
148261,"LG","65QNED7SSQA","Indonesia,South Korea",163.897,"LCD (LED)",114,"Available",5,64.5262489,"65.0"
148262,"LG","75QNED7SSQA","Indonesia,South Korea",189.275,"LCD (LED)",130,"Available",6,74.5175675,"75.0"
148264,"JVC","JV55ID7A2022Q","China",138.798,"LCD (LED)",100.2,"Available",4,54.6447726,"55.0"
148284,"EKO","K32DVD","China",80.043,"LCD",35.2,"Available",5,31.5129291,"32.0"
148317,"Philips","65PUT7906/75","China",163.897,"LCD (LED)",128.4,"Available",4.5,64.5262489,"65.0"
148363,"BAUHN","Tizen TV","China",163.878,"LCD (LED)",96.3,"Available",6,64.51876859999999,"65.0"
148363,"BAUHN","ATV65UHDT-0123","China",163.878,"LCD (LED)",96.3,"Available",6,64.51876859999999,"65.0"
148363,"BAUHN","ATV65UHDT-0922","China",163.878,"LCD (LED)",96.3,"Available",6,64.51876859999999,"65.0"
148437,"SMARTTECH","SMT-U50T1","China",125.731,"LCD (LED)",50.6,"Available",6,49.5002947,"50.0"
148468,"SMARTTECH","SMT-U55T1","China",138.783,"LCD (LED)",53.64,"Available",6,54.63886709999999,"55.0"
148475,"SMARTTECH","SMT-U65T1","China",163.896,"LCD (LED)",99.95,"Available",5.5,64.5258552,"65.0"
148494,"KOGAN","LE-32T1","China",80.039,"LCD (LED)",26.4498,"Available",5.5,31.5113543,"32.0"
148494,"KOGAN","KALED32QH6200VA","China",80.039,"LCD (LED)",26.4498,"Available",5.5,31.5113543,"32.0"
148496,"Kogan","LE-24T1","China",59.824,"LCD (LED)",17.1498,"Available",5.5,23.552708799999998,"24.0"
148496,"Kogan","KALED24DH5200VA","China",59.824,"LCD (LED)",17.1498,"Available",5.5,23.552708799999998,"24.0"
148504,"LG","OLED97G2PSA","Indonesia,South Korea",245.145,"OLED",219,"Available",6,96.5135865,"97.0"
148505,"LG","OLED97G26LA","Indonesia,South Korea",245.145,"OLED",219,"Available",6,96.5135865,"97.0"
148553,"Sphere","S8LED185","China",46.995,"LCD (LED)",17.74,"Available",4.5,18.501931499999998,"19.0"
148553,"Sphere","S8LED185S","China",46.995,"LCD (LED)",17.74,"Available",4.5,18.501931499999998,"19.0"
148569,"Signify","EA2277","China",138.783,"LCD (LED)",98.268,"Available",4.5,54.63886709999999,"55.0"
148579,"Sphere","S8LED215","China",54.687,"LCD (LED)",24.81,"Available",4,21.5302719,"22.0"
148579,"Sphere","S8LED215S","China",54.687,"LCD (LED)",24.81,"Available",4,21.5302719,"22.0"
148579,"Sphere","S8LED215 series","China",54.687,"LCD (LED)",24.81,"Available",4,21.5302719,"22.0"
148581,"Sphere","S8LED238","China",60.47,"LCD (LED)",26.67,"Available",4,23.807039,"24.0"
148581,"Sphere","S8LED238S","China",60.47,"LCD (LED)",26.67,"Available",4,23.807039,"24.0"
148595,"BAUHN","ATV70UHDT-1022","China",176.545,"LCD",97.8,"Available",6,69.5057665,"70.0"
148613,"Smarttech","SMT-H32T1","China",79.967,"LCD (LED)",25.8,"Available",5.5,31.4830079,"32.0"
148614,"HISENSE","55U8HAU","China",138.783,"LCD (LED)",115.84,"Available",3.5,54.63886709999999,"55.0"
148614,"HISENSE","55U8HNZ","China",138.783,"LCD (LED)",115.84,"Available",3.5,54.63886709999999,"55.0"
148614,"HISENSE","55U8H series","China",138.783,"LCD (LED)",115.84,"Available",3.5,54.63886709999999,"55.0"
148615,"HISENSE","65U8HAU","China",163.896,"LCD (LED)",159.55,"Available",3.5,64.5258552,"65.0"
148615,"HISENSE","65U8HNZ","China",163.896,"LCD (LED)",159.55,"Available",3.5,64.5258552,"65.0"
148615,"HISENSE","65U8H series","China",163.896,"LCD (LED)",159.55,"Available",3.5,64.5258552,"65.0"
148618,"Smarttech","SMT-F40T1","China",100.305,"LCD (LED)",35.9,"Available",6,39.4900785,"40.0"
148621,"DECAMAX","WY55F1F-EU","China",138.666,"LCD (LED)",106.68,"Available",3.5,54.592804199999996,"55.0"
148691,"JVC","AV-H323115A11","China",80.139,"LCD",31.9,"Available",5.5,31.5507243,"32.0"
148691,"JVC","LT-32N3115A11","China",80.139,"LCD",31.9,"Available",5.5,31.5507243,"32.0"
148691,"JVC","NA","China",80.139,"LCD",31.9,"Available",5.5,31.5507243,"32.0"
148693,"JVC","LT-40N5115A11","China",100.791,"LCD",36.7,"Available",5,39.6814167,"40.0"
148694,"JVC","AV-H657115A11","China",163.132,"LCD",124.968,"Available",4.5,64.2250684,"64.0"
148694,"JVC","LT-65N7115A11","China",163.132,"LCD",124.968,"Available",4.5,64.2250684,"64.0"
148696,"JVC","AV-H557135A11","China",138.412,"LCD",102,"Available",4.5,54.492804400000004,"55.0"
148696,"JVC","LT-55N7115A11","China",138.412,"LCD",102,"Available",4.5,54.492804400000004,"55.0"
148700,"JVC","AV-H437115A11","China",107.912,"LCD",73,"Available",4,42.4849544,"43.0"
148709,"SVISION","SC32HSG","China",80.029,"LCD (LED)",34.4,"Available",4,31.507417299999997,"32.0"
148739,"ARK","H24","China",59.736,"LCD",14,"Available",7,23.5180632,"24.0"
148774,"Linsar","LS98UHDNF","China",247.695,"LCD",214.416,"Available",6,97.5175215,"98.0"
148902,"CHiQ","L32D6C","China",79.967,"LCD (LED)",30,"Available",5.5,31.4830079,"32.0"
149021,"KOGAN","KALED55RT9230SVA","China",138.783,"LCD (LED)",53.64,"Available",6,54.63886709999999,"55.0"
149033,"LG","55AN960H0SD","Indonesia,Egypt",138.783,"OLED",70,"Available",6,54.63886709999999,"55.0"
149034,"LG","65AN960H0SD","Egypt,Indonesia",163.897,"OLED",87,"Available",6,64.5262489,"65.0"
149035,"Veon","VNG22F5022","China",125.812,"LCD (LED)",72.1,"Available",5,49.5321844,"50.0"
149039,"Veon","VNG22F5522","China",138.711,"LCD",94.8,"Available",4.5,54.6105207,"55.0"
149055,"ENGLAON","LED40X70","China",100.722,"LCD (LED)",36.27,"Available",6,39.6542514,"40.0"
149055,"ENGLAON","LED40X90","China",100.722,"LCD (LED)",36.27,"Available",6,39.6542514,"40.0"
149055,"ENGLAON","Smart LED TV","China",100.722,"LCD (LED)",36.27,"Available",6,39.6542514,"40.0"
149165,"METZ","65MXD9500N","China",164.249,"OLED",113.4,"Available",4,64.6648313,"65.0"
149174,"BLAUPUNKT","BP750USG9700","China",188.424,"LCD",221.6,"Available",3.5,74.1825288,"74.0"
149241,"HISENSE","65U9HAU","China",163.896,"LCD (LED)",168.67,"Available",3.5,64.5258552,"65.0"
149243,"HISENSE","75U80HAU","China",189.274,"LCD (LED)",243.11,"Available",3,74.5171738,"75.0"
149244,"HISENSE","65X8HAU","China",163.896,"OLED",92.33,"Available",6,64.5258552,"65.0"
149245,"HISENSE","55X8HAU","China",138.783,"OLED",78.58,"Available",5,54.63886709999999,"55.0"
149246,"HISENSE","65X9HAU","China",163.896,"OLED",108.3,"Available",5,64.5258552,"65.0"
149255,"HISENSE","98U7HNZ","China",247.695,"LCD (LED)",256.93,"Available",5,97.5175215,"98.0"
149255,"HISENSE","98U7HAU","China",247.695,"LCD (LED)",256.93,"Available",5,97.5175215,"98.0"
149255,"HISENSE","98U7H series","China",247.695,"LCD (LED)",256.93,"Available",5,97.5175215,"98.0"
149326,"Linsar","LS82UHDNF2","China",207.217,"LCD",170.6,"Available",5.5,81.5813329,"82.0"
149327,"ENGLAON","LED32X70","China",80.784,"LCD (LED)",38.46,"Available",4.5,31.8046608,"32.0"
149327,"ENGLAON","LED32X90","China",80.784,"LCD (LED)",38.46,"Available",4.5,31.8046608,"32.0"
149339,"FURRION","FDFD24D4D","China",60.47,"LCD",31.98,"Available",3.5,23.807039,"24.0"
149386,"Veon","VNG22F7522","China",189.344,"LCD (LED)",175.6,"Available",4.5,74.54473279999999,"75.0"
149387,"Veon","VNG22F6522","China",163.829,"LCD (LED)",128.1,"Available",4.5,64.4994773,"65.0"
149418,"Linsar","LSK55WSFW","China",138.783,"LCD",62.5,"Available",6,54.63886709999999,"55.0"
149422,"KOGAN","KAOLED55X2SKA","China,Indonesia",138.554,"OLED",90.1,"Available",4,54.5487098,"55.0"
149423,"KOGAN","KAOLED65X2SKA","China,Indonesia",164.249,"OLED",113.4,"Available",4,64.6648313,"65.0"
149426,"TCL","55RP630","China",138.711,"LCD (LED)",41.8,"Available",7,54.6105207,"55.0"
149433,"LG","43UQ901C0SD","Indonesia",107.987,"LCD (LED)",75,"Available",3.5,42.5144819,"43.0"
149434,"LG","50UQ901C0SD","Indonesia",125.727,"LCD (LED)",90,"Available",4,49.4987199,"50.0"
149435,"LG","55UQ901C0SD","Indonesia",138.783,"LCD (LED)",114,"Available",4,54.63886709999999,"55.0"
149436,"LG","65UQ901C0SD","Indonesia",163.897,"LCD (LED)",148,"Available",4,64.5262489,"65.0"
149437,"LG","75UQ901C0SD","Indonesia",189.275,"LCD (LED)",165,"Available",5,74.5175675,"75.0"
149438,"LG","86UQ901C0SD","Indonesia",217.425,"LCD (LED)",250,"Available",4,85.6002225,"86.0"
149443,"KONIC","KKD43SG396A","China",107.953,"LCD (LED)",46.6632,"Available",5.5,42.5010961,"43.0"
149456,"ILUMA","ILU-SMARTTV24-DVD","China",60.493,"LCD",30.28,"Available",3.5,23.8160941,"24.0"
149456,"ILUMA","VK2401D","China",60.493,"LCD",30.28,"Available",3.5,23.8160941,"24.0"
149456,"ILUMA","VK2402D","China",60.493,"LCD",30.28,"Available",3.5,23.8160941,"24.0"
149456,"ILUMA","VK2403D","China",60.493,"LCD",30.28,"Available",3.5,23.8160941,"24.0"
149456,"ILUMA","VK2404D","China",60.493,"LCD",30.28,"Available",3.5,23.8160941,"24.0"
149456,"ILUMA","VK2405D","China",60.493,"LCD",30.28,"Available",3.5,23.8160941,"24.0"
149456,"ILUMA","ILU-SMARTTV24-DVD, VK2401D, VK2402D, VK2403D, VK2404D, VK2405D","China",60.493,"LCD",30.28,"Available",3.5,23.8160941,"24.0"
149482,"Linsar","LSK50WSFW","China",125.638,"LCD",53.8,"Available",6,49.4636806,"50.0"
149504,"BAUHN","ATV60UHDW-1023","China",152.444,"LCD",80.7,"Available",6,60.01720279999999,"60.0"
149533,"BLAUPUNKT","BP240HSG9700","China",59.814,"LCD (LED)",25,"Available",4,23.5487718,"24.0"
149571,"ILUMA","ILU-SMARTTV32-DVD","China",80.376,"LCD",32.18,"Available",5,31.6440312,"32.0"
149571,"ILUMA","VK3201D","China",80.376,"LCD",32.18,"Available",5,31.6440312,"32.0"
149571,"ILUMA","VK3202D","China",80.376,"LCD",32.18,"Available",5,31.6440312,"32.0"
149571,"ILUMA","VK3203D","China",80.376,"LCD",32.18,"Available",5,31.6440312,"32.0"
149571,"ILUMA","VK3204D","China",80.376,"LCD",32.18,"Available",5,31.6440312,"32.0"
149571,"ILUMA","VK3205D","China",80.376,"LCD",32.18,"Available",5,31.6440312,"32.0"
149571,"ILUMA","ILU-SMARTTV32-DVD, VK3201D, VK3202D; VK3203D, VK3204D, VK3205D","China",80.376,"LCD",32.18,"Available",5,31.6440312,"32.0"
149580,"BLAUPUNKT","BP430FSG9700","China",107.863,"LCD",47.76,"Available",5.5,42.4656631,"43.0"
149623,"Linsar","LSK32WSFW","China",80.038,"LCD",28.2,"Available",6,31.510960599999997,"32.0"
149665,"kogan","KALED75XU9420STA","China",189.306,"LCD (LED)",133,"Available",6,74.5297722,"75.0"
149667,"kogan","KALED32RH9510STA","China",79.967,"LCD (LED)",28,"Available",6,31.4830079,"32.0"
149697,"TCL","58P635","China",146.039,"LCD (LED)",56.1,"Available",6,57.495554299999995,"58.0"
149762,"JVC","JVG3B5022Q","China",125.812,"LCD (LED)",74.7,"Available",4.5,49.5321844,"50.0"
149766,"JVC","JVG3B5522Q","China",138.526,"LCD (LED)",73.9,"Available",5.5,54.5376862,"55.0"
149770,"JVC","JVG3B6522Q","China",163.829,"LCD",114.8,"Available",5,64.4994773,"65.0"
149774,"JVC","JVG3B7522Q","China",189.344,"LCD (LED)",175.4,"Available",4.5,74.54473279999999,"75.0"
149776,"JVC","JVG518622Q","China",217.24,"LCD (LED)",237.5,"Available",4,85.527388,"86.0"
149824,"Linsar","LS75UHDZEN","China",189.219,"LCD",108.1,"Available",6,74.4955203,"75.0"
149832,"Linsar","LS65UHDZEN","China",163.878,"LCD",96.3,"Available",6,64.51876859999999,"65.0"
149841,"JVC","LT-75N7125A11","China",188.424,"LCD",221.6,"Available",3.5,74.1825288,"74.0"
150017,"KOGAN","KALED58TU9420SKA","China",146.092,"LCD (LED)",106.2,"Available",4.5,57.5164204,"58.0"
150089,"JVC","AV-HQ507115A11","China",126.112,"LCD",101.98,"Available",3.5,49.6502944,"50.0"
150091,"JVC","LT-50NQ7115A11","China",125.093,"LCD",60.73,"Available",5,49.2491141,"49.0"
150136,"Veon","VN50ID7022","China",125.736,"LCD (LED)",82.7,"Available",4,49.5022632,"50.0"
150155,"JVC","LT-32N3135A","China",80.039,"LCD (LED)",24.687,"Available",5.5,31.5113543,"32.0"
150165,"KOGAN","KALED70TX9520SKA","China",176.539,"LCD (LED)",144.2,"Available",4.5,69.5034043,"70.0"
150263,"Linsar","LS85UHDZEN","China",214.783,"LCD",159,"Available",6,84.5600671,"85.0"
150268,"AKAI","AK4022S7WOS","China",100.217,"LCD",39.9,"Available",6,39.4554329,"40.0"
150270,"kogan","KAQLED85XQ98JSTA","China",214.783,"LCD (LED)",266,"Available",4,84.5600671,"85.0"
150270,"kogan","KAQLED85XQ98JSTB","China",214.783,"LCD (LED)",266,"Available",4,84.5600671,"85.0"
150270,"kogan","KAQLED85XQ98JSTC","China",214.783,"LCD (LED)",266,"Available",4,84.5600671,"85.0"
150270,"kogan","KAQLED85XQ98JSTD","China",214.783,"LCD (LED)",266,"Available",4,84.5600671,"85.0"
150298,"BAUHN","ATV43UHDT-0123","China",107.987,"LCD (LED)",45.5,"Available",6,42.5144819,"43.0"
150326,"AKAI","AK6522S7TZN","China",163.878,"LCD",96.3,"Available",6,64.51876859999999,"65.0"
150327,"JVC","LT-55NQ7105A11","China",138.783,"LCD",72.4,"Available",5,54.63886709999999,"55.0"
150329,"TEAC","LEDV2422DT","China",59.809,"LCD (LED)",19.6,"Available",4.5,23.546803299999997,"24.0"
150329,"TEAC","LED2422DT","China",59.809,"LCD (LED)",19.6,"Available",4.5,23.546803299999997,"24.0"
150329,"TEAC","LED*2422DT","China",59.809,"LCD (LED)",19.6,"Available",4.5,23.546803299999997,"24.0"
150364,"SONY","KD-55X80L","Malaysia",138.798,"LCD (LED)",126.2,"Available",3.5,54.6447726,"55.0"
150365,"SONY","KD-65X80L","Malaysia",163.878,"LCD (LED)",147.6,"Available",4,64.51876859999999,"65.0"
150366,"Kodak","KD40WOS2","China",100.217,"LCD",39.9,"Available",6,39.4554329,"40.0"
150434,"kogan","KALED50RN9220STA","China",125.638,"LCD (LED)",75,"Available",5,49.4636806,"50.0"
150434,"kogan","KALED50RN9220STB","China",125.638,"LCD (LED)",75,"Available",5,49.4636806,"50.0"
150434,"kogan","KALED50RN9220STC","China",125.638,"LCD (LED)",75,"Available",5,49.4636806,"50.0"
150434,"kogan","KALED50RN9220STD","China",125.638,"LCD (LED)",75,"Available",5,49.4636806,"50.0"
150474,"kogan","KAQLED65XQ98JSTA","China",163.829,"LCD (LED)",158,"Available",4,64.4994773,"65.0"
150474,"kogan","KAQLED65XQ98JSTB","China",163.829,"LCD (LED)",158,"Available",4,64.4994773,"65.0"
150474,"kogan","KAQLED65XQ98JSTC","China",163.829,"LCD (LED)",158,"Available",4,64.4994773,"65.0"
150474,"kogan","KAQLED65XQ98JSTD","China",163.829,"LCD (LED)",158,"Available",4,64.4994773,"65.0"
150475,"kogan","KAQLED75XQ98JSTA","China",189.306,"LCD (LED)",182,"Available",4.5,74.5297722,"75.0"
150475,"kogan","KAQLED75XQ98JSTB","China",189.306,"LCD (LED)",182,"Available",4.5,74.5297722,"75.0"
150475,"kogan","KAQLED75XQ98JSTC","China",189.306,"LCD (LED)",182,"Available",4.5,74.5297722,"75.0"
150475,"kogan","KAQLED75XQ98JSTD","China",189.306,"LCD (LED)",182,"Available",4.5,74.5297722,"75.0"
150476,"kogan","KAQLED55XQ98JSTA","China",138.711,"LCD (LED)",92,"Available",5,54.6105207,"55.0"
150476,"kogan","KAQLED55XQ98JSTB","China",138.711,"LCD (LED)",92,"Available",5,54.6105207,"55.0"
150476,"kogan","KAQLED55XQ98JSTC","China",138.711,"LCD (LED)",92,"Available",5,54.6105207,"55.0"
150476,"kogan","KAQLED55XQ98JSTD","China",138.711,"LCD (LED)",92,"Available",5,54.6105207,"55.0"
150477,"kogan","KALED65XU9220STB","China",163.829,"LCD (LED)",110,"Available",5.5,64.4994773,"65.0"
150477,"kogan","KALED65XU9220STC","China",163.829,"LCD (LED)",110,"Available",5.5,64.4994773,"65.0"
150477,"kogan","KALED65XU9220STD","China",163.829,"LCD (LED)",110,"Available",5.5,64.4994773,"65.0"
150477,"kogan","KALED65XU9220STE","China",163.829,"LCD (LED)",110,"Available",5.5,64.4994773,"65.0"
150477,"kogan","KALED65XU9220STF","China",163.829,"LCD (LED)",110,"Available",5.5,64.4994773,"65.0"
150478,"ENGLAON","LED24M30","China",60.542,"LCD (LED)",29.05,"Available",4,23.8353854,"24.0"
150479,"ENGLAON","LED24X70","China",61.928,"LCD (LED)",25.84,"Available",4.5,24.381053599999998,"24.0"
150479,"ENGLAON","LED24X90","China",61.928,"LCD (LED)",25.84,"Available",4.5,24.381053599999998,"24.0"
150479,"ENGLAON","LED24X70, LED24X90","China",61.928,"LCD (LED)",25.84,"Available",4.5,24.381053599999998,"24.0"
150505,"AKAI","AK2422S7WOS","China",59.774,"LCD (LED)",15.1,"Available",6,23.5330238,"24.0"
150505,"AKAI","AK24**S7WOS","China",59.774,"LCD (LED)",15.1,"Available",6,23.5330238,"24.0"
150505,"AKAI","AK2423S7WOS","China",59.774,"LCD (LED)",15.1,"Available",6,23.5330238,"24.0"
150534,"SONY","XR-55A80L","Malaysia",138.798,"OLED",103.7,"Available",4,54.6447726,"55.0"
150537,"SONY","XR-65A80L","Malaysia",163.878,"OLED",121.1,"Available",5,64.51876859999999,"65.0"
150543,"Linsar","LS50UHDZEN","China",125.727,"LCD",56.7,"Available",6,49.4987199,"50.0"
150544,"Linsar","LS55UHDZEN","China",138.783,"LCD",68.5,"Available",6,54.63886709999999,"55.0"
150555,"TEAC","LEV24A423","China",59.824,"LCD (LED)",22.2,"Available",5,23.552708799999998,"24.0"
150560,"AKAI","AK7522S7TZN","China",189.219,"LCD",108.1,"Available",6,74.4955203,"75.0"
150585,"kogan","KAQLED50XQ98JSTA","China",125.638,"LCD (LED)",104,"Available",3.5,49.4636806,"50.0"
150585,"kogan","KAQLED50XQ98JSTB","China",125.638,"LCD (LED)",104,"Available",3.5,49.4636806,"50.0"
150585,"kogan","KAQLED50XQ98JSTC","China",125.638,"LCD (LED)",104,"Available",3.5,49.4636806,"50.0"
150585,"kogan","KAQLED50XQ98JSTD","China",125.638,"LCD (LED)",104,"Available",3.5,49.4636806,"50.0"
150615,"Monster","MT24HDW-LT22","China",59.774,"LCD (LED)",15.1,"Available",6,23.5330238,"24.0"
150632,"Monster","MT32HDW-LT22","China",80.054,"LCD",23.5,"Available",6,31.5172598,"32.0"
150641,"Veon","VN32ID70","China",80.054,"LCD (LED)",31.78,"Available",5,31.5172598,"32.0"
150642,"Linsar","LSK43WSFW","China",107.956,"LCD",44.6,"Available",6,42.5022772,"43.0"
150648,"Polaroid","PL55M4G11","China",138.412,"LCD",68.98,"Available",6,54.492804400000004,"55.0"
150656,"LG","32LN340CBSD","Indonesia",80.043,"LCD (LED)",33,"Available",5,31.5129291,"32.0"
150666,"Altius","AT24HDW-BCF","China",59.774,"LCD",15.1,"Available",6,23.5330238,"24.0"
150667,"Kodak","KD32WOS2","China",80.054,"LCD",23.5,"Available",6,31.5172598,"32.0"
150668,"Altius","AT32HDW-BCF","China",80.054,"LCD",23.5,"Available",6,31.5172598,"32.0"
150674,"KOGAN","KALED42RF7510SPA","China",105.415,"LCD (LED)",44.2,"Available",5.5,41.5018855,"42.0"
150674,"KOGAN","KALED42RF7510SPB","China",105.415,"LCD (LED)",44.2,"Available",5.5,41.5018855,"42.0"
150674,"KOGAN","KALED42RF7510SPC","China",105.415,"LCD (LED)",44.2,"Available",5.5,41.5018855,"42.0"
150674,"KOGAN","KALED42RF7510SPD","China",105.415,"LCD (LED)",44.2,"Available",5.5,41.5018855,"42.0"
150674,"KOGAN","KALED42RF7510SP*","China",105.415,"LCD (LED)",44.2,"Available",5.5,41.5018855,"42.0"
150691,"TEAC","LEV32A423","China",80.039,"LCD (LED)",33.3,"Available",5,31.5113543,"32.0"
150691,"TEAC","LEV32A422","China",80.039,"LCD (LED)",33.3,"Available",5,31.5113543,"32.0"
150691,"TEAC","LEV32A *423 *422","China",80.039,"LCD (LED)",33.3,"Available",5,31.5113543,"32.0"
150691,"TEAC","LEV24A422","China",80.039,"LCD (LED)",33.3,"Available",5,31.5113543,"32.0"
150699,"AKAI","AK5022S7TZN","China",125.727,"LCD",56.7,"Available",6,49.4987199,"50.0"
150816,"kogan","KALED43RF9820STA","China",107.863,"LCD (LED)",55,"Available",5,42.4656631,"43.0"
150816,"kogan","KALED43RF9820STB","China",107.863,"LCD (LED)",55,"Available",5,42.4656631,"43.0"
150816,"kogan","KALED43RF9820STC","China",107.863,"LCD (LED)",55,"Available",5,42.4656631,"43.0"
150816,"kogan","KALED43RF9820STD","China",107.863,"LCD (LED)",55,"Available",5,42.4656631,"43.0"
150816,"kogan","KALED43RF9820STE","China",107.863,"LCD (LED)",55,"Available",5,42.4656631,"43.0"
150826,"SONY","XR-77A80L","Malaysia",194.726,"OLED",169.7,"Available",5,76.6636262,"77.0"
150943,"SHARP","2T-C32EG1X","Malaysia",80.043,"LCD (LED)",29.15,"Available",5.5,31.5129291,"32.0"
150945,"SHARP","2T-C42EG1X","Malaysia",105.415,"LCD (LED)",53,"Available",5,41.5018855,"42.0"
150946,"SHARP","4T-C50DK1X","Malaysia",125.727,"LCD (LED)",84.4,"Available",4.5,49.4987199,"50.0"
150947,"SHARP","4T-C70DL1X","Malaysia",176.563,"LCD (LED)",123.94,"Available",5.5,69.5128531,"70.0"
150952,"BLAUPUNKT","BP430FSG9700C","China",107.863,"LCD",54.04,"Available",5,42.4656631,"43.0"
150970,"Kodak","KD55WOS2","China",138.783,"LCD",69.64,"Available",6,54.63886709999999,"55.0"
150972,"Linsar","LS75UHDNF","China",189.306,"LCD (LED)",127.7,"Available",6,74.5297722,"75.0"
150977,"Blaupunkt","BP58WOS","China",146.068,"LCD (LED)",105.156,"Available",4.5,57.50697160000001,"58.0"
150987,"KONKA","KUD55WT702AN","China",138.783,"LCD (LED)",86.54,"Available",5,54.63886709999999,"55.0"
150989,"KONKA","KUD50WT702AN","China",125.731,"LCD",71.99,"Available",5,49.5002947,"50.0"
151007,"LOEWE","BILD i65","Germany",163.857,"OLED",114,"Available",5,64.5105009,"65.0"
151008,"LOEWE","BILD i55","Germany",138.798,"OLED",96.5,"Available",4.5,54.6447726,"55.0"
151009,"LOEWE","BILD i48","Germany",120.713,"OLED",74.4,"Available",4.5,47.5247081,"48.0"
151012,"Blaupunkt","BP500USG9700","China",138.783,"LCD (LED)",86.04,"Available",5,54.63886709999999,"55.0"
151088,"FFALCON","FF55RU62","China",138.711,"LCD (LED)",41.8,"Available",7,54.6105207,"55.0"
151145,"SHARP","4T-C60DL1X","Malaysia",152.663,"LCD (LED)",137,"Available",4,60.1034231,"60.0"
151169,"BAUHN","ATV50UHDT-0323","China",125.727,"LCD",56.7,"Available",6,49.4987199,"50.0"
151170,"BAUHN","ATV75UHDT-0423","China",189.219,"LCD",108.1,"Available",6,74.4955203,"75.0"
151217,"KONKA","KDL40WE680AN","China",100.332,"LCD (LED)",44.99,"Available",5,39.50070839999999,"40.0"
151218,"KONKA","KDL32WE680AN","China",80.039,"LCD (LED)",31.1544,"Available",5,31.5113543,"32.0"
151289,"SONY","XR-55X90L","Malaysia",138.798,"LCD (LED)",121,"Available",3.5,54.6447726,"55.0"
151290,"SONY","XR-65X90L","Malaysia",163.878,"LCD (LED)",144.3,"Available",4,64.51876859999999,"65.0"
151346,"LG","OLED42C3PSA","Indonesia,South Korea",105.52,"OLED",63,"Available",4.5,41.543223999999995,"42.0"
151347,"LG","OLED42C36LA","Indonesia,South Korea",105.52,"OLED",63,"Available",4.5,41.543223999999995,"42.0"
151348,"LG","OLED48A3PSA","Indonesia,South Korea",120.721,"OLED",75,"Available",4.5,47.5278577,"48.0"
151349,"LG","OLED48A36LA","Indonesia,South Korea",120.721,"OLED",75,"Available",4.5,47.5278577,"48.0"
151350,"LG","OLED48C3PSA","Indonesia,South Korea",120.721,"OLED",77,"Available",4.5,47.5278577,"48.0"
151351,"LG","OLED48C36LA","Indonesia,South Korea",120.721,"OLED",77,"Available",4.5,47.5278577,"48.0"
151352,"LG","OLED55A3PSA","Indonesia,South Korea",138.783,"OLED",84,"Available",5,54.63886709999999,"55.0"
151353,"LG","OLED55A36LA","Indonesia,South Korea",138.783,"OLED",84,"Available",5,54.63886709999999,"55.0"
151354,"LG","OLED55B3PSA","Indonesia,South Korea",138.783,"OLED",99,"Available",4.5,54.63886709999999,"55.0"
151355,"LG","OLED55B36LA","Indonesia,South Korea",138.783,"OLED",99,"Available",4.5,54.63886709999999,"55.0"
151356,"LG","OLED55C3PSA","Indonesia,South Korea",138.783,"OLED",95,"Available",4.5,54.63886709999999,"55.0"
151357,"LG","OLED55C36LA","Indonesia,South Korea",138.783,"OLED",95,"Available",4.5,54.63886709999999,"55.0"
151358,"LG","OLED55G3PSA","Indonesia,South Korea",138.783,"OLED",115,"Available",4,54.63886709999999,"55.0"
151359,"LG","OLED55G36LA","Indonesia,South Korea",138.783,"OLED",115,"Available",4,54.63886709999999,"55.0"
151360,"LG","OLED65A3PSA","Indonesia,South Korea",163.897,"OLED",103,"Available",5.5,64.5262489,"65.0"
151361,"LG","OLED65A36LA","Indonesia,South Korea",163.897,"OLED",103,"Available",5.5,64.5262489,"65.0"
151362,"LG","OLED65B3PSA","Indonesia,South Korea",163.897,"OLED",121,"Available",5,64.5262489,"65.0"
151363,"LG","OLED65B36LA","Indonesia,South Korea",163.897,"OLED",121,"Available",5,64.5262489,"65.0"
151364,"LG","OLED65C3PSA","Indonesia,South Korea",163.897,"OLED",112,"Available",5.5,64.5262489,"65.0"
151365,"LG","OLED65C36LA","Indonesia,South Korea",163.897,"OLED",112,"Available",5.5,64.5262489,"65.0"
151366,"LG","OLED65G3PSA","Indonesia,South Korea",163.897,"OLED",145,"Available",4,64.5262489,"65.0"
151367,"LG","OLED65G36LA","Indonesia,South Korea",163.897,"OLED",145,"Available",4,64.5262489,"65.0"
151368,"LG","OLED77B3PSA","Indonesia,South Korea",194.738,"OLED",158,"Available",5,76.6683506,"77.0"
151369,"LG","OLED77B36LA","Indonesia,South Korea",194.738,"OLED",158,"Available",5,76.6683506,"77.0"
151370,"LG","OLED77C3PSA","Indonesia,South Korea",194.738,"OLED",153,"Available",5.5,76.6683506,"77.0"
151371,"LG","OLED77C36LA","Indonesia,South Korea",194.738,"OLED",153,"Available",5.5,76.6683506,"77.0"
151372,"LG","OLED77G3PSA","Indonesia,South Korea",194.738,"OLED",196,"Available",4.5,76.6683506,"77.0"
151373,"LG","OLED77G36LA","Indonesia,South Korea",194.738,"OLED",196,"Available",4.5,76.6683506,"77.0"
151374,"LG","OLED77Z3PSA","Indonesia,South Korea",194.738,"OLED",238,"Available",3.5,76.6683506,"77.0"
151375,"LG","OLED83C3PSA","Indonesia,South Korea",209.585,"OLED",179,"Available",5.5,82.5136145,"83.0"
151376,"LG","OLED83C36LA","Indonesia,South Korea",209.585,"OLED",179,"Available",5.5,82.5136145,"83.0"
151377,"LG","OLED83G3PSA","Indonesia,South Korea",209.585,"OLED",181,"Available",5.5,82.5136145,"83.0"
151378,"LG","OLED83G36LA","Indonesia,South Korea",209.585,"OLED",181,"Available",5.5,82.5136145,"83.0"
151393,"BAUHN","ATV24HDG-0223","China",59.774,"LCD (LED)",16.17,"Available",5,23.5330238,"24.0"
151400,"Sony","KD-75X80L","Malaysia",189.306,"LCD (LED)",187.9,"Available",4,74.5297722,"75.0"
151401,"Sony","KD-85X80L","Malaysia",214.783,"LCD (LED)",238.7,"Available",4,84.5600671,"85.0"
151433,"SAMSUNG ELECTRONICS","QA65Q60CAW","Vietnam",163.897,"LCD (LED)",107,"Available",5.5,64.5262489,"65.0"
151433,"SAMSUNG ELECTRONICS","QA65Q60CAS","Vietnam",163.897,"LCD (LED)",107,"Available",5.5,64.5262489,"65.0"
151433,"SAMSUNG ELECTRONICS","QA65Q63CAS","Vietnam",163.897,"LCD (LED)",107,"Available",5.5,64.5262489,"65.0"
151433,"SAMSUNG ELECTRONICS","QA65Q6*CA*","Vietnam",163.897,"LCD (LED)",107,"Available",5.5,64.5262489,"65.0"
151436,"yokohama","YOKT55Q8","Australia",139.332,"LCD",75.58,"Available",5.5,54.855008399999996,"55.0"
151437,"yokohama","YOKT65Q8","Australia",164.003,"LCD",148.05,"Available",4,64.5679811,"65.0"
151440,"SAMSUNG ELECTRONICS","QA50Q60CAS","Vietnam",125.727,"LCD (LED)",76,"Available",5,49.4987199,"50.0"
151440,"SAMSUNG ELECTRONICS","QA50Q63CAS","Vietnam",125.727,"LCD (LED)",76,"Available",5,49.4987199,"50.0"
151440,"SAMSUNG ELECTRONICS","QA50Q6*CA*","Vietnam",125.727,"LCD (LED)",76,"Available",5,49.4987199,"50.0"
151446,"LG","50QNED81SRA","Indonesia,South Korea",125.727,"LCD (LED)",80,"Available",4.5,49.4987199,"50.0"
151447,"LG","50QNED816RA","Indonesia,South Korea",125.727,"LCD (LED)",80,"Available",4.5,49.4987199,"50.0"
151448,"LG","55QNED81SRA","Indonesia,South Korea",138.783,"LCD (LED)",94,"Available",4.5,54.63886709999999,"55.0"
151449,"LG","55QNED816RA","Indonesia,South Korea",138.783,"LCD (LED)",94,"Available",4.5,54.63886709999999,"55.0"
151450,"LG","65QNED81SRA","Indonesia,South Korea",163.897,"LCD (LED)",118,"Available",5,64.5262489,"65.0"
151451,"LG","65QNED816RA","Indonesia,South Korea",163.897,"LCD (LED)",118,"Available",5,64.5262489,"65.0"
151452,"LG","75QNED81SRA","Indonesia,South Korea",189.275,"LCD (LED)",134,"Available",5.5,74.5175675,"75.0"
151453,"LG","75QNED816RA","Indonesia,South Korea",189.275,"LCD (LED)",134,"Available",5.5,74.5175675,"75.0"
151454,"LG","86QNED81SRA","Indonesia,South Korea",217.425,"LCD (LED)",198,"Available",5,85.6002225,"86.0"
151455,"LG","86QNED816RA","Indonesia,South Korea",217.425,"LCD (LED)",198,"Available",5,85.6002225,"86.0"
151476,"SAMSUNG ELECTRONICS","QA43Q60CAS","Vietnam",107.987,"LCD (LED)",70,"Available",4,42.5144819,"43.0"
151476,"SAMSUNG ELECTRONICS","QA43Q63CAS","Vietnam",107.987,"LCD (LED)",70,"Available",4,42.5144819,"43.0"
151476,"SAMSUNG ELECTRONICS","QA43Q6*CA*","Vietnam",107.987,"LCD (LED)",70,"Available",4,42.5144819,"43.0"
151478,"SAMSUNG ELECTRONICS","QA55Q60CAW","Vietnam",138.783,"LCD (LED)",87,"Available",5,54.63886709999999,"55.0"
151478,"SAMSUNG ELECTRONICS","QA55Q60CAS","Vietnam",138.783,"LCD (LED)",87,"Available",5,54.63886709999999,"55.0"
151478,"SAMSUNG ELECTRONICS","QA55Q63CAS","Vietnam",138.783,"LCD (LED)",87,"Available",5,54.63886709999999,"55.0"
151478,"SAMSUNG ELECTRONICS","QA55Q6*CA*","Vietnam",138.783,"LCD (LED)",87,"Available",5,54.63886709999999,"55.0"
151488,"SAMSUNG ELECTRONICS","QA50QN90CAW","Vietnam",125.727,"LCD (LED)",94,"Available",4,49.4987199,"50.0"
151488,"SAMSUNG ELECTRONICS","QA50QN90CAS","Vietnam",125.727,"LCD (LED)",94,"Available",4,49.4987199,"50.0"
151488,"SAMSUNG ELECTRONICS","QA50QN90CA*","Vietnam",125.727,"LCD (LED)",94,"Available",4,49.4987199,"50.0"
151489,"SAMSUNG ELECTRONICS","QA55QN90CAW","Vietnam",138.783,"LCD (LED)",113,"Available",4,54.63886709999999,"55.0"
151489,"SAMSUNG ELECTRONICS","QA55QN90CAS","Vietnam",138.783,"LCD (LED)",113,"Available",4,54.63886709999999,"55.0"
151489,"SAMSUNG ELECTRONICS","QA55QN90CA*","Vietnam",138.783,"LCD (LED)",113,"Available",4,54.63886709999999,"55.0"
151565,"Sony","KD-55X85L","Malaysia",138.798,"LCD (LED)",107,"Available",4,54.6447726,"55.0"
151566,"Sony","KD-65X85L","Malaysia",163.878,"LCD (LED)",144.6,"Available",4,64.51876859999999,"65.0"
151572,"PRISM+","Q55U","China",138.731,"LCD (LED)",73.254,"Available",5.5,54.618394699999996,"55.0"
151598,"SAMSUNG ELECTRONICS","QA85Q60CAW","Vietnam",214.783,"LCD (LED)",173,"Available",5.5,84.5600671,"85.0"
151598,"SAMSUNG ELECTRONICS","QA85Q60CAS","Vietnam",214.783,"LCD (LED)",173,"Available",5.5,84.5600671,"85.0"
151598,"SAMSUNG ELECTRONICS","QA85Q6*CA*","Vietnam",214.783,"LCD (LED)",173,"Available",5.5,84.5600671,"85.0"
151602,"SAMSUNG ELECTRONICS","QA65QN90CAW","Vietnam",163.897,"LCD (LED)",155,"Available",4,64.5262489,"65.0"
151602,"SAMSUNG ELECTRONICS","QA65QN90CAS","Vietnam",163.897,"LCD (LED)",155,"Available",4,64.5262489,"65.0"
151602,"SAMSUNG ELECTRONICS","QA65QN90CA*","Vietnam",163.897,"LCD (LED)",155,"Available",4,64.5262489,"65.0"
151603,"SAMSUNG ELECTRONICS","QA75QN90CAW","Vietnam",189.338,"LCD (LED)",186,"Available",4.5,74.5423706,"75.0"
151603,"SAMSUNG ELECTRONICS","QA75QN90CAS","Vietnam",189.338,"LCD (LED)",186,"Available",4.5,74.5423706,"75.0"
151603,"SAMSUNG ELECTRONICS","QA75QN90CA*","Vietnam",189.338,"LCD (LED)",186,"Available",4.5,74.5423706,"75.0"
151606,"SAMSUNG ELECTRONICS","UA43CU7000S","Vietnam",107.987,"LCD (LED)",70,"Available",4,42.5144819,"43.0"
151606,"SAMSUNG ELECTRONICS","UA43CU7100S","Vietnam",107.987,"LCD (LED)",70,"Available",4,42.5144819,"43.0"
151606,"SAMSUNG ELECTRONICS","UA43CU7*00S","Vietnam",107.987,"LCD (LED)",70,"Available",4,42.5144819,"43.0"
151607,"SAMSUNG ELECTRONICS","UA50CU7000S","Vietnam",125.727,"LCD (LED)",80,"Available",4.5,49.4987199,"50.0"
151607,"SAMSUNG ELECTRONICS","UA50CU7100S","Vietnam",125.727,"LCD (LED)",80,"Available",4.5,49.4987199,"50.0"
151607,"SAMSUNG ELECTRONICS","UA50CU7*00S","Vietnam",125.727,"LCD (LED)",80,"Available",4.5,49.4987199,"50.0"
151610,"SAMSUNG ELECTRONICS","UA55CU7000S","Vietnam",138.783,"LCD (LED)",81,"Available",5.5,54.63886709999999,"55.0"
151610,"SAMSUNG ELECTRONICS","UA55CU7100S","Vietnam",138.783,"LCD (LED)",81,"Available",5.5,54.63886709999999,"55.0"
151610,"SAMSUNG ELECTRONICS","UA55CU7*00S","Vietnam",138.783,"LCD (LED)",81,"Available",5.5,54.63886709999999,"55.0"
151613,"SAMSUNG ELECTRONICS","UA65CU7000S","Vietnam",163.897,"LCD (LED)",116,"Available",5,64.5262489,"65.0"
151613,"SAMSUNG ELECTRONICS","UA65CU7100S","Vietnam",163.897,"LCD (LED)",116,"Available",5,64.5262489,"65.0"
151613,"SAMSUNG ELECTRONICS","UA65CU7*00S","Vietnam",163.897,"LCD (LED)",116,"Available",5,64.5262489,"65.0"
151615,"SAMSUNG ELECTRONICS","UA75CU7000S","Vietnam",189.338,"LCD (LED)",139,"Available",5.5,74.5423706,"75.0"
151615,"SAMSUNG ELECTRONICS","UA75CU7100S","Vietnam",189.338,"LCD (LED)",139,"Available",5.5,74.5423706,"75.0"
151615,"SAMSUNG ELECTRONICS","UA75CU7*00S","Vietnam",189.338,"LCD (LED)",139,"Available",5.5,74.5423706,"75.0"
151630,"LG","43UR8050PSB","Indonesia,South Korea",107.987,"LCD (LED)",73,"Available",4,42.5144819,"43.0"
151631,"LG","43UR80006LJ","Indonesia,South Korea",107.987,"LCD (LED)",73,"Available",4,42.5144819,"43.0"
151632,"LG","50UR8050PSB","Indonesia,South Korea",125.727,"LCD (LED)",78,"Available",4.5,49.4987199,"50.0"
151633,"LG","50UR80006LJ","Indonesia,South Korea",125.727,"LCD (LED)",78,"Available",4.5,49.4987199,"50.0"
151634,"LG","55UR8050PSB","Indonesia,South Korea",138.783,"LCD (LED)",97,"Available",4.5,54.63886709999999,"55.0"
151635,"LG","55UR80006LJ","Indonesia,South Korea",138.783,"LCD (LED)",97,"Available",4.5,54.63886709999999,"55.0"
151636,"LG","65UR8050PSB","Indonesia,South Korea",163.897,"LCD (LED)",127,"Available",4.5,64.5262489,"65.0"
151637,"LG","65UR80006LJ","Indonesia,South Korea",163.897,"LCD (LED)",127,"Available",4.5,64.5262489,"65.0"
151638,"LG","75UR8050PSB","Indonesia,South Korea",189.275,"LCD (LED)",165,"Available",5,74.5175675,"75.0"
151639,"LG","86UR8050PSB","Indonesia,South Korea",217.425,"LCD (LED)",250,"Available",4,85.6002225,"86.0"
151642,"FFALCON","FF43RU62","China",107.95,"LCD (LED)",36.7,"Available",6,42.499915,"43.0"
151648,"SAMSUNG ELECTRONICS","QA75QN85CAW","Vietnam",189.338,"LCD (LED)",153,"Available",5,74.5423706,"75.0"
151648,"SAMSUNG ELECTRONICS","QA75QN85CAS","Vietnam",189.338,"LCD (LED)",153,"Available",5,74.5423706,"75.0"
151648,"SAMSUNG ELECTRONICS","QA75QN85CA*","Vietnam",189.338,"LCD (LED)",153,"Available",5,74.5423706,"75.0"
151691,"SAMSUNG ELECTRONICS","QA43QN90CAW","Vietnam",107.987,"LCD (LED)",70,"Available",4,42.5144819,"43.0"
151691,"SAMSUNG ELECTRONICS","QA43QN90CAS","Vietnam",107.987,"LCD (LED)",70,"Available",4,42.5144819,"43.0"
151691,"SAMSUNG ELECTRONICS","QA43QN90CA*","Vietnam",107.987,"LCD (LED)",70,"Available",4,42.5144819,"43.0"
151692,"Sony","XR-75X90L","Malaysia",189.306,"LCD (LED)",159.3,"Available",5,74.5297722,"75.0"
151696,"PRISM+","Q65U","China",163.897,"LCD (LED)",110.448,"Available",5,64.5262489,"65.0"
151711,"SAMSUNG ELECTRONICS","QA65QN85CAW","Vietnam",163.897,"LCD (LED)",137,"Available",4.5,64.5262489,"65.0"
151711,"SAMSUNG ELECTRONICS","QA65QN85CAS","Vietnam",163.897,"LCD (LED)",137,"Available",4.5,64.5262489,"65.0"
151711,"SAMSUNG ELECTRONICS","QA65QN85CA*","Vietnam",163.897,"LCD (LED)",137,"Available",4.5,64.5262489,"65.0"
151712,"SAMSUNG ELECTRONICS","UA43CU8000W","Vietnam",107.987,"LCD (LED)",70,"Available",4,42.5144819,"43.0"
151712,"SAMSUNG ELECTRONICS","UA43CU8000S","Vietnam",107.987,"LCD (LED)",70,"Available",4,42.5144819,"43.0"
151712,"SAMSUNG ELECTRONICS","UA43CU8500S","Vietnam",107.987,"LCD (LED)",70,"Available",4,42.5144819,"43.0"
151712,"SAMSUNG ELECTRONICS","UA43CU8*00*","Vietnam",107.987,"LCD (LED)",70,"Available",4,42.5144819,"43.0"
151713,"SAMSUNG ELECTRONICS","UA50CU8000W","Vietnam",125.736,"LCD (LED)",89,"Available",4,49.5022632,"50.0"
151713,"SAMSUNG ELECTRONICS","UA50CU8000S","Vietnam",125.736,"LCD (LED)",89,"Available",4,49.5022632,"50.0"
151713,"SAMSUNG ELECTRONICS","UA50CU8500S","Vietnam",125.736,"LCD (LED)",89,"Available",4,49.5022632,"50.0"
151713,"SAMSUNG ELECTRONICS","UA50CU8*00*","Vietnam",125.736,"LCD (LED)",89,"Available",4,49.5022632,"50.0"
151714,"SAMSUNG ELECTRONICS","UA55CU8000W","Vietnam",138.783,"LCD (LED)",98,"Available",4.5,54.63886709999999,"55.0"
151714,"SAMSUNG ELECTRONICS","UA55CU8000S","Vietnam",138.783,"LCD (LED)",98,"Available",4.5,54.63886709999999,"55.0"
151714,"SAMSUNG ELECTRONICS","UA55CU8500S","Vietnam",138.783,"LCD (LED)",98,"Available",4.5,54.63886709999999,"55.0"
151714,"SAMSUNG ELECTRONICS","UA55CU8*00*","Vietnam",138.783,"LCD (LED)",98,"Available",4.5,54.63886709999999,"55.0"
151716,"SAMSUNG ELECTRONICS","UA65CU8000W","Vietnam",163.897,"LCD (LED)",123,"Available",5,64.5262489,"65.0"
151716,"SAMSUNG ELECTRONICS","UA65CU8000S","Vietnam",163.897,"LCD (LED)",123,"Available",5,64.5262489,"65.0"
151716,"SAMSUNG ELECTRONICS","UA65CU8500S","Vietnam",163.897,"LCD (LED)",123,"Available",5,64.5262489,"65.0"
151716,"SAMSUNG ELECTRONICS","UA65CU8*00*","Vietnam",163.897,"LCD (LED)",123,"Available",5,64.5262489,"65.0"
151749,"EKO","K42FSW2","China",105.415,"LCD",70.2,"Available",3.5,41.5018855,"42.0"
151761,"SAMSUNG ELECTRONICS","QA75Q70CAW","Vietnam",189.338,"LCD (LED)",158,"Available",5,74.5423706,"75.0"
151761,"SAMSUNG ELECTRONICS","QA75Q70CAS","Vietnam",189.338,"LCD (LED)",158,"Available",5,74.5423706,"75.0"
151761,"SAMSUNG ELECTRONICS","QA75Q70CA*","Vietnam",189.338,"LCD (LED)",158,"Available",5,74.5423706,"75.0"
151766,"SAMSUNG ELECTRONICS","QA85QN90CAW","Vietnam",214.783,"LCD (LED)",245,"Available",4,84.5600671,"85.0"
151766,"SAMSUNG ELECTRONICS","QA85QN90CAS","Vietnam",214.783,"LCD (LED)",245,"Available",4,84.5600671,"85.0"
151766,"SAMSUNG ELECTRONICS","QA85QN90CA*","Vietnam",214.783,"LCD (LED)",245,"Available",4,84.5600671,"85.0"
151839,"SAMSUNG ELECTRONICS","QA55Q80CAW","Vietnam",138.783,"LCD (LED)",112,"Available",4,54.63886709999999,"55.0"
151839,"SAMSUNG ELECTRONICS","QA55Q80CAS","Vietnam",138.783,"LCD (LED)",112,"Available",4,54.63886709999999,"55.0"
151839,"SAMSUNG ELECTRONICS","QA55Q80CA*","Vietnam",138.783,"LCD (LED)",112,"Available",4,54.63886709999999,"55.0"
151840,"SAMSUNG ELECTRONICS","QA32LS03CBW","Vietnam",80.008,"LCD (LED)",43,"Available",4,31.4991496,"32.0"
151841,"SAMSUNG ELECTRONICS","QA55QN85CAW","Vietnam",138.783,"LCD (LED)",112,"Available",4,54.63886709999999,"55.0"
151841,"SAMSUNG ELECTRONICS","QA55QN85CAS","Vietnam",138.783,"LCD (LED)",112,"Available",4,54.63886709999999,"55.0"
151841,"SAMSUNG ELECTRONICS","QA55QN85CA*","Vietnam",138.783,"LCD (LED)",112,"Available",4,54.63886709999999,"55.0"
151842,"SAMSUNG ELECTRONICS","QA85QN85CAW","Vietnam",214.783,"LCD (LED)",206,"Available",5,84.5600671,"85.0"
151842,"SAMSUNG ELECTRONICS","QA85QN85CAS","Vietnam",214.783,"LCD (LED)",206,"Available",5,84.5600671,"85.0"
151842,"SAMSUNG ELECTRONICS","QA85QN85CA*","Vietnam",214.783,"LCD (LED)",206,"Available",5,84.5600671,"85.0"
151845,"SAMSUNG ELECTRONICS","QA65QN800CW","Vietnam",163.897,"LCD (LED)",263,"Available",1.5,64.5262489,"65.0"
151845,"SAMSUNG ELECTRONICS","QA65QN800CS","Vietnam",163.897,"LCD (LED)",263,"Available",1.5,64.5262489,"65.0"
151845,"SAMSUNG ELECTRONICS","QA65QN800C*","Vietnam",163.897,"LCD (LED)",263,"Available",1.5,64.5262489,"65.0"
151846,"SAMSUNG ELECTRONICS","QA75QN800CW","Vietnam",189.338,"LCD (LED)",292,"Available",2.5,74.5423706,"75.0"
151846,"SAMSUNG ELECTRONICS","QA75QN800CS","Vietnam",189.338,"LCD (LED)",292,"Available",2.5,74.5423706,"75.0"
151846,"SAMSUNG ELECTRONICS","QA75QN800C*","Vietnam",189.338,"LCD (LED)",292,"Available",2.5,74.5423706,"75.0"
151847,"SAMSUNG ELECTRONICS","UA75CU8000W","Vietnam",189.338,"LCD (LED)",165,"Available",5,74.5423706,"75.0"
151847,"SAMSUNG ELECTRONICS","UA75CU8000S","Vietnam",189.338,"LCD (LED)",165,"Available",5,74.5423706,"75.0"
151847,"SAMSUNG ELECTRONICS","UA75CU8000*","Vietnam",189.338,"LCD (LED)",165,"Available",5,74.5423706,"75.0"
151847,"SAMSUNG ELECTRONICS","UA75CU8500S","Vietnam",189.338,"LCD (LED)",165,"Available",5,74.5423706,"75.0"
151848,"SAMSUNG ELECTRONICS","QA85Q70CAW","Vietnam",214.783,"LCD (LED)",216,"Available",4.5,84.5600671,"85.0"
151848,"SAMSUNG ELECTRONICS","QA85Q70CAS","Vietnam",214.783,"LCD (LED)",216,"Available",4.5,84.5600671,"85.0"
151848,"SAMSUNG ELECTRONICS","QA85Q70CA*","Vietnam",214.783,"LCD (LED)",216,"Available",4.5,84.5600671,"85.0"
151853,"SAMSUNG ELECTRONICS","QA65Q80CAW","Vietnam",163.897,"LCD (LED)",153,"Available",4,64.5262489,"65.0"
151853,"SAMSUNG ELECTRONICS","QA65Q80CAS","Vietnam",163.897,"LCD (LED)",153,"Available",4,64.5262489,"65.0"
151853,"SAMSUNG ELECTRONICS","QA65Q80CA*","Vietnam",163.897,"LCD (LED)",153,"Available",4,64.5262489,"65.0"
151854,"SAMSUNG ELECTRONICS","QA75Q80CAW","Vietnam",189.338,"LCD (LED)",203,"Available",4,74.5423706,"75.0"
151854,"SAMSUNG ELECTRONICS","QA75Q80CAS","Vietnam",189.338,"LCD (LED)",203,"Available",4,74.5423706,"75.0"
151854,"SAMSUNG ELECTRONICS","QA75Q80CA*","Vietnam",189.338,"LCD (LED)",203,"Available",4,74.5423706,"75.0"
151855,"SAMSUNG ELECTRONICS","QA85Q80CAW","Vietnam",214.783,"LCD (LED)",259,"Available",4,84.5600671,"85.0"
151855,"SAMSUNG ELECTRONICS","QA85Q80CAS","Vietnam",214.783,"LCD (LED)",259,"Available",4,84.5600671,"85.0"
151855,"SAMSUNG ELECTRONICS","QA85Q80CA*","Vietnam",214.783,"LCD (LED)",259,"Available",4,84.5600671,"85.0"
151856,"SAMSUNG ELECTRONICS","QA55Q70CAW","Vietnam",138.783,"LCD (LED)",114,"Available",4,54.63886709999999,"55.0"
151856,"SAMSUNG ELECTRONICS","QA55Q70CAS","Vietnam",138.783,"LCD (LED)",114,"Available",4,54.63886709999999,"55.0"
151856,"SAMSUNG ELECTRONICS","QA55Q70CA*","Vietnam",138.783,"LCD (LED)",114,"Available",4,54.63886709999999,"55.0"
151857,"SAMSUNG ELECTRONICS","QA65Q70CAW","Vietnam",163.897,"LCD (LED)",145,"Available",4,64.5262489,"65.0"
151857,"SAMSUNG ELECTRONICS","QA65Q70CAS","Vietnam",163.897,"LCD (LED)",145,"Available",4,64.5262489,"65.0"
151857,"SAMSUNG ELECTRONICS","QA65Q70CA*","Vietnam",163.897,"LCD (LED)",145,"Available",4,64.5262489,"65.0"
151861,"SAMSUNG ELECTRONICS","QA75QN900CW","Vietnam",189.338,"LCD (LED)",340,"Available",1.5,74.5423706,"75.0"
151861,"SAMSUNG ELECTRONICS","QA75QN900CS","Vietnam",189.338,"LCD (LED)",340,"Available",1.5,74.5423706,"75.0"
151861,"SAMSUNG ELECTRONICS","QA75QN900C*","Vietnam",189.338,"LCD (LED)",340,"Available",1.5,74.5423706,"75.0"
151862,"SAMSUNG ELECTRONICS","QA65QN700CS","Vietnam",163.897,"LCD (LED)",190,"Available",3,64.5262489,"65.0"
151864,"SAMSUNG ELECTRONICS","QA85QN900CW","Vietnam",214.783,"LCD (LED)",373,"Available",2,84.5600671,"85.0"
151864,"SAMSUNG ELECTRONICS","QA85QN900CS","Vietnam",214.783,"LCD (LED)",373,"Available",2,84.5600671,"85.0"
151864,"SAMSUNG ELECTRONICS","QA85QN900C*","Vietnam",214.783,"LCD (LED)",373,"Available",2,84.5600671,"85.0"
151881,"LG","43UR78006LL","Indonesia,South Korea",107.987,"LCD (LED)",73,"Available",4,42.5144819,"43.0"
151882,"LG","50UR78006LL","Indonesia,South Korea",125.727,"LCD (LED)",78,"Available",4.5,49.4987199,"50.0"
151883,"LG","55UR78006LL","Indonesia,South Korea",138.783,"LCD (LED)",97,"Available",4.5,54.63886709999999,"55.0"
151884,"LG","65UR78006LL","Indonesia,South Korea",163.897,"LCD (LED)",127,"Available",4.5,64.5262489,"65.0"
151886,"SAMSUNG ELECTRONICS","QA65QN95CAW","Vietnam",163.897,"LCD (LED)",155,"Available",4,64.5262489,"65.0"
151886,"SAMSUNG ELECTRONICS","QA65QN95CAS","Vietnam",163.897,"LCD (LED)",155,"Available",4,64.5262489,"65.0"
151886,"SAMSUNG ELECTRONICS","QA65QN95CA*","Vietnam",163.897,"LCD (LED)",155,"Available",4,64.5262489,"65.0"
151887,"SAMSUNG ELECTRONICS","QA50Q80CAS","Vietnam",125.736,"LCD (LED)",93,"Available",4,49.5022632,"50.0"
151888,"SAMSUNG ELECTRONICS","QA75QN700CS","Vietnam",189.338,"LCD (LED)",214,"Available",3.5,74.5423706,"75.0"
151889,"SAMSUNG ELECTRONICS","QA85QN800CW","Vietnam",214.783,"LCD (LED)",303,"Available",3,84.5600671,"85.0"
151889,"SAMSUNG ELECTRONICS","QA85QN800CS","Vietnam",214.783,"LCD (LED)",303,"Available",3,84.5600671,"85.0"
151889,"SAMSUNG ELECTRONICS","QA85QN800C*","Vietnam",214.783,"LCD (LED)",303,"Available",3,84.5600671,"85.0"
151890,"SAMSUNG ELECTRONICS","QA65QN900CW","Vietnam",163.897,"LCD (LED)",280,"Available",1,64.5262489,"65.0"
151890,"SAMSUNG ELECTRONICS","QA65QN900CS","Vietnam",163.897,"LCD (LED)",280,"Available",1,64.5262489,"65.0"
151890,"SAMSUNG ELECTRONICS","QA65QN900C*","Vietnam",163.897,"LCD (LED)",280,"Available",1,64.5262489,"65.0"
151905,"SAMSUNG ELECTRONICS","QA75QN95CAW","Vietnam",189.338,"LCD (LED)",194,"Available",4,74.5423706,"75.0"
151905,"SAMSUNG ELECTRONICS","QA75QN95CAS","Vietnam",189.338,"LCD (LED)",194,"Available",4,74.5423706,"75.0"
151905,"SAMSUNG ELECTRONICS","QA75QN95CA*","Vietnam",189.338,"LCD (LED)",194,"Available",4,74.5423706,"75.0"
151906,"SAMSUNG ELECTRONICS","QA85QN95CAW","Vietnam",214.783,"LCD (LED)",247,"Available",4,84.5600671,"85.0"
151906,"SAMSUNG ELECTRONICS","QA85QN95CAS","Vietnam",214.783,"LCD (LED)",247,"Available",4,84.5600671,"85.0"
151906,"SAMSUNG ELECTRONICS","QA85QN95CA*","Vietnam",214.783,"LCD (LED)",247,"Available",4,84.5600671,"85.0"
151907,"SAMSUNG ELECTRONICS","QA75Q60CAW","Vietnam",189.338,"LCD (LED)",183,"Available",4.5,74.5423706,"75.0"
151907,"SAMSUNG ELECTRONICS","QA75Q60CAS","Vietnam",189.338,"LCD (LED)",183,"Available",4.5,74.5423706,"75.0"
151907,"SAMSUNG ELECTRONICS","QA75Q63CAS","Vietnam",189.338,"LCD (LED)",183,"Available",4.5,74.5423706,"75.0"
151907,"SAMSUNG ELECTRONICS","QA75Q6*CA*","Vietnam",189.338,"LCD (LED)",183,"Available",4.5,74.5423706,"75.0"
151908,"SAMSUNG ELECTRONICS","QA55QN700CS","Vietnam",138.783,"LCD (LED)",168,"Available",2,54.63886709999999,"55.0"
151949,"AKAI","AK5522S7TZN","China",138.783,"LCD",68.5,"Available",6,54.63886709999999,"55.0"
151962,"Sony","KD-75X77L","Vietnam",189.306,"LCD (LED)",214.5,"Available",3.5,74.5297722,"75.0"
151973,"Polaroid","PL40S4G11","China",100.305,"LCD",40,"Available",6,39.4900785,"40.0"
151974,"Sony","XR-83A80L","Malaysia",209.636,"OLED",207,"Available",4.5,82.5336932,"83.0"
152068,"kogan","KALED98X98JSTA","China",247.604,"LCD (LED)",337,"Available",4,97.4816948,"98.0"
152082,"kogan","KALED32RH9320STA","China",79.967,"LCD (LED)",28,"Available",6,31.4830079,"32.0"
152101,"kogan","KALED65U92TA","China",163.829,"LCD (LED)",101.3,"Available",5.5,64.4994773,"65.0"
152101,"kogan","KALED65U92TB","China",163.829,"LCD (LED)",101.3,"Available",5.5,64.4994773,"65.0"
152101,"kogan","KALED65U92TC","China",163.829,"LCD (LED)",101.3,"Available",5.5,64.4994773,"65.0"
152101,"kogan","KALED65U92TD","China",163.829,"LCD (LED)",101.3,"Available",5.5,64.4994773,"65.0"
152101,"kogan","KALED65U92TE","China",163.829,"LCD (LED)",101.3,"Available",5.5,64.4994773,"65.0"
152104,"LG","65QNED86SRA","Indonesia,South Korea",163.897,"LCD (LED)",125,"Available",5,64.5262489,"65.0"
152105,"LG","65QNED866RA","Indonesia,South Korea",163.897,"LCD (LED)",125,"Available",5,64.5262489,"65.0"
152106,"LG","75QNED86SRA","Indonesia,South Korea",189.275,"LCD (LED)",150,"Available",5,74.5175675,"75.0"
152107,"LG","75QNED866RA","Indonesia,South Korea",189.275,"LCD (LED)",150,"Available",5,74.5175675,"75.0"
152108,"LG","86QNED86SRA","Indonesia,South Korea",217.425,"LCD (LED)",206,"Available",5,85.6002225,"86.0"
152109,"LG","86QNED866RA","Indonesia,South Korea",217.425,"LCD (LED)",206,"Available",5,85.6002225,"86.0"
152138,"Blaupunkt","BP650USG9800","China",163.896,"LCD",143.934,"Available",4,64.5258552,"65.0"
152157,"SONY","KD-55X77L","Vietnam",138.798,"LCD (LED)",129.1,"Available",3.5,54.6447726,"55.0"
152158,"SONY","KD-65X77L","Vietnam",163.878,"LCD (LED)",143.6,"Available",4,64.51876859999999,"65.0"
152167,"SONY","KD-75X85L","Malaysia",189.306,"LCD (LED)",181.1,"Available",4.5,74.5297722,"75.0"
152176,"LG","43UR81006LJ","Indonesia,South Korea",107.987,"LCD (LED)",73,"Available",4,42.5144819,"43.0"
152177,"LG","50UR81006LJ","Indonesia,South Korea",125.727,"LCD (LED)",78,"Available",4.5,49.4987199,"50.0"
152178,"LG","55UR81006LJ","Indonesia,South Korea",138.783,"LCD (LED)",97,"Available",4.5,54.63886709999999,"55.0"
152179,"LG","65UR81006LJ","Indonesia,South Korea",163.897,"LCD (LED)",127,"Available",4.5,64.5262489,"65.0"
152180,"LG","75UR80006LJ","Indonesia,South Korea",189.275,"LCD (LED)",165,"Available",5,74.5175675,"75.0"
152181,"LG","75UR81006LJ","Indonesia,South Korea",189.275,"LCD (LED)",165,"Available",5,74.5175675,"75.0"
152182,"LG","86UR80006LA","Indonesia,South Korea",217.425,"LCD (LED)",250,"Available",4,85.6002225,"86.0"
152183,"LG","86UR81006LA","Indonesia,South Korea",217.425,"LCD (LED)",250,"Available",4,85.6002225,"86.0"
152240,"SONY","XR-85X95L","Micronesia",214.783,"LCD (LED)",280.7,"Available",3.5,84.5600671,"85.0"
152243,"SONY","XR-65X95L","Malaysia",163.878,"LCD (LED)",214.8,"Available",2.5,64.51876859999999,"65.0"
152244,"SONY","XR-75X95L","Malaysia",189.306,"LCD (LED)",242.5,"Available",3,74.5297722,"75.0"
152283,"SAMSUNG ELECTRONICS","QA55S90CAW","Vietnam",138.783,"LCD (LED)",113,"Available",4,54.63886709999999,"55.0"
152283,"SAMSUNG ELECTRONICS","QA55S90CAS","Vietnam",138.783,"LCD (LED)",113,"Available",4,54.63886709999999,"55.0"
152283,"SAMSUNG ELECTRONICS","QA55S90CA*","Vietnam",138.783,"LCD (LED)",113,"Available",4,54.63886709999999,"55.0"
152284,"SONY","KD-43X77L","Vietnam",107.95,"LCD (LED)",77.5,"Available",3.5,42.499915,"43.0"
152286,"SONY","KD-50X77L","Vietnam",125.725,"LCD (LED)",93.8,"Available",4,49.4979325,"50.0"
152287,"SAMSUNG ELECTRONICS","QA65S90CAW","Vietnam",163.897,"LCD (LED)",154,"Available",4,64.5262489,"65.0"
152287,"SAMSUNG ELECTRONICS","QA65S90CAS","Vietnam",163.897,"LCD (LED)",154,"Available",4,64.5262489,"65.0"
152287,"SAMSUNG ELECTRONICS","QA65S90CA*","Vietnam",163.897,"LCD (LED)",154,"Available",4,64.5262489,"65.0"
152296,"FFALCON","FF32RS52","China",79.967,"LCD (LED)",24.1,"Available",6,31.4830079,"32.0"
152314,"SONY","XR-85X90L","Malaysia",214.783,"LCD (LED)",201.6,"Available",5,84.5600671,"85.0"
152382,"LG","OLED42C34LA","Indonesia,South Korea",105.52,"OLED",63,"Available",4.5,41.543223999999995,"42.0"
152427,"BAUHN","ATV55UHDT-0723","China",138.783,"LCD",68.5,"Available",6,54.63886709999999,"55.0"
152453,"ENGLAON","LED32M80","Australia",86.176,"LCD (LED)",47.2,"Available",4.5,33.9274912,"34.0"
152453,"ENGLAON","LED32X80","Australia",86.176,"LCD (LED)",47.2,"Available",4.5,33.9274912,"34.0"
152453,"ENGLAON","32in Smart TV","Australia",86.176,"LCD (LED)",47.2,"Available",4.5,33.9274912,"34.0"
152455,"ENGLAON","LED27M80","Australia",77.186,"LCD (LED)",42.76,"Available",4,30.3881282,"30.0"
152455,"ENGLAON","LED27X80","Australia",77.186,"LCD (LED)",42.76,"Available",4,30.3881282,"30.0"
152455,"ENGLAON","27in Smart TV","Australia",77.186,"LCD (LED)",42.76,"Available",4,30.3881282,"30.0"
152462,"Panasonic","TH-42MZ980Z","Malaysia",105.52,"OLED",60,"Available",4.5,41.543223999999995,"42.0"
152463,"Panasonic","TH-48MZ980Z","Malaysia",120.703,"OLED",78,"Available",4.5,47.5207711,"48.0"
152464,"Panasonic","TH-55MZ980Z","Malaysia",138.818,"OLED",99,"Available",4.5,54.652646600000004,"55.0"
152465,"Panasonic","TH-65MZ980Z","Malaysia",163.853,"OLED",124,"Available",5,64.5089261,"65.0"
152466,"Panasonic","TH-55MZ1500Z","Malaysia",138.818,"OLED",98,"Available",4.5,54.652646600000004,"55.0"
152467,"Panasonic","TH-65MZ1500Z","Malaysia",163.853,"OLED",124,"Available",5,64.5089261,"65.0"
152472,"SAMSUNG ELECTRONICS","UA85CU8000W","Vietnam",214.783,"LCD (LED)",198,"Available",5,84.5600671,"85.0"
152472,"SAMSUNG ELECTRONICS","UA85CU8000S","Vietnam",214.783,"LCD (LED)",198,"Available",5,84.5600671,"85.0"
152472,"SAMSUNG ELECTRONICS","UA85CU8*00*","Vietnam",214.783,"LCD (LED)",198,"Available",5,84.5600671,"85.0"
152483,"SAMSUNG ELECTRONICS","QA55S95CAW","Vietnam",138.783,"LCD (LED)",113,"Available",4,54.63886709999999,"55.0"
152483,"SAMSUNG ELECTRONICS","QA55S95CAS","Vietnam",138.783,"LCD (LED)",113,"Available",4,54.63886709999999,"55.0"
152483,"SAMSUNG ELECTRONICS","QA55S95CA*","Vietnam",138.783,"LCD (LED)",113,"Available",4,54.63886709999999,"55.0"
152484,"SAMSUNG ELECTRONICS","QA65S95CAW","Vietnam",163.897,"LCD (LED)",155,"Available",4,64.5262489,"65.0"
152484,"SAMSUNG ELECTRONICS","QA65S95CAS","Vietnam",163.897,"LCD (LED)",155,"Available",4,64.5262489,"65.0"
152484,"SAMSUNG ELECTRONICS","QA65S95CA*","Vietnam",163.897,"LCD (LED)",155,"Available",4,64.5262489,"65.0"
152485,"SAMSUNG ELECTRONICS","QA77S95CAW","Vietnam",195.177,"LCD (LED)",220,"Available",4,76.8411849,"77.0"
152485,"SAMSUNG ELECTRONICS","QA77S95CAS","Vietnam",195.177,"LCD (LED)",220,"Available",4,76.8411849,"77.0"
152485,"SAMSUNG ELECTRONICS","QA77S95CA*","Vietnam",195.177,"LCD (LED)",220,"Available",4,76.8411849,"77.0"
152494,"TCL","75C745","China",189.306,"LCD (LED)",174.7,"Available",4,74.5297722,"75.0"
152532,"SAMSUNG ELECTRONICS","LH43BECHLGKXXY","Vietnam",107.987,"LCD (LED)",70,"Available",4,42.5144819,"43.0"
152532,"SAMSUNG ELECTRONICS","LH43BECHLGSXNZ","Vietnam",107.987,"LCD (LED)",70,"Available",4,42.5144819,"43.0"
152532,"SAMSUNG ELECTRONICS","LH43BECHLG****","Vietnam",107.987,"LCD (LED)",70,"Available",4,42.5144819,"43.0"
152543,"SAMSUNG ELECTRONICS","LH50BECHLGKXXY","Vietnam",125.727,"LCD (LED)",80,"Available",4.5,49.4987199,"50.0"
152543,"SAMSUNG ELECTRONICS","LH50BECHLGSXNZ","Vietnam",125.727,"LCD (LED)",80,"Available",4.5,49.4987199,"50.0"
152543,"SAMSUNG ELECTRONICS","LH50BECHLG****","Vietnam",125.727,"LCD (LED)",80,"Available",4.5,49.4987199,"50.0"
152544,"SAMSUNG ELECTRONICS","LH55BECHLGSXNZ","Vietnam",138.783,"LCD (LED)",81,"Available",5.5,54.63886709999999,"55.0"
152544,"SAMSUNG ELECTRONICS","LH55BECHLG****","Vietnam",138.783,"LCD (LED)",81,"Available",5.5,54.63886709999999,"55.0"
152544,"SAMSUNG ELECTRONICS","LH55BECHLGKXXY","Vietnam",138.783,"LCD (LED)",81,"Available",5.5,54.63886709999999,"55.0"
152545,"SAMSUNG ELECTRONICS","LH65BECHLGKXXY","Vietnam",163.897,"LCD (LED)",116,"Available",5,64.5262489,"65.0"
152545,"SAMSUNG ELECTRONICS","LH65BECHLGSXNZ","Vietnam",163.897,"LCD (LED)",116,"Available",5,64.5262489,"65.0"
152545,"SAMSUNG ELECTRONICS","LH65BECHLG****","Vietnam",163.897,"LCD (LED)",116,"Available",5,64.5262489,"65.0"
152547,"SAMSUNG ELECTRONICS","LH75BECHLGKXXY","Vietnam",189.338,"LCD (LED)",139,"Available",5.5,74.5423706,"75.0"
152547,"SAMSUNG ELECTRONICS","LH75BECHLGSXNZ","Vietnam",189.338,"LCD (LED)",139,"Available",5.5,74.5423706,"75.0"
152547,"SAMSUNG ELECTRONICS","LH75BECHLG****","Vietnam",189.338,"LCD (LED)",139,"Available",5.5,74.5423706,"75.0"
152548,"SAMSUNG ELECTRONICS","LH85BECHLGKXXY","Vietnam",214.783,"LCD (LED)",145,"Available",6,84.5600671,"85.0"
152578,"TCL","55C745","China",138.711,"LCD (LED)",113.8,"Available",3.5,54.6105207,"55.0"
152580,"TCL","85C745","China",214.783,"LCD (LED)",278.5,"Available",3,84.5600671,"85.0"
152620,"TCL","85C645","China",214.783,"LCD (LED)",152.2,"Available",6,84.5600671,"85.0"
152623,"TCL","43C645","China",107.95,"LCD (LED)",54,"Available",4.5,42.499915,"43.0"
152624,"TCL","65C745","China",163.829,"LCD (LED)",128.1,"Available",4.5,64.4994773,"65.0"
152634,"TCL","55C845","China",138.711,"LCD (LED)",123.8,"Available",3,54.6105207,"55.0"
152636,"TCL","65C845","China",163.829,"LCD (LED)",182.7,"Available",2.5,64.4994773,"65.0"
152639,"TCL","75C845","China",189.306,"LCD (LED)",208.3,"Available",3,74.5297722,"75.0"
152681,"SONY","XR-98X90L","China",247.691,"LCD (LED)",256.4,"Available",5,97.5159467,"98.0"
152722,"EKO","K55OLED","China",138.847,"OLED",74.74,"Available",5.5,54.6640639,"55.0"
152799,"EKO","K50USW2","China",125.731,"LCD (LED)",78.5,"Available",4,49.5002947,"50.0"
152812,"JVC","LT-43N5135A","China",107.863,"LCD",55.635,"Available",5,42.4656631,"43.0"
152821,"KONIC","KDL32WE330VN2","China",80.057,"LCD",34.67,"Available",5,31.5184409,"32.0"
152852,"TCL","98C745","China",247.604,"LCD (LED)",440.5,"Available",2.5,97.4816948,"98.0"
152874,"FFALCON","FF75RU62","China",189.306,"LCD (LED)",101.1,"Available",6,74.5297722,"75.0"
152875,"BAUHN","ATV43UHDT-0723","China",107.987,"LCD (LED)",45.5,"Available",6,42.5144819,"43.0"
152913,"BAUHN","ATV70UHDT-0623","China",176.532,"LCD",110.15,"Available",6,69.5006484,"70.0"
152958,"Panasonic","TH-32MS600Z","China",80.054,"LCD (LED)",23.298,"Available",6,31.5172598,"32.0"
152959,"Panasonic","TH-43MS600Z","China",108.124,"LCD (LED)",35.598,"Available",6,42.568418799999996,"43.0"
152964,"FFALCON","FF40RS52","China",100.305,"LCD (LED)",35.1,"Available",6,39.4900785,"40.0"
152966,"LG","OLED88Z3PSA","South Korea",222.486,"OLED",349,"Available",3,87.5927382,"88.0"
152967,"LG","OLED88Z36LA","South Korea",222.486,"OLED",349,"Available",3,87.5927382,"88.0"
152977,"Panasonic","TH-77MZ2000Z","Malaysia",194.712,"OLED",183,"Available",4.5,76.65811439999999,"77.0"
153032,"SAMSUNG ELECTRONICS","QA98Q80CAW","Vietnam",247.702,"LCD (LED)",289,"Available",4.5,97.5202774,"98.0"
153032,"SAMSUNG ELECTRONICS","QA98Q80CAS","Vietnam",247.702,"LCD (LED)",289,"Available",4.5,97.5202774,"98.0"
153032,"SAMSUNG ELECTRONICS","QA98Q80CA*","Vietnam",247.702,"LCD (LED)",289,"Available",4.5,97.5202774,"98.0"
153057,"EKO","K65USW2","China",163.897,"LCD (LED)",154.08,"Available",4,64.5262489,"65.0"
153112,"ENGLAON","LED22M60","Australia",55.86,"LCD (LED)",27.25,"Available",4,21.992082,"22.0"
153113,"ENGLAON","LED32M10","Australia",81.278,"LCD (LED)",40.45,"Available",4.5,31.9991486,"32.0"
153115,"PHILIPS","50PUT8528/79","China",125.725,"LCD (LED)",81.3,"Available",4,49.4979325,"50.0"
153116,"PHILIPS","55PUT8528/79","China",138.798,"LCD (LED)",90.5,"Available",4.5,54.6447726,"55.0"
153117,"PHILIPS","65PUT8528/79","China",163.897,"LCD (LED)",119.3,"Available",4.5,64.5262489,"65.0"
153140,"JVC","AV-J323135A","China",80.039,"LCD (LED)",24.687,"Available",5.5,31.5113543,"32.0"
153155,"SONY","XR-55A95L","Malaysia",138.798,"OLED",103.6,"Available",4,54.6447726,"55.0"
153156,"SONY","XR-65A95L","Malaysia",163.878,"OLED",122.1,"Available",5,64.51876859999999,"65.0"
153194,"KOGAN","KALED19PRIZD","China",47.013,"LCD (LED)",15.8694,"Available",5,18.5090181,"19.0"
153258,"SAMSUNG ELECTRONICS","QA77S90CAW","Vietnam",195.177,"LCD (LED)",178,"Available",4.5,76.8411849,"77.0"
153258,"SAMSUNG ELECTRONICS","QA77S90CAS","Vietnam",195.177,"LCD (LED)",178,"Available",4.5,76.8411849,"77.0"
153258,"SAMSUNG ELECTRONICS","QA77S90CA*","Vietnam",195.177,"LCD (LED)",178,"Available",4.5,76.8411849,"77.0"
153274,"PHILIPS","50PUT7908/79","China",125.725,"LCD (LED)",99.1,"Available",3,49.4979325,"50.0"
153274,"PHILIPS","50PUT7908/75","China",125.725,"LCD (LED)",99.1,"Available",3,49.4979325,"50.0"
153275,"PHILIPS","55PUT7908/79","China",138.798,"LCD (LED)",102.3,"Available",4,54.6447726,"55.0"
153275,"PHILIPS","55PUT7908/75","China",138.798,"LCD (LED)",102.3,"Available",4,54.6447726,"55.0"
153276,"PHILIPS","65PUT7908/79","China",163.897,"LCD (LED)",129.8,"Available",4,64.5262489,"65.0"
153276,"PHILIPS","65PUT7908/75","China",163.897,"LCD (LED)",129.8,"Available",4,64.5262489,"65.0"
153313,"EKO","K420FAT","China",105.348,"LCD",48.96,"Available",5.5,41.4755076,"42.0"
153313,"EKO","K420FSG","China",105.348,"LCD",48.96,"Available",5.5,41.4755076,"42.0"
153405,"PHILIPS","75PUT8808/79","China",189.306,"LCD (LED)",153.1,"Available",4.5,74.5297722,"75.0"
153405,"PHILIPS","75PUT8808/75","China",189.306,"LCD (LED)",153.1,"Available",4.5,74.5297722,"75.0"
153411,"PHILIPS","75PUT7908/79","China",189.306,"LCD (LED)",144.1,"Available",5,74.5297722,"75.0"
153411,"PHILIPS","75PUT7908/75","China",189.306,"LCD (LED)",144.1,"Available",5,74.5297722,"75.0"
153413,"PHILIPS","55PUT8808/79","China",138.798,"LCD (LED)",136.6,"Available",2.5,54.6447726,"55.0"
153413,"PHILIPS","55PUT8808/75","China",138.798,"LCD (LED)",136.6,"Available",2.5,54.6447726,"55.0"
153419,"TCL","43P745","China",107.95,"LCD (LED)",47.1,"Available",5,42.499915,"43.0"
153424,"TCL","50P745","China",125.638,"LCD (LED)",52.3,"Available",6,49.4636806,"50.0"
153425,"TCL","55P745","China",138.711,"LCD (LED)",55.5,"Available",6,54.6105207,"55.0"
153426,"TCL","65P745","China",163.829,"LCD (LED)",74.4,"Available",6,64.4994773,"65.0"
153427,"TCL","75P745","China",189.306,"LCD (LED)",113.6,"Available",6,74.5297722,"75.0"
153449,"BLAUPUNKT","BP50WOS2","China",125.731,"LCD",85.767,"Available",4.5,49.5002947,"50.0"
153450,"PHILIPS","65PUT8808/79","China",163.897,"LCD (LED)",142.4,"Available",4,64.5262489,"65.0"
153450,"PHILIPS","65PUT8808/75","China",163.897,"LCD (LED)",142.4,"Available",4,64.5262489,"65.0"
153462,"JVC","AV-J243145A","China",59.824,"LCD (LED)",17.0946,"Available",5.5,23.552708799999998,"24.0"
153540,"SONY","XR-77A95L","Malaysia",195.173,"OLED",147.7,"Available",5.5,76.8396101,"77.0"
153579,"LG","43UR781C0LL","Indonesia,South Korea",107.987,"LCD (LED)",73,"Available",4,42.5144819,"43.0"
153580,"LG","43UR801C0SB","Indonesia,South Korea",107.987,"LCD (LED)",73,"Available",4,42.5144819,"43.0"
153581,"LG","50UR781C0LL","Indonesia,South Korea",125.727,"LCD (LED)",78,"Available",4.5,49.4987199,"50.0"
153582,"LG","50UR801C0SB","Indonesia,South Korea",125.727,"LCD (LED)",78,"Available",4.5,49.4987199,"50.0"
153583,"LG","55UR781C0LL","Indonesia,South Korea",138.783,"LCD (LED)",97,"Available",4.5,54.63886709999999,"55.0"
153584,"LG","55UR801C0SB","Indonesia,South Korea",138.783,"LCD (LED)",97,"Available",4.5,54.63886709999999,"55.0"
153585,"LG","65UR781C0LL","Indonesia,South Korea",163.897,"LCD (LED)",127,"Available",4.5,64.5262489,"65.0"
153586,"LG","65UR801C0SB","Indonesia,South Korea",163.897,"LCD (LED)",127,"Available",4.5,64.5262489,"65.0"
153587,"LG","75UR801C0LJ","Indonesia,South Korea",189.275,"LCD (LED)",165,"Available",5,74.5175675,"75.0"
153588,"LG","75UR801C0SB","Indonesia,South Korea",189.275,"LCD (LED)",165,"Available",5,74.5175675,"75.0"
153589,"LG","86UR801C0LA","Indonesia,South Korea",217.425,"LCD (LED)",250,"Available",4,85.6002225,"86.0"
153590,"LG","86UR801C0SB","Indonesia,South Korea",217.425,"LCD (LED)",250,"Available",4,85.6002225,"86.0"
153591,"TOSHIBA","43C350MP","China",107.986,"LCD (LED)",51.12,"Available",5,42.5140882,"43.0"
153592,"TOSHIBA","50C350MP","China",125.731,"LCD (LED)",67.75,"Available",5,49.5002947,"50.0"
153593,"TOSHIBA","55C350MP","China",138.783,"LCD (LED)",63.89,"Available",6,54.63886709999999,"55.0"
153594,"TOSHIBA","65C350MP","China",163.896,"LCD (LED)",82.49,"Available",6,64.5258552,"65.0"
153595,"TOSHIBA","75C350MP","China",189.274,"LCD (LED)",114.36,"Available",6,74.5171738,"75.0"
153601,"BAUHN","ATV50UHDT-0823","China",125.727,"LCD",56.7,"Available",6,49.4987199,"50.0"
153604,"Panasonic","TH-55MZ2000Z","Malaysia",138.818,"OLED",106,"Available",4,54.652646600000004,"55.0"
153606,"Panasonic","TH-65MZ2000Z","Malaysia",163.853,"OLED",132,"Available",4.5,64.5089261,"65.0"
153609,"JVC","LT-50N7145A","China",125.251,"LCD",102.36,"Available",3.5,49.3113187,"49.0"
153841,"BLAUPUNKT","BP400FSG9800","China",100.791,"LCD",50.5,"Available",5,39.6814167,"40.0"
153907,"Sylvox","KT16A0KGEA","China",39.487,"LCD (LED)",15.1,"Available",4.5,15.546031900000001,"16.0"
153908,"LG","65QNED866RE","Indonesia,South Korea",163.897,"LCD (LED)",125,"Available",5,64.5262489,"65.0"
153909,"LG","75QNED866RE","Indonesia,South Korea",189.275,"LCD (LED)",150,"Available",5,74.5175675,"75.0"
153910,"LG","86QNED866RE","Indonesia,South Korea",217.425,"LCD (LED)",206,"Available",5,85.6002225,"86.0"
153944,"EKO","K65USWQ2","China",163.897,"LCD (LED)",113.9,"Available",5,64.5262489,"65.0"
153945,"EKO","K55USWQ","China",138.783,"LCD (LED)",117.3,"Available",3.5,54.63886709999999,"55.0"
153945,"EKO","K55USWQ2","China",138.783,"LCD (LED)",117.3,"Available",3.5,54.63886709999999,"55.0"
153946,"LG","43QNED75SRA","Indonesia,South Korea",107.987,"LCD (LED)",70,"Available",4,42.5144819,"43.0"
153947,"LG","43QNED756RA","Indonesia,South Korea",107.987,"LCD (LED)",82,"Available",3.5,42.5144819,"43.0"
153948,"LG","50QNED75SRA","Indonesia,South Korea",125.727,"LCD (LED)",72,"Available",5,49.4987199,"50.0"
153949,"LG","50QNED756RA","Indonesia,South Korea",125.727,"LCD (LED)",68,"Available",5.5,49.4987199,"50.0"
153950,"LG","55QNED75SRA","Indonesia,South Korea",138.783,"LCD (LED)",92,"Available",5,54.63886709999999,"55.0"
153951,"LG","55QNED756RA","Indonesia,South Korea",138.783,"LCD (LED)",87,"Available",5,54.63886709999999,"55.0"
153952,"LG","65QNED75SRA","Indonesia,South Korea",163.897,"LCD (LED)",114,"Available",5,64.5262489,"65.0"
153953,"LG","65QNED756RA","Indonesia,South Korea",163.897,"LCD (LED)",109,"Available",5.5,64.5262489,"65.0"
153954,"LG","75QNED75SRA","Indonesia,South Korea",189.275,"LCD (LED)",126,"Available",6,74.5175675,"75.0"
153955,"LG","75QNED756RA","Indonesia,South Korea",189.275,"LCD (LED)",130,"Available",6,74.5175675,"75.0"
153956,"CHiQ","U85F8TG","China",214.783,"LCD (LED)",230.268,"Available",4,84.5600671,"85.0"
153957,"CHiQ","U98F8TG","China",247.604,"LCD (LED)",337,"Available",4,97.4816948,"98.0"
153978,"PHILIPS","55OLED708/75","China",138.798,"OLED",99.5,"Available",4,54.6447726,"55.0"
153978,"PHILIPS","55OLED708/79","China",138.798,"OLED",99.5,"Available",4,54.6447726,"55.0"
153979,"PHILIPS","65OLED708/75","China",163.897,"OLED",114.8,"Available",5,64.5262489,"65.0"
153979,"PHILIPS","65OLED708/79","China",163.897,"OLED",114.8,"Available",5,64.5262489,"65.0"
153980,"kogan","KALED32F98TA","China",79.967,"LCD (LED)",28,"Available",6,31.4830079,"32.0"
153980,"kogan","KALED32F98TB","China",79.967,"LCD (LED)",28,"Available",6,31.4830079,"32.0"
153980,"kogan","KALED32F98TC","China",79.967,"LCD (LED)",28,"Available",6,31.4830079,"32.0"
153980,"kogan","KALED32F98TD","China",79.967,"LCD (LED)",28,"Available",6,31.4830079,"32.0"
153980,"kogan","KALED32F98TE","China",79.967,"LCD (LED)",28,"Available",6,31.4830079,"32.0"
153981,"kogan","KALED40F98TA","China",100.305,"LCD (LED)",40,"Available",6,39.4900785,"40.0"
153981,"kogan","KALED40F98TB","China",100.305,"LCD (LED)",40,"Available",6,39.4900785,"40.0"
153981,"kogan","KALED40F98TC","China",100.305,"LCD (LED)",40,"Available",6,39.4900785,"40.0"
153981,"kogan","KALED40F98TD","China",100.305,"LCD (LED)",40,"Available",6,39.4900785,"40.0"
153981,"kogan","KALED40F98TE","China",100.305,"LCD (LED)",40,"Available",6,39.4900785,"40.0"
154001,"HISENSE","43A7KAU","China",107.986,"LCD (LED)",64.97,"Available",4,42.5140882,"43.0"
154001,"HISENSE","43A7KNZ","China",107.986,"LCD (LED)",64.97,"Available",4,42.5140882,"43.0"
154001,"HISENSE","43A7K series","China",107.986,"LCD (LED)",64.97,"Available",4,42.5140882,"43.0"
154003,"HISENSE","55A7KAU","China",138.783,"LCD (LED)",77.8,"Available",5.5,54.63886709999999,"55.0"
154003,"HISENSE","55A7KNZ","China",138.783,"LCD (LED)",77.8,"Available",5.5,54.63886709999999,"55.0"
154003,"HISENSE","55A7K series","China",138.783,"LCD (LED)",77.8,"Available",5.5,54.63886709999999,"55.0"
154004,"HISENSE","65A7KAU","China",163.896,"LCD (LED)",102.3,"Available",5.5,64.5258552,"65.0"
154004,"HISENSE","65A7KNZ","China",163.896,"LCD (LED)",102.3,"Available",5.5,64.5258552,"65.0"
154004,"HISENSE","65A7K series","China",163.896,"LCD (LED)",102.3,"Available",5.5,64.5258552,"65.0"
154005,"HISENSE","75A7KAU","China",189.34,"LCD (LED)",127.12,"Available",6,74.543158,"75.0"
154005,"HISENSE","75A7KNZ","China",189.34,"LCD (LED)",127.12,"Available",6,74.543158,"75.0"
154005,"HISENSE","75A7K series","China",189.34,"LCD (LED)",127.12,"Available",6,74.543158,"75.0"
154006,"HISENSE","85A7KAU","China",214.783,"LCD (LED)",177.41,"Available",5.5,84.5600671,"85.0"
154006,"HISENSE","85A7KNZ","China",214.783,"LCD (LED)",177.41,"Available",5.5,84.5600671,"85.0"
154006,"HISENSE","85A7K series","China",214.783,"LCD (LED)",177.41,"Available",5.5,84.5600671,"85.0"
154045,"Sylvox","OT43A2KEGC","China",107.987,"LCD (LED)",107.8,"Available",2,42.5144819,"43.0"
154079,"Sylvox","OT55A2KEGC","China",138.783,"LCD (LED)",168.3,"Available",2,54.63886709999999,"55.0"
154080,"Sylvox","OT65A2KEGC","China",163.896,"LCD (LED)",237.1,"Available",2,64.5258552,"65.0"
154085,"Sylvox","RT22R3KECA","China",54.485,"LCD (LED)",17.8,"Available",5,21.4507445,"22.0"
154089,"Hubbl Glass","LT043A-04-FXTL","Poland",108.048,"LCD (LED)",50.73,"Available",5,42.5384976,"43.0"
154094,"Hubbl Glass","LT055A-04-FXTL","Poland",138.711,"LCD (LED)",64.71,"Available",6,54.6105207,"55.0"
154113,"Sylvox","RT24R3KECA","China",60.47,"LCD (LED)",21,"Available",5,23.807039,"24.0"
154120,"Blaupunkt","BP550USG9800","China",138.783,"LCD (LED)",91.788,"Available",4.5,54.63886709999999,"55.0"
154150,"LOEWE","WE SEE 43","Germany",107.95,"LCD (LED)",65.8,"Available",4,42.499915,"43.0"
154150,"LOEWE","C43","Germany",107.95,"LCD (LED)",65.8,"Available",4,42.499915,"43.0"
154150,"LOEWE","LOEWE *43","Germany",107.95,"LCD (LED)",65.8,"Available",4,42.499915,"43.0"
154153,"LOEWE","WE SEE 32","Germany",80.054,"LCD (LED)",34,"Available",5,31.5172598,"32.0"
154153,"LOEWE","BILD C 32","Germany",80.054,"LCD (LED)",34,"Available",5,31.5172598,"32.0"
154153,"LOEWE","LED 32","Germany",80.054,"LCD (LED)",34,"Available",5,31.5172598,"32.0"
154156,"LOEWE","WE SEE 55","Germany",138.711,"LCD (LED)",84,"Available",5,54.6105207,"55.0"
154162,"LOEWE","WE SEE 50","Germany",125.638,"LCD (LED)",68,"Available",5.5,49.4636806,"50.0"
154164,"TCL","85C845","China",214.783,"LCD (LED)",306,"Available",2.5,84.5600671,"85.0"
154241,"EKO","K650USGQ2","China",163.954,"LCD",234.49,"Available",2,64.5486898,"65.0"
154241,"EKO","K650UGTQ","China",163.954,"LCD",234.49,"Available",2,64.5486898,"65.0"
154242,"BLAUPUNKT","BP650USG9900","China",163.954,"LCD",234.49,"Available",2,64.5486898,"65.0"
154308,"BLAUPUNKT","BP320HSG9800","China",79.831,"LCD",34.296,"Available",5,31.4294647,"32.0"
154308,"BLAUPUNKT","BP320HSG98","China",79.831,"LCD",34.296,"Available",5,31.4294647,"32.0"
154308,"BLAUPUNKT","BP320FSG98","China",79.831,"LCD",34.296,"Available",5,31.4294647,"32.0"
154394,"kogan","KAQLED43XQ98JSTA","China",107.95,"LCD (LED)",90.1,"Available",2.5,42.499915,"43.0"
154394,"kogan","KAQLED43XQ98JSTB","China",107.95,"LCD (LED)",90.1,"Available",2.5,42.499915,"43.0"
154394,"kogan","KAQLED43XQ98JSTC","China",107.95,"LCD (LED)",90.1,"Available",2.5,42.499915,"43.0"
154394,"kogan","KAQLED43XQ98JSTD","China",107.95,"LCD (LED)",90.1,"Available",2.5,42.499915,"43.0"
154394,"kogan","KAQLED43XQ98JSTE","China",107.95,"LCD (LED)",90.1,"Available",2.5,42.499915,"43.0"
154395,"kogan","KALED65U94TA","China",163.791,"LCD (LED)",102.9,"Available",5.5,64.4845167,"65.0"
154395,"kogan","KALED65U94TB","China",163.791,"LCD (LED)",102.9,"Available",5.5,64.4845167,"65.0"
154395,"kogan","KALED65U94TC","China",163.791,"LCD (LED)",102.9,"Available",5.5,64.4845167,"65.0"
154395,"kogan","KALED65U94TD","China",163.791,"LCD (LED)",102.9,"Available",5.5,64.4845167,"65.0"
154395,"kogan","KALED65U94TE","China",163.791,"LCD (LED)",102.9,"Available",5.5,64.4845167,"65.0"
154403,"JVC","LT-32ND35A2","China",80.039,"LCD (LED)",35.3,"Available",4,31.5113543,"32.0"
154469,"TCL","55C645","China",138.711,"LCD (LED)",97.8,"Available",4,54.6105207,"55.0"
154470,"TCL","85P745","China",214.783,"LCD (LED)",174.4,"Available",5,84.5600671,"85.0"
154520,"SAMSUNG ELECTRONICS","QA98QN990CW","Vietnam",247.688,"LCD (LED)",389,"Available",3.5,97.51476559999999,"98.0"
154521,"SAMSUNG ELECTRONICS","QA50QE1CAS","Vietnam",125.727,"LCD (LED)",76,"Available",5,49.4987199,"50.0"
154533,"Sylvox","RT32R3KECA","China",80.131,"LCD (LED)",31.4,"Available",5,31.5475747,"32.0"
154553,"TCL","40S5400A","China",100.305,"LCD (LED)",35.6,"Available",5,39.4900785,"40.0"
154555,"TCL","32S5400AF","China",79.967,"LCD (LED)",27,"Available",5.5,31.4830079,"32.0"
154630,"LG","OLED77M3PSA","Indonesia,South Korea",194.738,"OLED",216,"Available",4,76.6683506,"77.0"
154631,"LG","OLED83M3PSA","Indonesia,South Korea",209.585,"OLED",212,"Available",4.5,82.5136145,"83.0"
154632,"LG","OLED97M3PSA","Indonesia,South Korea",245.145,"OLED",258,"Available",5,96.5135865,"97.0"
154675,"kogan","KALED75U94TA","China",189.306,"LCD (LED)",137.1,"Available",5.5,74.5297722,"75.0"
154675,"kogan","KALED75U94TB","China",189.306,"LCD (LED)",137.1,"Available",5.5,74.5297722,"75.0"
154675,"kogan","KALED75U94TC","China",189.306,"LCD (LED)",137.1,"Available",5.5,74.5297722,"75.0"
154675,"kogan","KALED75U94TD","China",189.306,"LCD (LED)",137.1,"Available",5.5,74.5297722,"75.0"
154675,"kogan","KALED75U94TE","China",189.306,"LCD (LED)",137.1,"Available",5.5,74.5297722,"75.0"
154681,"FURRION","FDFD24D4D-H2","China",60.47,"LCD (LED)",25.58,"Available",4.5,23.807039,"24.0"
154692,"kogan","KALED55U94TA","China",138.783,"LCD (LED)",80.814,"Available",5.5,54.63886709999999,"55.0"
154692,"kogan","KALED55U94TB","China",138.783,"LCD (LED)",80.814,"Available",5.5,54.63886709999999,"55.0"
154692,"kogan","KALED55U94TC","China",138.783,"LCD (LED)",80.814,"Available",5.5,54.63886709999999,"55.0"
154692,"kogan","KALED55U94TD","China",138.783,"LCD (LED)",80.814,"Available",5.5,54.63886709999999,"55.0"
154692,"kogan","KALED55U94TE","China",138.783,"LCD (LED)",80.814,"Available",5.5,54.63886709999999,"55.0"
154694,"kogan","KAQLED98XQ98JSTA","China",247.691,"LCD (LED)",323,"Available",4,97.5159467,"98.0"
154694,"kogan","KAQLED98XQ98JSTB","China",247.691,"LCD (LED)",323,"Available",4,97.5159467,"98.0"
154694,"kogan","KAQLED98XQ98JSTC","China",247.691,"LCD (LED)",323,"Available",4,97.5159467,"98.0"
154694,"kogan","KAQLED98XQ98JSTD","China",247.691,"LCD (LED)",323,"Available",4,97.5159467,"98.0"
154694,"kogan","KAQLED98XQ98JSTE","China",247.691,"LCD (LED)",323,"Available",4,97.5159467,"98.0"
154698,"kogan","KALED50U94TA","China",125.638,"LCD (LED)",75,"Available",5,49.4636806,"50.0"
154698,"kogan","KALED50U94TB","China",125.638,"LCD (LED)",75,"Available",5,49.4636806,"50.0"
154698,"kogan","KALED50U94TC","China",125.638,"LCD (LED)",75,"Available",5,49.4636806,"50.0"
154698,"kogan","KALED50U94TD","China",125.638,"LCD (LED)",75,"Available",5,49.4636806,"50.0"
154698,"kogan","KALED50U94TE","China",125.638,"LCD (LED)",75,"Available",5,49.4636806,"50.0"
154716,"LG","43UM767H0LD","Indonesia,South Korea",107.987,"LCD (LED)",43,"Available",6,42.5144819,"43.0"
154717,"LG","50UM767H0LD","Indonesia,South Korea",125.727,"LCD (LED)",45,"Available",7,49.4987199,"50.0"
154718,"LG","55UM767H0LD","Indonesia,South Korea",138.783,"LCD (LED)",59,"Available",7,54.63886709999999,"55.0"
154719,"LG","65UM767H0LD","Indonesia,South Korea",163.897,"LCD (LED)",65,"Available",7,64.5262489,"65.0"
154720,"LG","75UM767H0LD","Indonesia,South Korea",189.275,"LCD (LED)",70,"Available",8,74.5175675,"75.0"
154727,"HISENSE","55U7KAU","China",138.783,"LCD (LED)",82.05,"Available",5,54.63886709999999,"55.0"
154727,"HISENSE","55U7KNZ","China",138.783,"LCD (LED)",82.05,"Available",5,54.63886709999999,"55.0"
154727,"HISENSE","55U7K series","China",138.783,"LCD (LED)",82.05,"Available",5,54.63886709999999,"55.0"
154728,"HISENSE","65U7KAU","China",163.896,"LCD (LED)",109.65,"Available",5,64.5258552,"65.0"
154728,"HISENSE","65U7KNZ","China",163.896,"LCD (LED)",109.65,"Available",5,64.5258552,"65.0"
154728,"HISENSE","65U7K series","China",163.896,"LCD (LED)",109.65,"Available",5,64.5258552,"65.0"
154729,"HISENSE","75U7KAU","China",189.34,"LCD (LED)",157.47,"Available",5,74.543158,"75.0"
154729,"HISENSE","75U7KNZ","China",189.34,"LCD (LED)",157.47,"Available",5,74.543158,"75.0"
154729,"HISENSE","75U7K series","China",189.34,"LCD (LED)",157.47,"Available",5,74.543158,"75.0"
154730,"HISENSE","85U7KAU","China",214.783,"LCD (LED)",217.19,"Available",4.5,84.5600671,"85.0"
154730,"HISENSE","85U7KNZ","China",214.783,"LCD (LED)",217.19,"Available",4.5,84.5600671,"85.0"
154730,"HISENSE","85U7K series","China",214.783,"LCD (LED)",217.19,"Available",4.5,84.5600671,"85.0"
154747,"THOMSON","STVLED43FHDB","China",107.953,"LCD (LED)",41.53,"Available",6,42.5010961,"43.0"
154772,"Veon","VN24W2A2023","China",60.22,"LCD",22.6,"Available",4.5,23.708614,"24.0"
154784,"kogan","KALED55R93STA","China",138.783,"LCD (LED)",77.8,"Available",5.5,54.63886709999999,"55.0"
154784,"kogan","KALED55R93STB","China",138.783,"LCD (LED)",77.8,"Available",5.5,54.63886709999999,"55.0"
154784,"kogan","KALED55R93STC","China",138.783,"LCD (LED)",77.8,"Available",5.5,54.63886709999999,"55.0"
154784,"kogan","KALED55R93STD","China",138.783,"LCD (LED)",77.8,"Available",5.5,54.63886709999999,"55.0"
154784,"kogan","KALED55R93STE","China",138.783,"LCD (LED)",77.8,"Available",5.5,54.63886709999999,"55.0"
154785,"kogan","KALED50R93STA","China",125.638,"LCD (LED)",69.15,"Available",5,49.4636806,"50.0"
154785,"kogan","KALED50R93STB","China",125.638,"LCD (LED)",69.15,"Available",5,49.4636806,"50.0"
154785,"kogan","KALED50R93STC","China",125.638,"LCD (LED)",69.15,"Available",5,49.4636806,"50.0"
154785,"kogan","KALED50R93STD","China",125.638,"LCD (LED)",69.15,"Available",5,49.4636806,"50.0"
154785,"kogan","KALED50R93STE","China",125.638,"LCD (LED)",69.15,"Available",5,49.4636806,"50.0"
154887,"TOSHIBA","55Z870MP","China",138.783,"LCD (LED)",115.82,"Available",3.5,54.63886709999999,"55.0"
154888,"TOSHIBA","65Z870MP","China",163.896,"LCD (LED)",129.47,"Available",4.5,64.5258552,"65.0"
154889,"TOSHIBA","75Z870MP","China",189.274,"LCD (LED)",199.04,"Available",4,74.5171738,"75.0"
154890,"SAMSUNG ELECTRONICS","QA55QE1CAS","Vietnam",138.783,"LCD (LED)",82,"Available",5.5,54.63886709999999,"55.0"
154893,"SAMSUNG ELECTRONICS","QA75QE1CAW","Vietnam",189.338,"LCD (LED)",130,"Available",6,74.5423706,"75.0"
154893,"SAMSUNG ELECTRONICS","QA75QE1CAS","Vietnam",189.338,"LCD (LED)",130,"Available",6,74.5423706,"75.0"
154893,"SAMSUNG ELECTRONICS","QA75QE1CA*","Vietnam",189.338,"LCD (LED)",130,"Available",6,74.5423706,"75.0"
154899,"KOGAN","KALED22F5ZA","China",54.626,"LCD",25.2,"Available",3.5,21.5062562,"22.0"
154899,"KOGAN","KALED22F5ZB","China",54.626,"LCD",25.2,"Available",3.5,21.5062562,"22.0"
154899,"KOGAN","KALED22F5ZC","China",54.626,"LCD",25.2,"Available",3.5,21.5062562,"22.0"
154899,"KOGAN","KALED22F5ZD","China",54.626,"LCD",25.2,"Available",3.5,21.5062562,"22.0"
154899,"KOGAN","KALED22F5Z*","China",54.626,"LCD",25.2,"Available",3.5,21.5062562,"22.0"
154908,"LG","43UQ7050PSA","Vietnam",107.987,"LCD (LED)",74,"Available",3.5,42.5144819,"43.0"
154990,"LG","50UQ7050PSA","Vietnam",125.731,"LCD (LED)",83,"Available",4.5,49.5002947,"50.0"
154991,"LG","55UQ7050PSA","Vietnam",138.783,"LCD (LED)",90,"Available",5,54.63886709999999,"55.0"
155058,"ENGLAON","LED24M80","China",59.81,"LCD (LED)",20.3,"Available",5,23.547197,"24.0"
155058,"ENGLAON","LED24X80","China",59.81,"LCD (LED)",20.3,"Available",5,23.547197,"24.0"
155058,"ENGLAON","24in Smart TV","China",59.81,"LCD (LED)",20.3,"Available",5,23.547197,"24.0"
155061,"ENGLAON","LED24M40","China",59.774,"LCD (LED)",16.5,"Available",5.5,23.5330238,"24.0"
155062,"SAMSUNG ELECTRONICS","QA77S89CAW","Vietnam",195.177,"LCD (LED)",178,"Available",4.5,76.8411849,"77.0"
155064,"ENGLAON","LED24M50","China",59.809,"LCD (LED)",25.03,"Available",4.5,23.546803299999997,"24.0"
155066,"ENGLAON","LED32M50","China",80.131,"LCD (LED)",43.25,"Available",4,31.5475747,"32.0"
155089,"BAUHN","ATV70UHDW-0923","China",176.592,"LCD",107.4,"Available",6,69.5242704,"70.0"
155089,"BAUHN","ATV70UHDW-1123","China",176.592,"LCD",107.4,"Available",6,69.5242704,"70.0"
155089,"BAUHN","ATV70UHDW-****","China",176.592,"LCD",107.4,"Available",6,69.5242704,"70.0"
155113,"TOSHIBA","75Z670MP","China",189.34,"LCD (LED)",144.63,"Available",5,74.543158,"75.0"
155114,"TOSHIBA","65Z670MP","China",163.896,"LCD (LED)",117.13,"Available",5,64.5258552,"65.0"
155115,"TOSHIBA","55Z670MP","China",138.783,"LCD (LED)",86.66,"Available",5,54.63886709999999,"55.0"
155188,"SAMSUNG ELECTRONICS","QA83S90CAE","Vietnam",209.585,"LCD (LED)",192,"Available",5,82.5136145,"83.0"
155188,"SAMSUNG ELECTRONICS","QA83S**CA*","Vietnam",209.585,"LCD (LED)",192,"Available",5,82.5136145,"83.0"
155188,"SAMSUNG ELECTRONICS","QA83S89CAW","Vietnam",209.585,"LCD (LED)",192,"Available",5,82.5136145,"83.0"
155188,"SAMSUNG ELECTRONICS","QA83S89CAS","Vietnam",209.585,"LCD (LED)",192,"Available",5,82.5136145,"83.0"
155195,"PHILIPS","32PHT6918/79","China",80.054,"LCD (LED)",25.7,"Available",6,31.5172598,"32.0"
155197,"PHILIPS","43PUT7908/75","China",107.95,"LCD (LED)",82.7,"Available",3,42.499915,"43.0"
155200,"CHiQ","L32G7PG","China",79.967,"LCD (LED)",27.7,"Available",5.5,31.4830079,"32.0"
155201,"CHiQ","L40G7PG","China",100.305,"LCD (LED)",46.8,"Available",5,39.4900785,"40.0"
155202,"CHiQ","U75F8TG","China",189.306,"LCD (LED)",137.7,"Available",5.5,74.5297722,"75.0"
155228,"Panasonic","TH-55MX950Z","China",138.818,"LCD (LED)",76.53,"Available",5,54.652646600000004,"55.0"
155229,"Panasonic","TH-65MX950Z","China",163.853,"LCD (LED)",91.87,"Available",6,64.5089261,"65.0"
155231,"Panasonic","TH-75MX950Z","China",189.321,"LCD (LED)",107.18,"Available",6,74.5356777,"75.0"
155258,"KOGAN","KALED43U94VA","China",107.987,"LCD (LED)",51.44,"Available",4.5,42.5144819,"43.0"
155258,"KOGAN","KALED43U94VB","China",107.987,"LCD (LED)",51.44,"Available",4.5,42.5144819,"43.0"
155258,"KOGAN","KALED43U94VC","China",107.987,"LCD (LED)",51.44,"Available",4.5,42.5144819,"43.0"
155258,"KOGAN","KALED43U94V*","China",107.987,"LCD (LED)",51.44,"Available",4.5,42.5144819,"43.0"
155332,"EKO","K70USW2","China",176.538,"LCD",145.2,"Available",5,69.50301060000001,"70.0"
155359,"HISENSE","32A4KAU","China",80.04,"LCD (LED)",22.8,"Available",6,31.511748,"32.0"
155360,"HISENSE","40A4KAU","China",100.332,"LCD (LED)",29.07,"Available",7,39.50070839999999,"40.0"
155361,"HISENSE","65U8KAU","China",163.896,"LCD (LED)",133.75,"Available",4.5,64.5258552,"65.0"
155361,"HISENSE","65U8KNZ","China",163.896,"LCD (LED)",133.75,"Available",4.5,64.5258552,"65.0"
155361,"HISENSE","65U8K series","China",163.896,"LCD (LED)",133.75,"Available",4.5,64.5258552,"65.0"
155362,"HISENSE","75U8KAU","China",189.34,"LCD (LED)",161.33,"Available",4.5,74.543158,"75.0"
155362,"HISENSE","75U8KNZ","China",189.34,"LCD (LED)",161.33,"Available",4.5,74.543158,"75.0"
155362,"HISENSE","75U8K series","China",189.34,"LCD (LED)",161.33,"Available",4.5,74.543158,"75.0"
155398,"FFALCON","FF32S53","China",79.967,"LCD (LED)",27,"Available",5.5,31.4830079,"32.0"
155399,"FFALCON","FF40S53","China",100.305,"LCD (LED)",35.6,"Available",5,39.4900785,"40.0"
155400,"FFALCON","FF50U63","China",125.638,"LCD (LED)",50.3,"Available",6,49.4636806,"50.0"
155401,"FFALCON","FF55U63","China",138.711,"LCD (LED)",53,"Available",6,54.6105207,"55.0"
155421,"CHiQ","U43G7PG","China",107.95,"LCD (LED)",52.9,"Available",5,42.499915,"43.0"
155422,"CHiQ","U50G7PG","China",125.638,"LCD (LED)",69.9,"Available",5,49.4636806,"50.0"
155423,"CHiQ","U55G7PG","China",138.798,"LCD (LED)",82.3,"Available",5,54.6447726,"55.0"
155424,"CHiQ","U58G7PG","China",146.039,"LCD (LED)",86.5,"Available",5,57.495554299999995,"58.0"
155425,"CHiQ","U65G7PG","China",163.829,"LCD (LED)",94,"Available",5.5,64.4994773,"65.0"
155426,"CHiQ","U65QM8VG","China",163.829,"LCD (LED)",158,"Available",4,64.4994773,"65.0"
155477,"Kodak","KD65WOS2","China",163.896,"LCD (LED)",95.274,"Available",6,64.5258552,"65.0"
155480,"PHILIPS","50PUT7428/79","China",125.725,"LCD (LED)",66.6,"Available",5,49.4979325,"50.0"
155483,"PHILIPS","65PUT7428/79","China",163.878,"LCD (LED)",101.3,"Available",5.5,64.51876859999999,"65.0"
155515,"KOGAN","KALED60U93NA","China",152.663,"LCD",110.3,"Available",5,60.1034231,"60.0"
155515,"KOGAN","KALED60U93NB","China",152.663,"LCD",110.3,"Available",5,60.1034231,"60.0"
155515,"KOGAN","*60*","China",152.663,"LCD",110.3,"Available",5,60.1034231,"60.0"
155515,"KOGAN","KALED60U93NC","China",152.663,"LCD",110.3,"Available",5,60.1034231,"60.0"
155515,"KOGAN","KALED60U93ND","China",152.663,"LCD",110.3,"Available",5,60.1034231,"60.0"
155515,"KOGAN","D60S218-U-T2-W","China",152.663,"LCD",110.3,"Available",5,60.1034231,"60.0"
155554,"KONKA","KDE40RR314FANT","China",100.332,"LCD (LED)",44.91,"Available",5,39.50070839999999,"40.0"
155554,"KONKA","KDE40RR315ANT","China",100.332,"LCD (LED)",44.91,"Available",5,39.50070839999999,"40.0"
155555,"KONKA","UDE55QR314FANT","China",138.783,"LCD (LED)",86.23,"Available",5,54.63886709999999,"55.0"
155555,"KONKA","UDE55QR315ANT","China",138.783,"LCD (LED)",86.23,"Available",5,54.63886709999999,"55.0"
155556,"KOGAN","KALED40R93STA","China",100.305,"LCD (LED)",40,"Available",6,39.4900785,"40.0"
155556,"KOGAN","KALED40R93STB","China",100.305,"LCD (LED)",40,"Available",6,39.4900785,"40.0"
155556,"KOGAN","KALED40R93STC","China",100.305,"LCD (LED)",40,"Available",6,39.4900785,"40.0"
155556,"KOGAN","KALED40R93STD","China",100.305,"LCD (LED)",40,"Available",6,39.4900785,"40.0"
155556,"KOGAN","KALED40R93STE","China",100.305,"LCD (LED)",40,"Available",6,39.4900785,"40.0"
155558,"KONKA","KDE32RR314FANT-5","China",80.039,"LCD (LED)",31.51,"Available",5,31.5113543,"32.0"
155558,"KONKA","KDE32RR315ANT","China",80.039,"LCD (LED)",31.51,"Available",5,31.5113543,"32.0"
155565,"TOSHIBA","85Z670MP","China",214.783,"LCD (LED)",240.73,"Available",4,84.5600671,"85.0"
155568,"KONKA","UDE50QR314FANT","China",125.731,"LCD (LED)",72.19,"Available",5,49.5002947,"50.0"
155568,"KONKA","UDE50QR315ANT","China",125.731,"LCD (LED)",72.19,"Available",5,49.5002947,"50.0"
155583,"HISENSE","55U6KAU","China",138.783,"LCD (LED)",85.64,"Available",5,54.63886709999999,"55.0"
155583,"HISENSE","55U6KNZ","China",138.783,"LCD (LED)",85.64,"Available",5,54.63886709999999,"55.0"
155583,"HISENSE","55U6K series","China",138.783,"LCD (LED)",85.64,"Available",5,54.63886709999999,"55.0"
155584,"HISENSE","65U6KAU","China",163.896,"LCD (LED)",140.56,"Available",4,64.5258552,"65.0"
155584,"HISENSE","65U6KNZ","China",163.896,"LCD (LED)",140.56,"Available",4,64.5258552,"65.0"
155584,"HISENSE","65U6K series","China",163.896,"LCD (LED)",140.56,"Available",4,64.5258552,"65.0"
155585,"HISENSE","75U6KAU","China",189.274,"LCD (LED)",154.66,"Available",5,74.5171738,"75.0"
155585,"HISENSE","75U6KNZ","China",189.274,"LCD (LED)",154.66,"Available",5,74.5171738,"75.0"
155585,"HISENSE","75U6K series","China",189.274,"LCD (LED)",154.66,"Available",5,74.5171738,"75.0"
155594,"EKO","K650UGT","China",163.896,"LCD (LED)",141.108,"Available",4,64.5258552,"65.0"
155613,"EKO","K550UGT","China",138.783,"LCD (LED)",87.678,"Available",5,54.63886709999999,"55.0"
155639,"BLAUPUNKT","BP500USG9800","China",125.251,"LCD",102.36,"Available",3.5,49.3113187,"49.0"
155646,"EKO","K400FGT","China",100.791,"LCD",50.5,"Available",5,39.6814167,"40.0"
155646,"EKO","K400FGTQ","China",100.791,"LCD",50.5,"Available",5,39.6814167,"40.0"
155665,"BLAUPUNKT","BP240HSG9800","China",59.774,"LCD",20.94,"Available",5,23.5330238,"24.0"
155702,"PHILIPS","55PUT7428/79","China",138.798,"LCD (LED)",79.3,"Available",5,54.6447726,"55.0"
155735,"PHILIPS","43PUT7428/79","China",107.95,"LCD (LED)",80.8,"Available",3,42.499915,"43.0"
155824,"PHILIPS","43PFT6918/79","China",107.95,"LCD (LED)",38,"Available",6,42.499915,"43.0"
155853,"EKO","K320HGT","China",79.831,"LCD",34.296,"Available",5,31.4294647,"32.0"
155853,"EKO","K320FGTQ","China",79.831,"LCD",34.296,"Available",5,31.4294647,"32.0"
155853,"EKO","K320****","China",79.831,"LCD",34.296,"Available",5,31.4294647,"32.0"
155853,"EKO","K320HGTLB","China",79.831,"LCD",34.296,"Available",5,31.4294647,"32.0"
155853,"EKO","K320HGTLW","China",79.831,"LCD",34.296,"Available",5,31.4294647,"32.0"
155884,"TAVICE","65DF","China",163.84,"LCD",130.03,"Available",4.5,64.503808,"65.0"
155890,"Kodak","KD65G11","China",163.132,"LCD",94.65,"Available",6,64.2250684,"64.0"
155910,"JVC","AV-J323142A","China",80.039,"LCD",39,"Available",4.5,31.5113543,"32.0"
155912,"BAUHN","ATV40FHDG-1123","China",100.305,"LCD (LED)",40,"Available",6,39.4900785,"40.0"
155953,"FFALCON","FF65U63","China",163.829,"LCD (LED)",73.5,"Available",6,64.4994773,"65.0"
155955,"FFALCON","FF75U63","China",189.306,"LCD (LED)",123.8,"Available",5.5,74.5297722,"75.0"
155956,"FFALCON","FF43U63","China",107.95,"LCD (LED)",43.6,"Available",5.5,42.499915,"43.0"
156005,"SAMSUNG ELECTRONICS","QA65QE1CAW","Vietnam",163.897,"LCD (LED)",112,"Available",5.5,64.5262489,"65.0"
156005,"SAMSUNG ELECTRONICS","QA65QE1CAS","Vietnam",163.897,"LCD (LED)",112,"Available",5.5,64.5262489,"65.0"
156005,"SAMSUNG ELECTRONICS","QA65QE1CA*","Vietnam",163.897,"LCD (LED)",112,"Available",5.5,64.5262489,"65.0"
156025,"TCL","50C845","China",125.638,"LCD (LED)",91.4,"Available",3.5,49.4636806,"50.0"
156044,"EKO","K400FAT","China",100.36,"LCD (LED)",54.48,"Available",4.5,39.511732,"40.0"
156077,"EKO","K240HGT","China",59.774,"LCD",20.94,"Available",5,23.5330238,"24.0"
156156,"KOGAN","KALED65R94KA","China",163.916,"LCD (LED)",86.9,"Available",6,64.5337292,"65.0"
156156,"KOGAN","KALED65R94KB","China",163.916,"LCD (LED)",86.9,"Available",6,64.5337292,"65.0"
156156,"KOGAN","KALED65R94KC","China",163.916,"LCD (LED)",86.9,"Available",6,64.5337292,"65.0"
156156,"KOGAN","KALED65R94KD","China",163.916,"LCD (LED)",86.9,"Available",6,64.5337292,"65.0"
156156,"KOGAN","KALED65R94K*","China",163.916,"LCD (LED)",86.9,"Available",6,64.5337292,"65.0"
156284,"HISENSE","75UXAU","China",189.34,"LCD (LED)",181.25,"Available",4,74.543158,"75.0"
156284,"HISENSE","75UXNZ","China",189.34,"LCD (LED)",181.25,"Available",4,74.543158,"75.0"
156284,"HISENSE","75UX series","China",189.34,"LCD (LED)",181.25,"Available",4,74.543158,"75.0"
156285,"HISENSE","85UXAU","China",214.783,"LCD (LED)",202.84,"Available",5,84.5600671,"85.0"
156285,"HISENSE","85UXNZ","China",214.783,"LCD (LED)",202.84,"Available",5,84.5600671,"85.0"
156285,"HISENSE","85UX series","China",214.783,"LCD (LED)",202.84,"Available",5,84.5600671,"85.0"
156286,"HISENSE","70A6KAU","China",176.57,"LCD (LED)",104.78,"Available",6,69.515609,"70.0"
156287,"HISENSE","58A6KAU","China",146.068,"LCD (LED)",73.72,"Available",6,57.50697160000001,"58.0"
156317,"Linsar","LS86UHDNF23","China",217.425,"LCD",169.97,"Available",6,85.6002225,"86.0"
156324,"JVC","AV-JQ757115A","China",189.34,"LCD (LED)",117.5,"Available",6,74.543158,"75.0"
156356,"EKO","K500UAT","China",125.725,"LCD",66.62,"Available",5.5,49.4979325,"50.0"
156367,"TCL","98C845","China",247.604,"LCD (LED)",197.4,"Available",5.5,97.4816948,"98.0"
156394,"JVC","AV-J987145A","China",249.606,"LCD (LED)",237.4,"Available",5.5,98.2698822,"98.0"
156395,"Panasonic","TH-43NX800Z","China",108.124,"LCD (LED)",51.888,"Available",5,42.568418799999996,"43.0"
156427,"Panasonic","TH-55NX800Z","China",138.798,"LCD (LED)",83.91,"Available",5,54.6447726,"55.0"
156428,"Panasonic","TH-65NX800Z","China",163.867,"LCD",113.136,"Available",5,64.51443789999999,"65.0"
156434,"Panasonic","TH-75NX800Z","China",189.306,"LCD (LED)",98.826,"Available",6,74.5297722,"75.0"
156435,"Panasonic","TN-43W70AGZ","China",108.124,"LCD (LED)",42.804,"Available",6,42.568418799999996,"43.0"
156436,"Panasonic","TN-50W70AGZ","China",125.676,"LCD (LED)",54.39,"Available",6,49.4786412,"50.0"
156438,"Panasonic","TN-55W70AGZ","China",138.798,"LCD (LED)",62.358,"Available",6,54.6447726,"55.0"
156441,"Panasonic","TN-65W70AGZ","China",163.867,"LCD (LED)",75.576,"Available",6,64.51443789999999,"65.0"
156442,"Panasonic","TN-75W70AGZ","China",189.306,"LCD (LED)",102.546,"Available",6,74.5297722,"75.0"
156443,"Panasonic","TN-85W80AGZ","China",217.086,"LCD (LED)",119.346,"Available",7,85.4667582,"86.0"
156520,"SAMSUNG ELECTRONICS","UA85CU7000S","Vietnam",214.783,"LCD (LED)",145,"Available",6,84.5600671,"85.0"
156520,"SAMSUNG ELECTRONICS","UA85CU7100S","Vietnam",214.783,"LCD (LED)",145,"Available",6,84.5600671,"85.0"
156520,"SAMSUNG ELECTRONICS","UA85CU7*00S","Vietnam",214.783,"LCD (LED)",145,"Available",6,84.5600671,"85.0"
156521,"AKAI","AK3223S7WOS","China",80.054,"LCD",23.5,"Available",6,31.5172598,"32.0"
156532,"EKO","K650UAT","China",163.878,"LCD",147.21,"Available",4,64.51876859999999,"65.0"
156532,"EKO","K650UATW","China",163.878,"LCD",147.21,"Available",4,64.51876859999999,"65.0"
156534,"EKO","K550UAT","China",138.798,"LCD",110.12,"Available",4,54.6447726,"55.0"
156534,"EKO","K550UATW","China",138.798,"LCD",110.12,"Available",4,54.6447726,"55.0"
156535,"EKO","K550UGT2","China",138.798,"LCD",94.96,"Available",4.5,54.6447726,"55.0"
156536,"BLAUPUNKT","BP550USG98","China",138.798,"LCD",94.96,"Available",4.5,54.6447726,"55.0"
156634,"BLAUPUNKT","BP750USG9800","China",188.424,"LCD",221.6,"Available",3.5,74.1825288,"74.0"
156641,"PHILIPS","75HFL5214U/97","China",189.306,"LCD (LED)",99.7,"Available",6,74.5297722,"75.0"
156661,"JVC","LT-50NQ7145A","China",125.725,"LCD",112.52,"Available",3,49.4979325,"50.0"
156684,"KOGAN","KALED40R94KA","China",100.333,"LCD (LED)",40.7,"Available",5.5,39.5011021,"40.0"
156684,"KOGAN","KALED40R94KB","China",100.333,"LCD (LED)",40.7,"Available",5.5,39.5011021,"40.0"
156684,"KOGAN","KALED40R94KC","China",100.333,"LCD (LED)",40.7,"Available",5.5,39.5011021,"40.0"
156703,"KOGAN","KALED32R94KA","China",80.043,"LCD (LED)",31.8,"Available",5,31.5129291,"32.0"
156703,"KOGAN","KALED32R94KB","China",80.043,"LCD (LED)",31.8,"Available",5,31.5129291,"32.0"
156703,"KOGAN","KALED32R94KC","China",80.043,"LCD (LED)",31.8,"Available",5,31.5129291,"32.0"
156711,"JVC","LT-55NQ7145A","China",138.798,"LCD",126.52,"Available",3.5,54.6447726,"55.0"
156712,"KOGAN","KALED55R94KA","China,Indonesia",138.439,"LCD (LED)",68.9,"Available",5.5,54.503434299999995,"55.0"
156712,"KOGAN","KALED55R94KB","China,Indonesia",138.439,"LCD (LED)",68.9,"Available",5.5,54.503434299999995,"55.0"
156712,"KOGAN","KALED55R94KC","China,Indonesia",138.439,"LCD (LED)",68.9,"Available",5.5,54.503434299999995,"55.0"
156712,"KOGAN","KALED55R94KD","China,Indonesia",138.439,"LCD (LED)",68.9,"Available",5.5,54.503434299999995,"55.0"
156712,"KOGAN","KALED55R94****","China,Indonesia",138.439,"LCD (LED)",68.9,"Available",5.5,54.503434299999995,"55.0"
156714,"KOGAN","KALED50R94KA","China,Indonesia",125.812,"LCD (LED)",66.4,"Available",5,49.5321844,"50.0"
156714,"KOGAN","KALED50R94KB","China,Indonesia",125.812,"LCD (LED)",66.4,"Available",5,49.5321844,"50.0"
156714,"KOGAN","KALED50R94KC","China,Indonesia",125.812,"LCD (LED)",66.4,"Available",5,49.5321844,"50.0"
156714,"KOGAN","KALED50R94KD","China,Indonesia",125.812,"LCD (LED)",66.4,"Available",5,49.5321844,"50.0"
156714,"KOGAN","KALED50R94****","China,Indonesia",125.812,"LCD (LED)",66.4,"Available",5,49.5321844,"50.0"
156806,"Sylvox","OT75A2KEGC","China",189.34,"LCD (LED)",306.7,"Available",2,74.543158,"75.0"
156819,"KONKA","KUD65WT703AN","China",163.896,"LCD (LED)",119.01,"Available",5,64.5258552,"65.0"
156855,"LG","43UM662H0LC","South Korea,Indonesia",107.987,"LCD (LED)",36,"Available",7,42.5144819,"43.0"
156856,"LG","50UM662H0LC","Indonesia,South Korea",125.727,"LCD (LED)",40,"Available",7,49.4987199,"50.0"
156857,"LG","55UM662H0LC","Indonesia,South Korea",138.783,"LCD (LED)",49,"Available",7,54.63886709999999,"55.0"
156858,"LG","65UM662H0LC","Indonesia,South Korea",163.897,"LCD (LED)",56,"Available",8,64.5262489,"65.0"
156874,"EKO","K55USW2","China",138.783,"LCD",82.242,"Available",5.5,54.63886709999999,"55.0"
156874,"EKO","K55USW3","China",138.783,"LCD",82.242,"Available",5.5,54.63886709999999,"55.0"
156876,"EKO","K65USW3","China",163.896,"LCD",111.438,"Available",5.5,64.5258552,"65.0"
156888,"PRISM+","Q75U","China,Indonesia",189.344,"LCD (LED)",165.8,"Available",4.5,74.54473279999999,"75.0"
157100,"KOGAN","KAL24DH5300QA","China,Vietnam",60.47,"LCD (LED)",25.83,"Available",3.5,23.807039,"24.0"
157104,"EKO","K42FSW3","China",105.422,"LCD (LED)",55.82,"Available",4,41.5046414,"42.0"
157108,"EKO","K50USW3","China",125.731,"LCD (LED)",94.37,"Available",3,49.5002947,"50.0"
157109,"BLAUPUNKT","BP500USG9700","China",125.731,"LCD (LED)",97.68,"Available",2.5,49.5002947,"50.0"
157113,"EKO","K320HATTA","China",80.039,"LCD (LED)",24.687,"Available",5,31.5113543,"32.0"
157119,"KOGAN","KAQL50W94QA","China,Vietnam",125.731,"LCD (LED)",94.01,"Available",3,49.5002947,"50.0"
157120,"KOGAN","KAQL55W94QA","China,Vietnam",138.783,"LCD (LED)",109.19,"Available",3.5,54.63886709999999,"55.0"
157121,"KOGAN","KAQL65W94QA","China,Vietnam",163.896,"LCD (LED)",134.93,"Available",4,64.5258552,"65.0"
157122,"KOGAN","KAQL75W94QA","China,Vietnam",189.34,"LCD (LED)",159.15,"Available",3.5,74.543158,"75.0"
157176,"SAMSUNG ELECTRONICS","HG50CU700AW","Vietnam",125.727,"LCD (LED)",80,"Available",4.5,49.4987199,"50.0"
157177,"SAMSUNG ELECTRONICS","HG55CU700AW","Vietnam",138.783,"LCD (LED)",81,"Available",5.5,54.63886709999999,"55.0"
157180,"JVC","LT-32N3115A11N","China",80.103,"LCD",29.22,"Available",5.5,31.536551099999997,"32.0"
157291,"SAMSUNG ELECTRONICS","HG43CU700AW","Vietnam",107.987,"LCD (LED)",70,"Available",4,42.5144819,"43.0"
157297,"SAMSUNG ELECTRONICS","HG65CU700AW","Vietnam",163.897,"LCD (LED)",126,"Available",5,64.5262489,"65.0"
157446,"SAMSUNG ELECTRONICS","HG75CU700AW","Vietnam",189.338,"LCD (LED)",143,"Available",5.5,74.5423706,"75.0"
157472,"KOGAN","KALED40F98VA","China",100.36,"LCD (LED)",54.48,"Available",4.5,39.511732,"40.0"
157472,"KOGAN","KALED40F98VB","China",100.36,"LCD (LED)",54.48,"Available",4.5,39.511732,"40.0"
157472,"KOGAN","KALED40F98VC","China",100.36,"LCD (LED)",54.48,"Available",4.5,39.511732,"40.0"
157581,"EKO","K75USW2","China",189.34,"LCD (LED)",186.3,"Available",4.5,74.543158,"75.0"
157590,"BLAUPUNKT","BP700USG9700","China",176.539,"LCD",153.11,"Available",4.5,69.5034043,"70.0"
157597,"JVC","LT-70N7145A","China",176.563,"LCD (LED)",116.74,"Available",5.5,69.5128531,"70.0"
157676,"KOGAN","KALED32R98VA","China",79.994,"LCD (LED)",28.86,"Available",4.5,31.4936378,"32.0"
157676,"KOGAN","KALED32R98VB","China",79.994,"LCD (LED)",28.86,"Available",4.5,31.4936378,"32.0"
157676,"KOGAN","KALED32R98VC","China",79.994,"LCD (LED)",28.86,"Available",4.5,31.4936378,"32.0"
157684,"KONKA","KDG40RT680AN2","China",100.332,"LCD (LED)",32.247,"Available",6,39.50070839999999,"40.0"
157699,"KOGAN","KAQL65XQ98GSTA","China",163.829,"LCD (LED)",195.5,"Available",2.5,64.4994773,"65.0"
157699,"KOGAN","KAQL65XQ98GSTB","China",163.829,"LCD (LED)",195.5,"Available",2.5,64.4994773,"65.0"
157699,"KOGAN","KAQL65XQ98GSTC","China",163.829,"LCD (LED)",195.5,"Available",2.5,64.4994773,"65.0"
157699,"KOGAN","KAQL65XQ98GSTD","China",163.829,"LCD (LED)",195.5,"Available",2.5,64.4994773,"65.0"
157699,"KOGAN","KAQL65XQ98GSTE","China",163.829,"LCD (LED)",195.5,"Available",2.5,64.4994773,"65.0"
157699,"KOGAN","KAQL65XQ98GST*","China",163.829,"LCD (LED)",195.5,"Available",2.5,64.4994773,"65.0"
157732,"Linsar","LS50UHDNF23","China",127.259,"LCD (LED)",57.06,"Available",6,50.1018683,"50.0"
157736,"JVC","LT-40N5115A11E","China",100.36,"LCD (LED)",54.48,"Available",4.5,39.511732,"40.0"
157752,"Blaupunkt","BP320HSG9800","China",80.039,"LCD (LED)",31.626,"Available",5,31.5113543,"32.0"
157754,"Linsar","LS55UHDNF23","China",138.783,"LCD (LED)",69.65,"Available",6,54.63886709999999,"55.0"
157755,"Linsar","LS60UHDNF23","China",152.663,"LCD",85.97,"Available",6,60.1034231,"60.0"
157756,"Linsar","LS65UHDNF23","China",164.961,"LCD (LED)",95.92,"Available",6,64.9451457,"65.0"
157757,"Linsar","LS70UHDNF23","China",176.537,"LCD (LED)",99.18,"Available",6,69.5026169,"70.0"
157758,"BAUHN","ATV40UHDW-0124","China",101.549,"LCD (LED)",51.2,"Available",5,39.979841300000004,"40.0"
157758,"BAUHN","ATV40UHDW-0324","China",101.549,"LCD (LED)",51.2,"Available",5,39.979841300000004,"40.0"
157758,"BAUHN","ATV40UHDW-****","China",101.549,"LCD (LED)",51.2,"Available",5,39.979841300000004,"40.0"
157772,"Blaupunkt","BP400FSG9800","China",100.332,"LCD (LED)",46.5216,"Available",5,39.50070839999999,"40.0"
157773,"JVC","AV-H437115A11N","China",107.95,"LCD",57.474,"Available",5,42.499915,"43.0"
157776,"JVC","AV-H323115A11N","China",80.103,"LCD",29.22,"Available",5.5,31.536551099999997,"32.0"
157792,"Veon","VN43ID7023","China",108.037,"LCD (LED)",57.65,"Available",5,42.5341669,"43.0"
157838,"JVC","LT-55NQ7145AN","China",138.798,"LCD",97.36,"Available",4.5,54.6447726,"55.0"
157859,"BAUHN","ATV55UHDW-0124","China",138.783,"LCD (LED)",73.991,"Available",6,54.63886709999999,"55.0"
157956,"JVC","LT-43N5135AN","China",107.999,"LCD",53.26,"Available",5,42.5192063,"43.0"
157958,"SONY","K-50S30","Malaysia",125.725,"LCD (LED)",83.3,"Available",4.5,49.4979325,"50.0"
157965,"JVC","LT-50NQ7145AN","China",125.725,"LCD",110.72,"Available",3,49.4979325,"50.0"
157984,"SAMSUNG ELECTRONICS","QA43Q60DAS","Vietnam",107.987,"LCD (LED)",64,"Available",4.5,42.5144819,"43.0"
157984,"SAMSUNG ELECTRONICS","QA43Q65DAS","Vietnam",107.987,"LCD (LED)",64,"Available",4.5,42.5144819,"43.0"
157984,"SAMSUNG ELECTRONICS","QA43Q6*DAS","Vietnam",107.987,"LCD (LED)",64,"Available",4.5,42.5144819,"43.0"
157986,"SAMSUNG ELECTRONICS","QA50Q60DAS","Vietnam",125.727,"LCD (LED)",66,"Available",5.5,49.4987199,"50.0"
157986,"SAMSUNG ELECTRONICS","QA50Q65DAS","Vietnam",125.727,"LCD (LED)",66,"Available",5.5,49.4987199,"50.0"
157986,"SAMSUNG ELECTRONICS","QA50Q6*DAS","Vietnam",125.727,"LCD (LED)",66,"Available",5.5,49.4987199,"50.0"
157987,"SAMSUNG ELECTRONICS","QA55Q60DAW","Vietnam",138.783,"LCD (LED)",74,"Available",6,54.63886709999999,"55.0"
157987,"SAMSUNG ELECTRONICS","QA55Q60DAS","Vietnam",138.783,"LCD (LED)",74,"Available",6,54.63886709999999,"55.0"
157987,"SAMSUNG ELECTRONICS","QA55Q65DAW","Vietnam",138.783,"LCD (LED)",74,"Available",6,54.63886709999999,"55.0"
157987,"SAMSUNG ELECTRONICS","QA55Q65DAS","Vietnam",138.783,"LCD (LED)",74,"Available",6,54.63886709999999,"55.0"
157987,"SAMSUNG ELECTRONICS","QA55Q6*DA*","Vietnam",138.783,"LCD (LED)",74,"Available",6,54.63886709999999,"55.0"
157989,"SAMSUNG ELECTRONICS","QA65Q60DAW","Vietnam",163.897,"LCD (LED)",86,"Available",6,64.5262489,"65.0"
157989,"SAMSUNG ELECTRONICS","QA65Q60DAS","Vietnam",163.897,"LCD (LED)",86,"Available",6,64.5262489,"65.0"
157989,"SAMSUNG ELECTRONICS","QA65Q65DAW","Vietnam",163.897,"LCD (LED)",86,"Available",6,64.5262489,"65.0"
157989,"SAMSUNG ELECTRONICS","QA65Q65DAS","Vietnam",163.897,"LCD (LED)",86,"Available",6,64.5262489,"65.0"
157989,"SAMSUNG ELECTRONICS","QA65Q6*DA*","Vietnam",163.897,"LCD (LED)",86,"Available",6,64.5262489,"65.0"
157991,"SAMSUNG ELECTRONICS","QA75Q60DAW","Vietnam",189.338,"LCD (LED)",112,"Available",6,74.5423706,"75.0"
157991,"SAMSUNG ELECTRONICS","QA75Q60DAS","Vietnam",189.338,"LCD (LED)",112,"Available",6,74.5423706,"75.0"
157991,"SAMSUNG ELECTRONICS","QA75Q65DAW","Vietnam",189.338,"LCD (LED)",112,"Available",6,74.5423706,"75.0"
157991,"SAMSUNG ELECTRONICS","QA75Q65DAS","Vietnam",189.338,"LCD (LED)",112,"Available",6,74.5423706,"75.0"
157991,"SAMSUNG ELECTRONICS","QA75Q6*DA*","Vietnam",189.338,"LCD (LED)",112,"Available",6,74.5423706,"75.0"
157993,"SAMSUNG ELECTRONICS","QA85Q60DAW","Vietnam",214.783,"LCD (LED)",142,"Available",6,84.5600671,"85.0"
157993,"SAMSUNG ELECTRONICS","QA85Q60DAS","Vietnam",214.783,"LCD (LED)",142,"Available",6,84.5600671,"85.0"
157993,"SAMSUNG ELECTRONICS","QA85Q65DAW","Vietnam",214.783,"LCD (LED)",142,"Available",6,84.5600671,"85.0"
157993,"SAMSUNG ELECTRONICS","QA85Q65DAS","Vietnam",214.783,"LCD (LED)",142,"Available",6,84.5600671,"85.0"
157993,"SAMSUNG ELECTRONICS","QA85Q6*DA*","Vietnam",214.783,"LCD (LED)",142,"Available",6,84.5600671,"85.0"
157994,"SAMSUNG ELECTRONICS","QA75QN90DAW","Vietnam",189.338,"LCD (LED)",157,"Available",5,74.5423706,"75.0"
157994,"SAMSUNG ELECTRONICS","QA75QN90DAS","Vietnam",189.338,"LCD (LED)",157,"Available",5,74.5423706,"75.0"
157994,"SAMSUNG ELECTRONICS","QA75QN90DA*","Vietnam",189.338,"LCD (LED)",157,"Available",5,74.5423706,"75.0"
158053,"BAUHN","ATV24HDW-0224","China",59.774,"LCD",15.1,"Available",6,23.5330238,"24.0"
158085,"SAMSUNG ELECTRONICS","UA43DU8000W","Vietnam",107.987,"LCD (LED)",71,"Available",4,42.5144819,"43.0"
158085,"SAMSUNG ELECTRONICS","UA43DU8000S","Vietnam",107.987,"LCD (LED)",71,"Available",4,42.5144819,"43.0"
158085,"SAMSUNG ELECTRONICS","UA43DU8500S","Vietnam",107.987,"LCD (LED)",71,"Available",4,42.5144819,"43.0"
158085,"SAMSUNG ELECTRONICS","UA43DU8*00*","Vietnam",107.987,"LCD (LED)",71,"Available",4,42.5144819,"43.0"
158143,"Sylvox","BT24A1KEGB","China",60.47,"LCD (LED)",17.14,"Available",6,23.807039,"24.0"
158143,"Sylvox","BT24A0KEGB","China",60.47,"LCD (LED)",17.14,"Available",6,23.807039,"24.0"
158143,"Sylvox","BT24A0KOGB","China",60.47,"LCD (LED)",17.14,"Available",6,23.807039,"24.0"
158143,"Sylvox","BT24A1KOGB","China",60.47,"LCD (LED)",17.14,"Available",6,23.807039,"24.0"
158143,"Sylvox","BT24A2KOGB","China",60.47,"LCD (LED)",17.14,"Available",6,23.807039,"24.0"
158143,"Sylvox","BT24A3KOGB","China",60.47,"LCD (LED)",17.14,"Available",6,23.807039,"24.0"
158143,"Sylvox","BT24A4KOGB","China",60.47,"LCD (LED)",17.14,"Available",6,23.807039,"24.0"
158143,"Sylvox","BT24A5KOGB","China",60.47,"LCD (LED)",17.14,"Available",6,23.807039,"24.0"
158143,"Sylvox","BT24A6KOGB","China",60.47,"LCD (LED)",17.14,"Available",6,23.807039,"24.0"
158143,"Sylvox","BT24A7KOGB","China",60.47,"LCD (LED)",17.14,"Available",6,23.807039,"24.0"
158143,"Sylvox","BT24A***GB","China",60.47,"LCD (LED)",17.14,"Available",6,23.807039,"24.0"
158147,"KOGAN","KAQL98XQ98GSTA","China",247.691,"LCD (LED)",297.5,"Available",4,97.5159467,"98.0"
158147,"KOGAN","KAQL98XQ98GSTB","China",247.691,"LCD (LED)",297.5,"Available",4,97.5159467,"98.0"
158147,"KOGAN","KAQL98XQ98GSTC","China",247.691,"LCD (LED)",297.5,"Available",4,97.5159467,"98.0"
158147,"KOGAN","KAQL98XQ98GSTD","China",247.691,"LCD (LED)",297.5,"Available",4,97.5159467,"98.0"
158147,"KOGAN","KAQL98XQ98GSTE","China",247.691,"LCD (LED)",297.5,"Available",4,97.5159467,"98.0"
158147,"KOGAN","KAQL98XQ98GST*","China",247.691,"LCD (LED)",297.5,"Available",4,97.5159467,"98.0"
158162,"SAMSUNG ELECTRONICS","QA65QN800DW","Vietnam",163.897,"LCD (LED)",262,"Available",1.5,64.5262489,"65.0"
158162,"SAMSUNG ELECTRONICS","QA65QN800DS","Vietnam",163.897,"LCD (LED)",262,"Available",1.5,64.5262489,"65.0"
158162,"SAMSUNG ELECTRONICS","QA65QN800D*","Vietnam",163.897,"LCD (LED)",262,"Available",1.5,64.5262489,"65.0"
158163,"SAMSUNG ELECTRONICS","QA75QN800DW","Vietnam",189.338,"LCD (LED)",269,"Available",2.5,74.5423706,"75.0"
158163,"SAMSUNG ELECTRONICS","QA75QN800DS","Vietnam",189.338,"LCD (LED)",269,"Available",2.5,74.5423706,"75.0"
158163,"SAMSUNG ELECTRONICS","QA75QN800D*","Vietnam",189.338,"LCD (LED)",269,"Available",2.5,74.5423706,"75.0"
158165,"SAMSUNG ELECTRONICS","QA85QN90DAW","Vietnam",214.783,"LCD (LED)",211,"Available",5,84.5600671,"85.0"
158165,"SAMSUNG ELECTRONICS","QA85QN90DAS","Vietnam",214.783,"LCD (LED)",211,"Available",5,84.5600671,"85.0"
158165,"SAMSUNG ELECTRONICS","QA85QN90DA*","Vietnam",214.783,"LCD (LED)",211,"Available",5,84.5600671,"85.0"
158176,"LG","43QNED80T6A","Indonesia,South Korea",107.987,"LCD (LED)",67,"Available",4,42.5144819,"43.0"
158177,"LG","43QNED81TSA","Indonesia,South Korea",107.987,"LCD (LED)",67,"Available",4,42.5144819,"43.0"
158180,"LG","50QNED81TSA","Indonesia,South Korea",125.727,"LCD (LED)",72,"Available",5,49.4987199,"50.0"
158182,"LG","55QNED81TSA","Indonesia,South Korea",138.783,"LCD (LED)",92,"Available",5,54.63886709999999,"55.0"
158183,"LG","55QNED86T6A","Indonesia,South Korea",138.783,"LCD (LED)",94,"Available",4.5,54.63886709999999,"55.0"
158184,"LG","55QNED86TSA","Indonesia,South Korea",138.783,"LCD (LED)",94,"Available",4.5,54.63886709999999,"55.0"
158185,"LG","65QNED80T6A","Indonesia,South Korea",163.897,"LCD (LED)",109,"Available",5.5,64.5262489,"65.0"
158186,"LG","65QNED81TSA","Indonesia,South Korea",163.897,"LCD (LED)",109,"Available",5.5,64.5262489,"65.0"
158188,"LG","75QNED80T6A","Indonesia,South Korea",189.275,"LCD (LED)",126,"Available",6,74.5175675,"75.0"
158189,"LG","75QNED81TSA","Indonesia,South Korea",189.275,"LCD (LED)",126,"Available",6,74.5175675,"75.0"
158190,"LG","OLED42C4PSA","Indonesia,South Korea",105.52,"OLED",70,"Available",4,41.543223999999995,"42.0"
158192,"LG","OLED42C44LA","Indonesia,South Korea",105.52,"OLED",70,"Available",4,41.543223999999995,"42.0"
158193,"LG","OLED48C4PSA","Indonesia,South Korea",120.721,"OLED",79,"Available",4.5,47.5278577,"48.0"
158194,"LG","OLED48C46LA","Indonesia,South Korea",120.721,"OLED",79,"Available",4.5,47.5278577,"48.0"
158195,"LG","OLED55C4PSA","Indonesia,South Korea",138.783,"OLED",100,"Available",4.5,54.63886709999999,"55.0"
158196,"LG","OLED55C46LA","Indonesia,South Korea",138.783,"OLED",100,"Available",4.5,54.63886709999999,"55.0"
158197,"LG","OLED55G4PSA","Indonesia,South Korea",138.783,"OLED",115,"Available",4,54.63886709999999,"55.0"
158198,"LG","OLED55G46LA","Indonesia,South Korea",138.783,"OLED",115,"Available",4,54.63886709999999,"55.0"
158199,"LG","OLED65B4PSA","Indonesia,South Korea",163.897,"OLED",109,"Available",5.5,64.5262489,"65.0"
158200,"LG","OLED65B46LA","Indonesia,South Korea",163.897,"OLED",109,"Available",5.5,64.5262489,"65.0"
158201,"LG","OLED65G4PSA","Indonesia,South Korea",163.897,"OLED",147,"Available",4,64.5262489,"65.0"
158202,"LG","OLED65G46LA","Indonesia,South Korea",163.897,"OLED",147,"Available",4,64.5262489,"65.0"
158203,"LG","OLED77G4PSA","Indonesia,South Korea",194.738,"OLED",195,"Available",4.5,76.6683506,"77.0"
158204,"LG","OLED77G46LA","Indonesia,South Korea",194.738,"OLED",195,"Available",4.5,76.6683506,"77.0"
158215,"SAMSUNG ELECTRONICS","UA50DU8000W","Vietnam",125.736,"LCD (LED)",83,"Available",4.5,49.5022632,"50.0"
158215,"SAMSUNG ELECTRONICS","UA50DU8000S","Vietnam",125.736,"LCD (LED)",83,"Available",4.5,49.5022632,"50.0"
158215,"SAMSUNG ELECTRONICS","UA50DU8500S","Vietnam",125.736,"LCD (LED)",83,"Available",4.5,49.5022632,"50.0"
158215,"SAMSUNG ELECTRONICS","UA50DU8*00*","Vietnam",125.736,"LCD (LED)",83,"Available",4.5,49.5022632,"50.0"
158216,"SAMSUNG ELECTRONICS","UA55DU8000W","Vietnam",138.783,"LCD (LED)",97,"Available",4.5,54.63886709999999,"55.0"
158216,"SAMSUNG ELECTRONICS","UA55DU8000S","Vietnam",138.783,"LCD (LED)",97,"Available",4.5,54.63886709999999,"55.0"
158216,"SAMSUNG ELECTRONICS","UA55DU8500S","Vietnam",138.783,"LCD (LED)",97,"Available",4.5,54.63886709999999,"55.0"
158216,"SAMSUNG ELECTRONICS","UA55DU8*00*","Vietnam",138.783,"LCD (LED)",97,"Available",4.5,54.63886709999999,"55.0"
158220,"SAMSUNG ELECTRONICS","QA55QN90DAW","Vietnam",138.783,"LCD (LED)",114,"Available",4,54.63886709999999,"55.0"
158220,"SAMSUNG ELECTRONICS","QA55QN90DAS","Vietnam",138.783,"LCD (LED)",114,"Available",4,54.63886709999999,"55.0"
158220,"SAMSUNG ELECTRONICS","QA55QN90DA*","Vietnam",138.783,"LCD (LED)",114,"Available",4,54.63886709999999,"55.0"
158222,"SAMSUNG ELECTRONICS","QA65QN90DAW","Vietnam",169.152,"LCD (LED)",138,"Available",4.5,66.5951424,"67.0"
158222,"SAMSUNG ELECTRONICS","QA65QN90DAS","Vietnam",169.152,"LCD (LED)",138,"Available",4.5,66.5951424,"67.0"
158222,"SAMSUNG ELECTRONICS","QA65QN90DA*","Vietnam",169.152,"LCD (LED)",138,"Available",4.5,66.5951424,"67.0"
158236,"KOGAN","KAQL50XQ98GSVA","China",125.665,"LCD (LED)",104.46,"Available",3.5,49.4743105,"50.0"
158237,"KOGAN","KAQL55XQ98GSVA","China",138.721,"LCD (LED)",127.86,"Available",3.5,54.6144577,"55.0"
158242,"Sylvox","BT32A0KEGB","China",80.131,"LCD (LED)",27,"Available",6,31.5475747,"32.0"
158242,"Sylvox","BT32A1KEGB","China",80.131,"LCD (LED)",27,"Available",6,31.5475747,"32.0"
158242,"Sylvox","BT32A0KOGB","China",80.131,"LCD (LED)",27,"Available",6,31.5475747,"32.0"
158242,"Sylvox","BT32A1KOGB","China",80.131,"LCD (LED)",27,"Available",6,31.5475747,"32.0"
158242,"Sylvox","BT32A2KOGB","China",80.131,"LCD (LED)",27,"Available",6,31.5475747,"32.0"
158242,"Sylvox","BT32A3KOGB","China",80.131,"LCD (LED)",27,"Available",6,31.5475747,"32.0"
158242,"Sylvox","BT32A4KOGB","China",80.131,"LCD (LED)",27,"Available",6,31.5475747,"32.0"
158242,"Sylvox","BT32A5KOGB","China",80.131,"LCD (LED)",27,"Available",6,31.5475747,"32.0"
158242,"Sylvox","BT32A6KOGB","China",80.131,"LCD (LED)",27,"Available",6,31.5475747,"32.0"
158242,"Sylvox","BT32A7KOGB","China",80.131,"LCD (LED)",27,"Available",6,31.5475747,"32.0"
158242,"Sylvox","BT32A***GB","China",80.131,"LCD (LED)",27,"Available",6,31.5475747,"32.0"
158245,"JVC","LT-40N7145A","China",101.51,"LCD (LED)",64.06,"Available",3.5,39.964487,"40.0"
158250,"SAMSUNG ELECTRONICS","QA43QN90DAW","Vietnam",107.987,"LCD (LED)",63,"Available",4.5,42.5144819,"43.0"
158250,"SAMSUNG ELECTRONICS","QA43QN90DAS","Vietnam",107.987,"LCD (LED)",63,"Available",4.5,42.5144819,"43.0"
158250,"SAMSUNG ELECTRONICS","QA43QN90DA*","Vietnam",107.987,"LCD (LED)",63,"Available",4.5,42.5144819,"43.0"
158252,"Linsar","LS32HDNF23","China",80.043,"LCD",23.8,"Available",6,31.5129291,"32.0"
158312,"JVC","JVG518623Q","China",217.24,"LCD (LED)",212,"Available",4.5,85.527388,"86.0"
158314,"BAUHN","ATV75UHDW-0324","China",189.344,"LCD (LED)",117.61,"Available",6,74.54473279999999,"75.0"
158329,"SONY","K-55XR70","Malaysia,Vietnam",138.798,"LCD (LED)",148,"Available",2.5,54.6447726,"55.0"
158330,"SONY","K-65XR70","Malaysia,Vietnam",163.878,"LCD (LED)",171.9,"Available",3.5,64.51876859999999,"65.0"
158336,"LG","50QNED80T6A","Indonesia,South Korea",125.727,"LCD (LED)",68,"Available",5.5,49.4987199,"50.0"
158337,"LG","55QNED80T6A","Indonesia,South Korea",138.783,"LCD (LED)",87,"Available",5,54.63886709999999,"55.0"
158394,"KOGAN","KALED42F98TA","China",105.38,"LCD (LED)",39.8,"Available",6,41.488105999999995,"42.0"
158394,"KOGAN","KALED42F98TB","China",105.38,"LCD (LED)",39.8,"Available",6,41.488105999999995,"42.0"
158394,"KOGAN","KALED42F98TC","China",105.38,"LCD (LED)",39.8,"Available",6,41.488105999999995,"42.0"
158394,"KOGAN","KALED42F98TD","China",105.38,"LCD (LED)",39.8,"Available",6,41.488105999999995,"42.0"
158394,"KOGAN","KALED42F98TE","China",105.38,"LCD (LED)",39.8,"Available",6,41.488105999999995,"42.0"
158394,"KOGAN","KALED42F98TF","China",105.38,"LCD (LED)",39.8,"Available",6,41.488105999999995,"42.0"
158394,"KOGAN","KALED42F98T*","China",105.38,"LCD (LED)",39.8,"Available",6,41.488105999999995,"42.0"
158395,"KOGAN","KALED24R98TA","China",59.774,"LCD (LED)",16.2,"Available",6,23.5330238,"24.0"
158395,"KOGAN","KALED24R98TB","China",59.774,"LCD (LED)",16.2,"Available",6,23.5330238,"24.0"
158395,"KOGAN","KALED24R98TC","China",59.774,"LCD (LED)",16.2,"Available",6,23.5330238,"24.0"
158395,"KOGAN","KALED24R98TD","China",59.774,"LCD (LED)",16.2,"Available",6,23.5330238,"24.0"
158395,"KOGAN","KALED24R98TE","China",59.774,"LCD (LED)",16.2,"Available",6,23.5330238,"24.0"
158395,"KOGAN","KALED24R98T*","China",59.774,"LCD (LED)",16.2,"Available",6,23.5330238,"24.0"
158415,"SAMSUNG ELECTRONICS","UA65DU8000W","Vietnam",163.897,"LCD (LED)",122,"Available",5,64.5262489,"65.0"
158415,"SAMSUNG ELECTRONICS","UA65DU8000S","Vietnam",163.897,"LCD (LED)",122,"Available",5,64.5262489,"65.0"
158415,"SAMSUNG ELECTRONICS","UA65DU8500S","Vietnam",163.897,"LCD (LED)",122,"Available",5,64.5262489,"65.0"
158415,"SAMSUNG ELECTRONICS","UA65DU8*00*","Vietnam",163.897,"LCD (LED)",122,"Available",5,64.5262489,"65.0"
158416,"SAMSUNG ELECTRONICS","QA98QN90DAW","Vietnam",247.697,"LCD (LED)",256,"Available",5,97.5183089,"98.0"
158416,"SAMSUNG ELECTRONICS","QA98QN90DAS","Vietnam",247.697,"LCD (LED)",256,"Available",5,97.5183089,"98.0"
158416,"SAMSUNG ELECTRONICS","QA98QN90DA*","Vietnam",247.697,"LCD (LED)",256,"Available",5,97.5183089,"98.0"
158421,"SAMSUNG ELECTRONICS","QA55S90DAW","Vietnam",138.783,"LCD (LED)",112,"Available",4,54.63886709999999,"55.0"
158421,"SAMSUNG ELECTRONICS","QA55S90DAS","Vietnam",138.783,"LCD (LED)",112,"Available",4,54.63886709999999,"55.0"
158421,"SAMSUNG ELECTRONICS","QA55S90DA*","Vietnam",138.783,"LCD (LED)",112,"Available",4,54.63886709999999,"55.0"
158422,"SAMSUNG ELECTRONICS","QA65QN85DBW","Vietnam",163.897,"LCD (LED)",134,"Available",4.5,64.5262489,"65.0"
158422,"SAMSUNG ELECTRONICS","QA65QN85DBS","Vietnam",163.897,"LCD (LED)",134,"Available",4.5,64.5262489,"65.0"
158422,"SAMSUNG ELECTRONICS","QA65QN85DB*","Vietnam",163.897,"LCD (LED)",134,"Available",4.5,64.5262489,"65.0"
158428,"VDT","LEW22BA43","China",54.687,"LCD (LED)",20.64,"Available",4.5,21.5302719,"22.0"
158476,"SAMSUNG ELECTRONICS","QA65QN80DAW","Vietnam",163.897,"LCD (LED)",134,"Available",4.5,64.5262489,"65.0"
158476,"SAMSUNG ELECTRONICS","QA65QN80DAS","Vietnam",163.897,"LCD (LED)",134,"Available",4.5,64.5262489,"65.0"
158476,"SAMSUNG ELECTRONICS","QA65QN80DA*","Vietnam",163.897,"LCD (LED)",134,"Available",4.5,64.5262489,"65.0"
158484,"LOEWE","BILD i77","Germany",194.139,"OLED",107.8,"Available",7,76.4325243,"77.0"
158506,"HISENSE","100U7KAU","China",252.784,"LCD (LED)",241.58,"Available",5.5,99.5210608,"100.0"
158506,"HISENSE","100U7KNZ","China",252.784,"LCD (LED)",241.58,"Available",5.5,99.5210608,"100.0"
158506,"HISENSE","100U7K series","China",252.784,"LCD (LED)",241.58,"Available",5.5,99.5210608,"100.0"
158508,"SONY","K-43S30","Malaysia,Vietnam",107.95,"LCD (LED)",63.2,"Available",4.5,42.499915,"43.0"
158538,"JVC","LT-32N3115A11E","China",79.994,"LCD (LED)",28.86,"Available",5,31.4936378,"32.0"
158544,"JVC","LT-43N5135AE","China",107.947,"LCD (LED)",39.24,"Available",4.5,42.4987339,"43.0"
158602,"SAMSUNG ELECTRONICS","QA50QN90DAW","Vietnam",125.727,"LCD (LED)",81,"Available",4.5,49.4987199,"50.0"
158602,"SAMSUNG ELECTRONICS","QA50QN90DAS","Vietnam",125.727,"LCD (LED)",81,"Available",4.5,49.4987199,"50.0"
158602,"SAMSUNG ELECTRONICS","QA50QN90DA*","Vietnam",125.727,"LCD (LED)",81,"Available",4.5,49.4987199,"50.0"
158722,"SONY","K-75XR70","Malaysia,China",189.306,"LCD (LED)",200.3,"Available",4,74.5297722,"75.0"
158724,"SONY","K-85XR70","Malaysia,China",214.783,"LCD (LED)",227.9,"Available",4.5,84.5600671,"85.0"
158741,"SAMSUNG ELECTRONICS","QA85QN800DW","Vietnam",214.783,"LCD (LED)",294,"Available",3.5,84.5600671,"85.0"
158741,"SAMSUNG ELECTRONICS","QA85QN800DS","Vietnam",214.783,"LCD (LED)",294,"Available",3.5,84.5600671,"85.0"
158741,"SAMSUNG ELECTRONICS","QA85QN800D*","Vietnam",214.783,"LCD (LED)",294,"Available",3.5,84.5600671,"85.0"
158742,"SAMSUNG ELECTRONICS","UA85DU8000W","Vietnam",214.783,"LCD (LED)",195,"Available",5,84.5600671,"85.0"
158742,"SAMSUNG ELECTRONICS","UA85DU8000S","Vietnam",214.783,"LCD (LED)",195,"Available",5,84.5600671,"85.0"
158742,"SAMSUNG ELECTRONICS","UA85DU8000*","Vietnam",214.783,"LCD (LED)",195,"Available",5,84.5600671,"85.0"
158743,"SAMSUNG ELECTRONICS","QA55Q80DAW","Vietnam",138.783,"LCD (LED)",108,"Available",4,54.63886709999999,"55.0"
158743,"SAMSUNG ELECTRONICS","QA55Q80DAS","Vietnam",138.783,"LCD (LED)",108,"Available",4,54.63886709999999,"55.0"
158743,"SAMSUNG ELECTRONICS","QA55Q80DA*","Vietnam",138.783,"LCD (LED)",108,"Available",4,54.63886709999999,"55.0"
158744,"SAMSUNG ELECTRONICS","QA85Q70DAW","Vietnam",214.783,"LCD (LED)",200,"Available",5,84.5600671,"85.0"
158744,"SAMSUNG ELECTRONICS","QA85Q70DAS","Vietnam",214.783,"LCD (LED)",200,"Available",5,84.5600671,"85.0"
158744,"SAMSUNG ELECTRONICS","QA85Q70DA*","Vietnam",214.783,"LCD (LED)",200,"Available",5,84.5600671,"85.0"
158746,"SAMSUNG ELECTRONICS","QA77S95DAW","Vietnam",195.177,"LCD (LED)",216,"Available",4,76.8411849,"77.0"
158746,"SAMSUNG ELECTRONICS","QA77S95DAS","Vietnam",195.177,"LCD (LED)",216,"Available",4,76.8411849,"77.0"
158746,"SAMSUNG ELECTRONICS","QA77S95DA*","Vietnam",195.177,"LCD (LED)",216,"Available",4,76.8411849,"77.0"
158750,"Kogan","KALED50U94VA","China",125.731,"LCD (LED)",47.3,"Available",6,49.5002947,"50.0"
158750,"Kogan","KALED50U94VB","China",125.731,"LCD (LED)",47.3,"Available",6,49.5002947,"50.0"
158750,"Kogan","KALED50U94VC","China",125.731,"LCD (LED)",47.3,"Available",6,49.5002947,"50.0"
158750,"Kogan","KALED50U94V*","China",125.731,"LCD (LED)",47.3,"Available",6,49.5002947,"50.0"
158767,"KOGAN","KALED43F98VA","China",107.947,"LCD (LED)",39.24,"Available",4.5,42.4987339,"43.0"
158767,"KOGAN","KALED43F98VB","China",107.947,"LCD (LED)",39.24,"Available",4.5,42.4987339,"43.0"
158767,"KOGAN","KALED43F98VC","China",107.947,"LCD (LED)",39.24,"Available",4.5,42.4987339,"43.0"
158836,"LG","43UT8050PSB","Indonesia,South Korea",107.987,"LCD (LED)",70,"Available",4,42.5144819,"43.0"
158837,"LG","43UT80506LA","Indonesia,South Korea",107.987,"LCD (LED)",73,"Available",4,42.5144819,"43.0"
158838,"LG","43UT81006LA","Indonesia,South Korea",107.987,"LCD (LED)",73,"Available",4,42.5144819,"43.0"
158839,"LG","50UT8050PSB","Indonesia,South Korea",125.727,"LCD (LED)",83,"Available",4.5,49.4987199,"50.0"
158840,"LG","50UT80506LA","Indonesia,South Korea",125.727,"LCD (LED)",83,"Available",4.5,49.4987199,"50.0"
158841,"LG","50UT81006LA","Indonesia,South Korea",125.727,"LCD (LED)",83,"Available",4.5,49.4987199,"50.0"
158842,"LG","55UT8050PSB","Indonesia,South Korea",138.783,"LCD (LED)",97,"Available",4.5,54.63886709999999,"55.0"
158843,"LG","55UT80506LA","Indonesia,South Korea",138.783,"LCD (LED)",97,"Available",4.5,54.63886709999999,"55.0"
158844,"LG","55UT81006LA","Indonesia,South Korea",138.783,"LCD (LED)",97,"Available",4.5,54.63886709999999,"55.0"
158845,"LG","65UT8050PSB","Indonesia,South Korea",163.897,"LCD (LED)",120,"Available",5,64.5262489,"65.0"
158846,"LG","65UT80506LA","Indonesia,South Korea",163.897,"LCD (LED)",120,"Available",5,64.5262489,"65.0"
158847,"LG","65UT81006LA","Indonesia,South Korea",163.897,"LCD (LED)",120,"Available",5,64.5262489,"65.0"
158848,"LG","75UT8050PSB","Indonesia,South Korea",189.275,"LCD (LED)",165,"Available",5,74.5175675,"75.0"
158849,"LG","75UT81006LA","Indonesia,South Korea",189.275,"LCD (LED)",165,"Available",5,74.5175675,"75.0"
158851,"LG","86UT8050PSB","Indonesia,South Korea",217.425,"LCD (LED)",212,"Available",5,85.6002225,"86.0"
158852,"LG","86UT80506LA","Indonesia,South Korea",217.425,"LCD (LED)",212,"Available",5,85.6002225,"86.0"
158853,"LG","86UT81006LA","Indonesia,South Korea",217.425,"LCD (LED)",212,"Available",5,85.6002225,"86.0"
158854,"LG","50QNED86TSA","Indonesia,South Korea",125.727,"LCD (LED)",80,"Available",4.5,49.4987199,"50.0"
158855,"LG","65QNED86TSA","Indonesia,South Korea",163.897,"LCD (LED)",118,"Available",5,64.5262489,"65.0"
158856,"LG","65QNED91TSA","Indonesia,South Korea",163.897,"LCD (LED)",125,"Available",5,64.5262489,"65.0"
158857,"LG","75QNED86TSA","Indonesia,South Korea",189.275,"LCD (LED)",134,"Available",5.5,74.5175675,"75.0"
158858,"LG","75QNED91TSA","Indonesia,South Korea",189.275,"LCD (LED)",150,"Available",5,74.5175675,"75.0"
158859,"LG","86QNED91TSA","Indonesia,South Korea",217.425,"LCD (LED)",206,"Available",5,85.6002225,"86.0"
158860,"LG","OLED48B46LA","Indonesia,South Korea",120.721,"OLED",78,"Available",4.5,47.5278577,"48.0"
158861,"LG","OLED55B4PSA","Indonesia,South Korea",138.783,"OLED",92,"Available",5,54.63886709999999,"55.0"
158862,"LG","OLED55B46LA","Indonesia,South Korea",138.783,"OLED",92,"Available",5,54.63886709999999,"55.0"
158863,"LG","OLED65C4PSA","Indonesia,South Korea",163.897,"OLED",122,"Available",5,64.5262489,"65.0"
158864,"LG","OLED77B4PSA","Indonesia,South Korea",194.738,"OLED",143,"Available",5.5,76.6683506,"77.0"
158865,"LG","OLED77C4PSA","Indonesia,South Korea",194.738,"OLED",154,"Available",5.5,76.6683506,"77.0"
158866,"LG","OLED83G4PSA","Indonesia,South Korea",209.585,"OLED",217,"Available",4.5,82.5136145,"83.0"
158870,"AKAI","AK7523S7WOS","China",189.344,"LCD (LED)",117.61,"Available",6,74.54473279999999,"75.0"
158914,"EKO","K32HSW2","China",80.039,"LCD (LED)",34.8,"Available",5,31.5113543,"32.0"
158915,"Q.Bell","QT32WY8A","China",80.039,"LCD (LED)",34.8,"Available",5,31.5113543,"32.0"
158932,"LG","50QNED86T6A","Indonesia,South Korea",125.727,"LCD (LED)",80,"Available",4.5,49.4987199,"50.0"
158934,"LG","65QNED86T6A","Indonesia,South Korea",163.896,"LCD (LED)",118,"Available",5,64.5258552,"65.0"
158935,"LG","65QNED91T6A","Indonesia,South Korea",163.896,"LCD (LED)",125,"Available",5,64.5258552,"65.0"
158936,"LG","86QNED86T6A","Indonesia,South Korea",217.427,"LCD (LED)",156,"Available",6,85.6010099,"86.0"
158937,"LG","86QNED86TSA","Indonesia,South Korea",217.427,"LCD (LED)",156,"Available",6,85.6010099,"86.0"
158938,"LG","86QNED91T6A","Indonesia,South Korea",217.427,"LCD (LED)",206,"Available",5,85.6010099,"86.0"
158939,"LG","OLED65C46LA","Indonesia,South Korea",163.896,"OLED",122,"Available",5,64.5258552,"65.0"
158940,"TCL","85X925 PRO","China",214.783,"LCD (LED)",408.9,"Available",1.5,84.5600671,"85.0"
158941,"LG","OLED77B46LA","Indonesia,South Korea",194.737,"OLED",143,"Available",5.5,76.6679569,"77.0"
158942,"LG","OLED77C46LA","Indonesia,South Korea",194.737,"OLED",154,"Available",5.5,76.6679569,"77.0"
158943,"LG","OLED83G46LA","Indonesia,South Korea",209.584,"OLED",217,"Available",4.5,82.5132208,"83.0"
158944,"LG","75QNED86T6A","Indonesia,South Korea",189.275,"LCD (LED)",134,"Available",5.5,74.5175675,"75.0"
158949,"LG","75QNED91T6A","Indonesia,South Korea",189.275,"LCD (LED)",150,"Available",5,74.5175675,"75.0"
158971,"SAMSUNG ELECTRONICS","QA75Q80DAW","Vietnam",189.338,"LCD (LED)",198,"Available",4,74.5423706,"75.0"
158971,"SAMSUNG ELECTRONICS","QA75Q80DAS","Vietnam",189.338,"LCD (LED)",198,"Available",4,74.5423706,"75.0"
158971,"SAMSUNG ELECTRONICS","QA75Q80DA*","Vietnam",189.338,"LCD (LED)",198,"Available",4,74.5423706,"75.0"
158972,"SAMSUNG ELECTRONICS","QA85Q80DAW","Vietnam",214.783,"LCD (LED)",258,"Available",4,84.5600671,"85.0"
158972,"SAMSUNG ELECTRONICS","QA85Q80DAS","Vietnam",214.783,"LCD (LED)",258,"Available",4,84.5600671,"85.0"
158972,"SAMSUNG ELECTRONICS","QA85Q80DA*","Vietnam",214.783,"LCD (LED)",258,"Available",4,84.5600671,"85.0"
158973,"SAMSUNG ELECTRONICS","QA65Q80DAW","Vietnam",163.897,"LCD (LED)",147,"Available",4,64.5262489,"65.0"
158973,"SAMSUNG ELECTRONICS","QA65Q80DAS","Vietnam",163.897,"LCD (LED)",147,"Available",4,64.5262489,"65.0"
158973,"SAMSUNG ELECTRONICS","QA65Q80DA*","Vietnam",163.897,"LCD (LED)",147,"Available",4,64.5262489,"65.0"
158974,"SAMSUNG ELECTRONICS","QA50Q80DAW","Vietnam",125.727,"LCD (LED)",82,"Available",4.5,49.4987199,"50.0"
158974,"SAMSUNG ELECTRONICS","QA50Q80DAS","Vietnam",125.727,"LCD (LED)",82,"Available",4.5,49.4987199,"50.0"
158974,"SAMSUNG ELECTRONICS","QA50Q80DA*","Vietnam",125.727,"LCD (LED)",82,"Available",4.5,49.4987199,"50.0"
158975,"SAMSUNG ELECTRONICS","QA65S90DAW","Vietnam",163.897,"LCD (LED)",146,"Available",4,64.5262489,"65.0"
158975,"SAMSUNG ELECTRONICS","QA65S90DAS","Vietnam",163.897,"LCD (LED)",146,"Available",4,64.5262489,"65.0"
158975,"SAMSUNG ELECTRONICS","QA65S90DA*","Vietnam",163.897,"LCD (LED)",146,"Available",4,64.5262489,"65.0"
158976,"SAMSUNG ELECTRONICS","QA65S95DAW","Vietnam",163.897,"LCD (LED)",153,"Available",4,64.5262489,"65.0"
158976,"SAMSUNG ELECTRONICS","QA65S95DAS","Vietnam",163.897,"LCD (LED)",153,"Available",4,64.5262489,"65.0"
158976,"SAMSUNG ELECTRONICS","QA65S95DA*","Vietnam",163.897,"LCD (LED)",153,"Available",4,64.5262489,"65.0"
158980,"SAMSUNG ELECTRONICS","QA55S95DAW","Vietnam",138.783,"LCD (LED)",110,"Available",4,54.63886709999999,"55.0"
158980,"SAMSUNG ELECTRONICS","QA55S95DAS","Vietnam",138.783,"LCD (LED)",110,"Available",4,54.63886709999999,"55.0"
158980,"SAMSUNG ELECTRONICS","QA55S95DA*","Vietnam",138.783,"LCD (LED)",110,"Available",4,54.63886709999999,"55.0"
158984,"SAMSUNG ELECTRONICS","QA55Q70DAW","Vietnam",138.783,"LCD (LED)",108,"Available",4,54.63886709999999,"55.0"
158984,"SAMSUNG ELECTRONICS","QA55Q70DAS","Vietnam",138.783,"LCD (LED)",108,"Available",4,54.63886709999999,"55.0"
158984,"SAMSUNG ELECTRONICS","QA55Q70DA*","Vietnam",138.783,"LCD (LED)",108,"Available",4,54.63886709999999,"55.0"
158985,"SAMSUNG ELECTRONICS","QA65Q70DAW","Vietnam",163.897,"LCD (LED)",142,"Available",4,64.5262489,"65.0"
158985,"SAMSUNG ELECTRONICS","QA65Q70DAS","Vietnam",163.897,"LCD (LED)",142,"Available",4,64.5262489,"65.0"
158985,"SAMSUNG ELECTRONICS","QA65Q70DA*","Vietnam",163.897,"LCD (LED)",142,"Available",4,64.5262489,"65.0"
158986,"SAMSUNG ELECTRONICS","QA75Q70DAW","Vietnam",189.338,"LCD (LED)",157,"Available",5,74.5423706,"75.0"
158986,"SAMSUNG ELECTRONICS","QA75Q70DAS","Vietnam",189.338,"LCD (LED)",157,"Available",5,74.5423706,"75.0"
158986,"SAMSUNG ELECTRONICS","QA75Q70DA*","Vietnam",189.338,"LCD (LED)",157,"Available",5,74.5423706,"75.0"
159005,"SAMSUNG ELECTRONICS","QA55QE1DAS","Vietnam",138.783,"LCD (LED)",78,"Available",5.5,54.63886709999999,"55.0"
159006,"SAMSUNG ELECTRONICS","QA65QE1DAS","Vietnam",163.897,"LCD (LED)",103,"Available",5.5,64.5262489,"65.0"
159006,"SAMSUNG ELECTRONICS","QA65QE1DA*","Vietnam",163.897,"LCD (LED)",103,"Available",5.5,64.5262489,"65.0"
159006,"SAMSUNG ELECTRONICS","QA65QE1DAW","Vietnam",163.897,"LCD (LED)",103,"Available",5.5,64.5262489,"65.0"
159007,"SAMSUNG ELECTRONICS","QA43LS03DAW","Vietnam",107.987,"LCD (LED)",92,"Available",3,42.5144819,"43.0"
159007,"SAMSUNG ELECTRONICS","QA43LS03DAS","Vietnam",107.987,"LCD (LED)",92,"Available",3,42.5144819,"43.0"
159007,"SAMSUNG ELECTRONICS","QA43LS03DA*","Vietnam",107.987,"LCD (LED)",92,"Available",3,42.5144819,"43.0"
159010,"SAMSUNG ELECTRONICS","QA75QN900DW","Vietnam",189.338,"LCD (LED)",286,"Available",2.5,74.5423706,"75.0"
159010,"SAMSUNG ELECTRONICS","QA75QN900DS","Vietnam",189.338,"LCD (LED)",286,"Available",2.5,74.5423706,"75.0"
159010,"SAMSUNG ELECTRONICS","QA75QN900D*","Vietnam",189.338,"LCD (LED)",286,"Available",2.5,74.5423706,"75.0"
159034,"SAMSUNG ELECTRONICS","QA55QN85DBW","Vietnam",138.783,"LCD (LED)",112,"Available",4,54.63886709999999,"55.0"
159034,"SAMSUNG ELECTRONICS","QA55QN85DBS","Vietnam",138.783,"LCD (LED)",112,"Available",4,54.63886709999999,"55.0"
159034,"SAMSUNG ELECTRONICS","QA55QN85DB*","Vietnam",138.783,"LCD (LED)",112,"Available",4,54.63886709999999,"55.0"
159036,"SAMSUNG ELECTRONICS","QA55QN87DAW","Vietnam",138.783,"LCD (LED)",109,"Available",4,54.63886709999999,"55.0"
159036,"SAMSUNG ELECTRONICS","QA55QN87DAS","Vietnam",138.783,"LCD (LED)",109,"Available",4,54.63886709999999,"55.0"
159036,"SAMSUNG ELECTRONICS","QA55QN87DA*","Vietnam",138.783,"LCD (LED)",109,"Available",4,54.63886709999999,"55.0"
159037,"SAMSUNG ELECTRONICS","UA55DU7000S","Vietnam",138.783,"LCD (LED)",79,"Available",5.5,54.63886709999999,"55.0"
159037,"SAMSUNG ELECTRONICS","UA55DU7000W","Vietnam",138.783,"LCD (LED)",79,"Available",5.5,54.63886709999999,"55.0"
159037,"SAMSUNG ELECTRONICS","UA55DU7700S","Vietnam",138.783,"LCD (LED)",79,"Available",5.5,54.63886709999999,"55.0"
159037,"SAMSUNG ELECTRONICS","UA55DU7700W","Vietnam",138.783,"LCD (LED)",79,"Available",5.5,54.63886709999999,"55.0"
159037,"SAMSUNG ELECTRONICS","UA55DU7*00*","Vietnam",138.783,"LCD (LED)",79,"Available",5.5,54.63886709999999,"55.0"
159044,"SAMSUNG ELECTRONICS","QA50LS03DAW","Vietnam",125.727,"LCD (LED)",93,"Available",4,49.4987199,"50.0"
159044,"SAMSUNG ELECTRONICS","QA50LS03DAS","Vietnam",125.727,"LCD (LED)",93,"Available",4,49.4987199,"50.0"
159044,"SAMSUNG ELECTRONICS","QA50LS03DA*","Vietnam",125.727,"LCD (LED)",93,"Available",4,49.4987199,"50.0"
159051,"SAMSUNG ELECTRONICS","QA55LS03DAW","Vietnam",138.783,"LCD (LED)",119,"Available",3.5,54.63886709999999,"55.0"
159051,"SAMSUNG ELECTRONICS","QA55LS03DAS","Vietnam",138.783,"LCD (LED)",119,"Available",3.5,54.63886709999999,"55.0"
159051,"SAMSUNG ELECTRONICS","QA55LS03DA*","Vietnam",138.783,"LCD (LED)",119,"Available",3.5,54.63886709999999,"55.0"
159052,"SAMSUNG ELECTRONICS","QA65LS03DAW","Vietnam",163.897,"LCD (LED)",154,"Available",4,64.5262489,"65.0"
159052,"SAMSUNG ELECTRONICS","QA65LS03DAS","Vietnam",163.897,"LCD (LED)",154,"Available",4,64.5262489,"65.0"
159052,"SAMSUNG ELECTRONICS","QA65LS03DA*","Vietnam",163.897,"LCD (LED)",154,"Available",4,64.5262489,"65.0"
159054,"SAMSUNG ELECTRONICS","QA75LS03DAW","Vietnam",189.338,"LCD (LED)",190,"Available",4,74.5423706,"75.0"
159054,"SAMSUNG ELECTRONICS","QA75LS03DAS","Vietnam",189.338,"LCD (LED)",190,"Available",4,74.5423706,"75.0"
159054,"SAMSUNG ELECTRONICS","QA75LS03DA*","Vietnam",189.338,"LCD (LED)",190,"Available",4,74.5423706,"75.0"
159056,"SAMSUNG ELECTRONICS","UA43DU7000S","Vietnam",107.987,"LCD (LED)",68,"Available",4,42.5144819,"43.0"
159056,"SAMSUNG ELECTRONICS","UA43DU7700S","Vietnam",107.987,"LCD (LED)",68,"Available",4,42.5144819,"43.0"
159056,"SAMSUNG ELECTRONICS","UA43DU7700W","Vietnam",107.987,"LCD (LED)",68,"Available",4,42.5144819,"43.0"
159056,"SAMSUNG ELECTRONICS","UA43DU7*00*","Vietnam",107.987,"LCD (LED)",68,"Available",4,42.5144819,"43.0"
159059,"SAMSUNG ELECTRONICS","UA50DU7000S","Vietnam",125.727,"LCD (LED)",71,"Available",5,49.4987199,"50.0"
159059,"SAMSUNG ELECTRONICS","UA50DU7000W","Vietnam",125.727,"LCD (LED)",71,"Available",5,49.4987199,"50.0"
159059,"SAMSUNG ELECTRONICS","UA50DU7700S","Vietnam",125.727,"LCD (LED)",71,"Available",5,49.4987199,"50.0"
159059,"SAMSUNG ELECTRONICS","UA50DU7700W","Vietnam",125.727,"LCD (LED)",71,"Available",5,49.4987199,"50.0"
159059,"SAMSUNG ELECTRONICS","UA50DU7*00*","Vietnam",125.727,"LCD (LED)",71,"Available",5,49.4987199,"50.0"
159075,"SAMSUNG ELECTRONICS","QA65QN900DW","Vietnam",163.897,"LCD (LED)",260,"Available",1.5,64.5262489,"65.0"
159075,"SAMSUNG ELECTRONICS","QA65QN900DS","Vietnam",163.897,"LCD (LED)",260,"Available",1.5,64.5262489,"65.0"
159075,"SAMSUNG ELECTRONICS","QA65QN900D*","Vietnam",163.897,"LCD (LED)",260,"Available",1.5,64.5262489,"65.0"
159076,"SAMSUNG ELECTRONICS","QA85LS03DAW","Vietnam",214.783,"LCD (LED)",220,"Available",4.5,84.5600671,"85.0"
159076,"SAMSUNG ELECTRONICS","QA85LS03DAS","Vietnam",214.783,"LCD (LED)",220,"Available",4.5,84.5600671,"85.0"
159076,"SAMSUNG ELECTRONICS","QA85LS03DA*","Vietnam",214.783,"LCD (LED)",220,"Available",4.5,84.5600671,"85.0"
159090,"LG","43NANO81TSA","Indonesia,South Korea",107.987,"LCD (LED)",70,"Available",4,42.5144819,"43.0"
159093,"LG","50NANO81TSA","Indonesia,South Korea",125.727,"LCD (LED)",90,"Available",4,49.4987199,"50.0"
159095,"LG","55NANO81TSA","Indonesia,South Korea",138.783,"LCD (LED)",112,"Available",4,54.63886709999999,"55.0"
159098,"LG","65NANO81TSA","Indonesia,South Korea",163.897,"LCD (LED)",144,"Available",4,64.5262489,"65.0"
159102,"LG","75NANO81TSA","Indonesia,South Korea",189.275,"LCD (LED)",181,"Available",4.5,74.5175675,"75.0"
159106,"LG","86NANO81TSA","Indonesia,South Korea",217.427,"LCD (LED)",250,"Available",4,85.6010099,"86.0"
159109,"LG","86QNED80T6A","Indonesia,South Korea",217.427,"LCD (LED)",154,"Available",6,85.6010099,"86.0"
159111,"LG","86QNED81TSA","Indonesia,South Korea",217.427,"LCD (LED)",154,"Available",6,85.6010099,"86.0"
159112,"LG","OLED83C4PSA","Indonesia,South Korea",209.585,"OLED",193,"Available",5,82.5136145,"83.0"
159113,"LG","OLED83C46LA","Indonesia,South Korea",209.585,"OLED",193,"Available",5,82.5136145,"83.0"
159127,"SAMSUNG ELECTRONICS","QA85QN87DAW","Vietnam",214.783,"LCD (LED)",192,"Available",5,84.5600671,"85.0"
159127,"SAMSUNG ELECTRONICS","QA85QN87DAS","Vietnam",214.783,"LCD (LED)",192,"Available",5,84.5600671,"85.0"
159127,"SAMSUNG ELECTRONICS","QA85QN87DA*","Vietnam",214.783,"LCD (LED)",192,"Available",5,84.5600671,"85.0"
159131,"SAMSUNG ELECTRONICS","QA75QN87DAW","Vietnam",189.338,"LCD (LED)",144,"Available",5.5,74.5423706,"75.0"
159131,"SAMSUNG ELECTRONICS","QA75QN87DAS","Vietnam",189.338,"LCD (LED)",144,"Available",5.5,74.5423706,"75.0"
159131,"SAMSUNG ELECTRONICS","QA75QN87DA*","Vietnam",189.338,"LCD (LED)",144,"Available",5.5,74.5423706,"75.0"
159148,"BAUHN","ATV32HDW-0424","China",80.043,"LCD (LED)",27.2,"Available",6,31.5129291,"32.0"
159148,"BAUHN","ATV32HDW-0824","China",80.043,"LCD (LED)",27.2,"Available",6,31.5129291,"32.0"
159148,"BAUHN","ATV32HDW-****","China",80.043,"LCD (LED)",27.2,"Available",6,31.5129291,"32.0"
159148,"BAUHN","ATV32HDW-0624","China",80.043,"LCD (LED)",27.2,"Available",6,31.5129291,"32.0"
159152,"SONY","K-65S30","Malaysia,Vietnam",163.878,"LCD (LED)",140,"Available",4.5,64.51876859999999,"65.0"
159153,"SONY","K-55S30","Malaysia,Vietnam",138.798,"LCD (LED)",119,"Available",3.5,54.6447726,"55.0"
159160,"SAMSUNG ELECTRONICS","QA75QN85DBW","Vietnam",189.338,"LCD (LED)",178,"Available",4.5,74.5423706,"75.0"
159160,"SAMSUNG ELECTRONICS","QA75QN85DBS","Vietnam",189.338,"LCD (LED)",178,"Available",4.5,74.5423706,"75.0"
159160,"SAMSUNG ELECTRONICS","QA75QN85DB*","Vietnam",189.338,"LCD (LED)",178,"Available",4.5,74.5423706,"75.0"
159164,"SAMSUNG ELECTRONICS","QA85QN85DBW","Vietnam",214.783,"LCD (LED)",215,"Available",4.5,84.5600671,"85.0"
159164,"SAMSUNG ELECTRONICS","QA85QN85DBS","Vietnam",214.783,"LCD (LED)",215,"Available",4.5,84.5600671,"85.0"
159164,"SAMSUNG ELECTRONICS","QA85QN85DB*","Vietnam",214.783,"LCD (LED)",215,"Available",4.5,84.5600671,"85.0"
159165,"Dynalink","S 8866","China",59.823,"LCD",19.8,"Available",5.5,23.5523151,"24.0"
159173,"TECO","LED65AUSRC","China",163.829,"LCD (LED)",94,"Available",5.5,64.4994773,"65.0"
159179,"AIWA","AW240DVD","China",59.824,"LCD",24.2,"Available",4.5,23.552708799999998,"24.0"
159188,"Q.Bell","QT50WX8A","China",125.743,"LCD (LED)",83.3,"Available",4.5,49.5050191,"50.0"
159228,"SAMSUNG ELECTRONICS","QA75QE1DAW","Vietnam",189.338,"LCD (LED)",124,"Available",6,74.5423706,"75.0"
159228,"SAMSUNG ELECTRONICS","QA75QE1DAS","Vietnam",189.338,"LCD (LED)",124,"Available",6,74.5423706,"75.0"
159228,"SAMSUNG ELECTRONICS","QA75QE1DA*","Vietnam",189.338,"LCD (LED)",124,"Available",6,74.5423706,"75.0"
159229,"SAMSUNG ELECTRONICS","QA85QE1DAS","Vietnam",214.783,"LCD (LED)",172,"Available",5.5,84.5600671,"85.0"
159230,"SAMSUNG ELECTRONICS","UA65DU7000S","Vietnam",163.897,"LCD (LED)",114,"Available",5,64.5262489,"65.0"
159230,"SAMSUNG ELECTRONICS","UA65DU7000W","Vietnam",163.897,"LCD (LED)",114,"Available",5,64.5262489,"65.0"
159230,"SAMSUNG ELECTRONICS","UA65DU7700S","Vietnam",163.897,"LCD (LED)",114,"Available",5,64.5262489,"65.0"
159230,"SAMSUNG ELECTRONICS","UA65DU7700W","Vietnam",163.897,"LCD (LED)",114,"Available",5,64.5262489,"65.0"
159230,"SAMSUNG ELECTRONICS","UA65DU7*00*","Vietnam",163.897,"LCD (LED)",114,"Available",5,64.5262489,"65.0"
159231,"SAMSUNG ELECTRONICS","UA85DU7000S","Vietnam",214.783,"LCD (LED)",143,"Available",6,84.5600671,"85.0"
159231,"SAMSUNG ELECTRONICS","UA85DU7000W","Vietnam",214.783,"LCD (LED)",143,"Available",6,84.5600671,"85.0"
159231,"SAMSUNG ELECTRONICS","UA85DU7700S","Vietnam",214.783,"LCD (LED)",143,"Available",6,84.5600671,"85.0"
159231,"SAMSUNG ELECTRONICS","UA85DU7700W","Vietnam",214.783,"LCD (LED)",143,"Available",6,84.5600671,"85.0"
159231,"SAMSUNG ELECTRONICS","UA85DU7*00*","Vietnam",214.783,"LCD (LED)",143,"Available",6,84.5600671,"85.0"
159232,"SAMSUNG ELECTRONICS","UA75DU7000S","Vietnam",189.338,"LCD (LED)",137,"Available",5.5,74.5423706,"75.0"
159232,"SAMSUNG ELECTRONICS","UA75DU7000W","Vietnam",189.338,"LCD (LED)",137,"Available",5.5,74.5423706,"75.0"
159232,"SAMSUNG ELECTRONICS","UA75DU7700S","Vietnam",189.338,"LCD (LED)",137,"Available",5.5,74.5423706,"75.0"
159232,"SAMSUNG ELECTRONICS","UA75DU7700W","Vietnam",189.338,"LCD (LED)",137,"Available",5.5,74.5423706,"75.0"
159232,"SAMSUNG ELECTRONICS","UA75DU7*00*","Vietnam",189.338,"LCD (LED)",137,"Available",5.5,74.5423706,"75.0"
159233,"HISENSE","75U7NAU","China",189.34,"LCD (LED)",156.29,"Available",4.5,74.543158,"75.0"
159233,"HISENSE","75U7NNZ","China",189.34,"LCD (LED)",156.29,"Available",4.5,74.543158,"75.0"
159233,"HISENSE","75U7N series","China",189.34,"LCD (LED)",156.29,"Available",4.5,74.543158,"75.0"
159234,"HISENSE","65U7NAU","China",163.829,"LCD (LED)",110.54,"Available",5,64.4994773,"65.0"
159234,"HISENSE","65U7NNZ","China",163.829,"LCD (LED)",110.54,"Available",5,64.4994773,"65.0"
159234,"HISENSE","65U7N series","China",163.829,"LCD (LED)",110.54,"Available",5,64.4994773,"65.0"
159235,"HISENSE","55U7NAU","China",138.783,"LCD (LED)",91.26,"Available",4.5,54.63886709999999,"55.0"
159235,"HISENSE","55U7NNZ","China",138.783,"LCD (LED)",91.26,"Available",4.5,54.63886709999999,"55.0"
159235,"HISENSE","55U7N series","China",138.783,"LCD (LED)",91.26,"Available",4.5,54.63886709999999,"55.0"
159237,"BAUHN","ATV50UHDW-0424","China",127.259,"LCD (LED)",57.06,"Available",6,50.1018683,"50.0"
159275,"Kogan","KAQL85W94QA","China,Vietnam",214.783,"LCD (LED)",292.93,"Available",3.5,84.5600671,"85.0"
159286,"SAMSUNG ELECTRONICS","QA55QN80DAW","Vietnam",138.783,"LCD (LED)",109,"Available",4,54.63886709999999,"55.0"
159286,"SAMSUNG ELECTRONICS","QA55QN80DAS","Vietnam",138.783,"LCD (LED)",109,"Available",4,54.63886709999999,"55.0"
159286,"SAMSUNG ELECTRONICS","QA55QN80DA*","Vietnam",138.783,"LCD (LED)",109,"Available",4,54.63886709999999,"55.0"
159287,"SONY","K-75S30","Malaysia,China",189.306,"LCD (LED)",179.2,"Available",4.5,74.5297722,"75.0"
159288,"SAMSUNG ELECTRONICS","QA65QN87DAW","Vietnam",163.897,"LCD (LED)",130,"Available",4.5,64.5262489,"65.0"
159288,"SAMSUNG ELECTRONICS","QA65QN87DAS","Vietnam",163.897,"LCD (LED)",130,"Available",4.5,64.5262489,"65.0"
159288,"SAMSUNG ELECTRONICS","QA65QN87DA*","Vietnam",163.897,"LCD (LED)",130,"Available",4.5,64.5262489,"65.0"
159289,"SONY","K-85S30","Malaysia,China",214.783,"LCD (LED)",229.8,"Available",4.5,84.5600671,"85.0"
159290,"SAMSUNG ELECTRONICS","QA85QN900DW","Vietnam",214.783,"LCD (LED)",338,"Available",2.5,84.5600671,"85.0"
159290,"SAMSUNG ELECTRONICS","QA85QN900DS","Vietnam",214.783,"LCD (LED)",338,"Available",2.5,84.5600671,"85.0"
159290,"SAMSUNG ELECTRONICS","QA85QN900D*","Vietnam",214.783,"LCD (LED)",338,"Available",2.5,84.5600671,"85.0"
159315,"SONY","K-85XR90","Malaysia",214.783,"LCD (LED)",272.5,"Available",3.5,84.5600671,"85.0"
159318,"SONY","K-75XR90","Malaysia",189.306,"LCD (LED)",238.4,"Available",3,74.5297722,"75.0"
159321,"SAMSUNG ELECTRONICS","UA75DU8000W","Vietnam",189.338,"LCD (LED)",163,"Available",5,74.5423706,"75.0"
159321,"SAMSUNG ELECTRONICS","UA75DU8000S","Vietnam",189.338,"LCD (LED)",163,"Available",5,74.5423706,"75.0"
159321,"SAMSUNG ELECTRONICS","UA75DU8500S","Vietnam",189.338,"LCD (LED)",163,"Available",5,74.5423706,"75.0"
159321,"SAMSUNG ELECTRONICS","UA75DU8*00*","Vietnam",189.338,"LCD (LED)",163,"Available",5,74.5423706,"75.0"
159326,"KOGAN","KALED24DH65NA","China",59.824,"LCD",25.3,"Available",4.5,23.552708799999998,"24.0"
159326,"KOGAN","KALED24DH65NB","China",59.824,"LCD",25.3,"Available",4.5,23.552708799999998,"24.0"
159326,"KOGAN","KALED24DH65NC","China",59.824,"LCD",25.3,"Available",4.5,23.552708799999998,"24.0"
159326,"KOGAN","KALED24DH65ND","China",59.824,"LCD",25.3,"Available",4.5,23.552708799999998,"24.0"
159326,"KOGAN","KALED24DH65NE","China",59.824,"LCD",25.3,"Available",4.5,23.552708799999998,"24.0"
159326,"KOGAN","D236GV68C-T2C","China",59.824,"LCD",25.3,"Available",4.5,23.552708799999998,"24.0"
159326,"KOGAN","*24*","China",59.824,"LCD",25.3,"Available",4.5,23.552708799999998,"24.0"
159333,"SAMSUNG ELECTRONICS","QA50QE1DAS","Vietnam",125.727,"LCD (LED)",73,"Available",5,49.4987199,"50.0"
159338,"KOGAN","KALED24D95SNA","China",59.824,"LCD",22.1,"Available",5,23.552708799999998,"24.0"
159338,"KOGAN","KALED24D95SNB","China",59.824,"LCD",22.1,"Available",5,23.552708799999998,"24.0"
159338,"KOGAN","KALED24D95SNC","China",59.824,"LCD",22.1,"Available",5,23.552708799999998,"24.0"
159338,"KOGAN","KALED24D95SND","China",59.824,"LCD",22.1,"Available",5,23.552708799999998,"24.0"
159338,"KOGAN","KALED24D95SNE","China",59.824,"LCD",22.1,"Available",5,23.552708799999998,"24.0"
159338,"KOGAN","D236GV66C-T2C-W","China",59.824,"LCD",22.1,"Available",5,23.552708799999998,"24.0"
159389,"S VISION","SVU550WOS","China",140.219,"LCD (LED)",103.3,"Available",4.5,55.204220299999996,"55.0"
159490,"KOGAN","KALED32D95SNA","China",80.039,"LCD",35.2,"Available",5,31.5113543,"32.0"
159490,"KOGAN","KALED32D95SNB","China",80.039,"LCD",35.2,"Available",5,31.5113543,"32.0"
159490,"KOGAN","KALED32D95SNC","China",80.039,"LCD",35.2,"Available",5,31.5113543,"32.0"
159490,"KOGAN","KALED32D95SND","China",80.039,"LCD",35.2,"Available",5,31.5113543,"32.0"
159490,"KOGAN","KALED32D95SNE","China",80.039,"LCD",35.2,"Available",5,31.5113543,"32.0"
159490,"KOGAN","D32GV66C-T2C-W","China",80.039,"LCD",35.2,"Available",5,31.5113543,"32.0"
159490,"KOGAN","*32*","China",80.039,"LCD",35.2,"Available",5,31.5113543,"32.0"
159494,"BLAUPUNKT","BP3200HDV8100","China",80.039,"LCD (LED)",35.8,"Available",4.5,31.5113543,"32.0"
159510,"SAMSUNG ELECTRONICS","QA48S90DAE","Vietnam",120.712,"LCD (LED)",80,"Available",4.5,47.5243144,"48.0"
159526,"EKO","K750UGT","China",189.306,"LCD",204.81,"Available",3.5,74.5297722,"75.0"
159526,"EKO","K750UGT2","China",189.306,"LCD",204.81,"Available",3.5,74.5297722,"75.0"
159529,"EKO","K700UGT","China",176.539,"LCD",161.454,"Available",4.5,69.5034043,"70.0"
159529,"EKO","K700UGT2","China",176.539,"LCD",161.454,"Available",4.5,69.5034043,"70.0"
159535,"LG","55LX1T6LA","Indonesia,South Korea",138.783,"OLED",100,"Available",4.5,54.63886709999999,"55.0"
159537,"LG","55LX1TPSA","Indonesia,South Korea",138.783,"OLED",100,"Available",4.5,54.63886709999999,"55.0"
159538,"LG","OLED97G46LA","Indonesia,South Korea",245.145,"OLED",219,"Available",6,96.5135865,"97.0"
159579,"KOGAN","KAQL85XQ98GSTA","China",214.783,"LCD (LED)",250.7,"Available",4,84.5600671,"85.0"
159579,"KOGAN","KAQL85XQ98GSTB","China",214.783,"LCD (LED)",250.7,"Available",4,84.5600671,"85.0"
159579,"KOGAN","KAQL85XQ98GSTC","China",214.783,"LCD (LED)",250.7,"Available",4,84.5600671,"85.0"
159579,"KOGAN","KAQL85XQ98GSTD","China",214.783,"LCD (LED)",250.7,"Available",4,84.5600671,"85.0"
159579,"KOGAN","KAQL85XQ98GSTE","China",214.783,"LCD (LED)",250.7,"Available",4,84.5600671,"85.0"
159579,"KOGAN","KAQL85XQ98GST*","China",214.783,"LCD (LED)",250.7,"Available",4,84.5600671,"85.0"
159584,"KOGAN","KAQL75XQ98GSTA","China",189.306,"LCD (LED)",172.1,"Available",4.5,74.5297722,"75.0"
159584,"KOGAN","KAQL75XQ98GSTB","China",189.306,"LCD (LED)",172.1,"Available",4.5,74.5297722,"75.0"
159584,"KOGAN","KAQL75XQ98GSTC","China",189.306,"LCD (LED)",172.1,"Available",4.5,74.5297722,"75.0"
159584,"KOGAN","KAQL75XQ98GSTD","China",189.306,"LCD (LED)",172.1,"Available",4.5,74.5297722,"75.0"
159584,"KOGAN","KAQL75XQ98GSTE","China",189.306,"LCD (LED)",172.1,"Available",4.5,74.5297722,"75.0"
159584,"KOGAN","KAQL75XQ98GST*","China",189.306,"LCD (LED)",172.1,"Available",4.5,74.5297722,"75.0"
159665,"TECO","LED58AUSRC","China",146.039,"LCD (LED)",86.5,"Available",5,57.495554299999995,"58.0"
159666,"TECO","LED43AUSRC","China",107.95,"LCD (LED)",52.9,"Available",5,42.499915,"43.0"
159706,"AIWA","AWS400G","China",100.305,"LCD",46.8,"Available",5,39.4900785,"40.0"
159710,"AIWA","AWS650G","China",163.829,"LCD",90.1,"Available",5.5,64.4994773,"65.0"
159741,"Kogan","KAQL70W94QA","China,Vietnam",176.538,"LCD (LED)",142.43,"Available",5,69.50301060000001,"70.0"
159741,"Kogan","KAQL70W94QB","China,Vietnam",176.538,"LCD (LED)",142.43,"Available",5,69.50301060000001,"70.0"
159741,"Kogan","KAQL70W94QC","China,Vietnam",176.538,"LCD (LED)",142.43,"Available",5,69.50301060000001,"70.0"
159741,"Kogan","KAQL70W94QD","China,Vietnam",176.538,"LCD (LED)",142.43,"Available",5,69.50301060000001,"70.0"
159741,"Kogan","KAQL70W94QE","China,Vietnam",176.538,"LCD (LED)",142.43,"Available",5,69.50301060000001,"70.0"
159741,"Kogan","KAQL70W94QF","China,Vietnam",176.538,"LCD (LED)",142.43,"Available",5,69.50301060000001,"70.0"
159742,"SAMSUNG ELECTRONICS","UA98DU9000W","Vietnam",247.688,"LCD (LED)",332,"Available",4,97.51476559999999,"98.0"
159742,"SAMSUNG ELECTRONICS","UA98DU9000S","Vietnam",247.688,"LCD (LED)",332,"Available",4,97.51476559999999,"98.0"
159742,"SAMSUNG ELECTRONICS","UA98DU9000*","Vietnam",247.688,"LCD (LED)",332,"Available",4,97.51476559999999,"98.0"
159751,"EKO","K500UGT","China",125.725,"LCD",96.56,"Available",3.5,49.4979325,"50.0"
159778,"KOGAN","KAQL43XQ98GSVA","China",107.95,"LCD (LED)",87.66,"Available",3,42.499915,"43.0"
159778,"KOGAN","KAQL43XQ98GSVB","China",107.95,"LCD (LED)",87.66,"Available",3,42.499915,"43.0"
159778,"KOGAN","KAQL43XQ98GSVC","China",107.95,"LCD (LED)",87.66,"Available",3,42.499915,"43.0"
159790,"EKO","K650UGT2","China",163.896,"LCD (LED)",132.27,"Available",4.5,64.5258552,"65.0"
159792,"TCL","43C655","China",107.95,"LCD (LED)",58.2,"Available",4.5,42.499915,"43.0"
159804,"Linsar","LS40FHDNF23","China",100.332,"LCD (LED)",38.946,"Available",6,39.50070839999999,"40.0"
159811,"TCL","50C655","China",125.638,"LCD (LED)",58.4,"Available",4.5,49.4636806,"50.0"
159820,"TCL","55C655","China",138.711,"LCD (LED)",86.9,"Available",4.5,54.6105207,"55.0"
159827,"TCL","65C655","China",163.829,"LCD (LED)",106.6,"Available",5,64.4994773,"65.0"
159828,"TCL","75C655","China",189.306,"LCD (LED)",122,"Available",5.5,74.5297722,"75.0"
159829,"TCL","85C655","China",214.783,"LCD (LED)",191,"Available",4.5,84.5600671,"85.0"
159830,"TCL","65C855","China",163.829,"LCD (LED)",176.1,"Available",3,64.4994773,"65.0"
159832,"TCL","75C855","China",189.306,"LCD (LED)",208.1,"Available",3,74.5297722,"75.0"
159833,"TCL","85C855","China",214.783,"LCD (LED)",212.4,"Available",4,84.5600671,"85.0"
159846,"TCL","98C855","China",247.604,"LCD (LED)",191.2,"Available",5.5,97.4816948,"98.0"
159848,"FFALCON","FF43U64","China",107.95,"LCD (LED)",41.8,"Available",6,42.499915,"43.0"
159849,"FFALCON","FF50U64","China",125.638,"LCD (LED)",49.2,"Available",6,49.4636806,"50.0"
159850,"FFALCON","FF55U64","China",138.711,"LCD (LED)",58.4,"Available",6,54.6105207,"55.0"
159851,"FFALCON","FF65U64","China",163.829,"LCD (LED)",77.6,"Available",6,64.4994773,"65.0"
159853,"FFALCON","FF75U64","China",189.306,"LCD (LED)",111.2,"Available",6,74.5297722,"75.0"
159857,"LG","98QNED89TSA","China",247.695,"LCD (LED)",245.5,"Available",5,97.5175215,"98.0"
159857,"LG","98QNED89T6A","China",247.695,"LCD (LED)",245.5,"Available",5,97.5175215,"98.0"
159857,"LG","98QNED89TUA","China",247.695,"LCD (LED)",245.5,"Available",5,97.5175215,"98.0"
159857,"LG","98QNED#####","China",247.695,"LCD (LED)",245.5,"Available",5,97.5175215,"98.0"
159858,"SAMSUNG ELECTRONICS","QA77S90DAE","Vietnam",194.738,"LCD (LED)",175,"Available",5,76.6683506,"77.0"
159864,"SAMSUNG ELECTRONICS","QA83S90DAE","Vietnam",209.585,"LCD (LED)",217,"Available",4.5,82.5136145,"83.0"
159896,"SONY","K-55XR80","Malaysia,Vietnam",138.798,"OLED",100,"Available",4.5,54.6447726,"55.0"
159898,"SONY","K-65XR80","Malaysia,Vietnam",163.878,"OLED",117.9,"Available",5,64.51876859999999,"65.0"
159901,"LG","OLED65M46LA","Indonesia,South Korea",163.896,"OLED",172,"Available",3.5,64.5258552,"65.0"
159902,"LG","OLED77M46LA","Indonesia,South Korea",194.738,"OLED",220,"Available",4,76.6683506,"77.0"
159903,"LG","OLED83M46LA","Indonesia,South Korea",209.585,"OLED",242,"Available",4,82.5136145,"83.0"
159904,"LG","OLED97G4PSA","Indonesia,South Korea",245.145,"OLED",219,"Available",6,96.5135865,"97.0"
159905,"LG","OLED97M4PSA","Indonesia,South Korea",245.145,"OLED",244,"Available",5.5,96.5135865,"97.0"
159906,"LG","OLED97M46LA","Indonesia,South Korea",245.145,"OLED",244,"Available",5.5,96.5135865,"97.0"
159914,"TCL","50C755","China",125.638,"LCD (LED)",91.4,"Available",3.5,49.4636806,"50.0"
159916,"TCL","55C755","China",138.711,"LCD (LED)",89.1,"Available",4.5,54.6105207,"55.0"
159918,"TCL","65C755","China",163.829,"LCD (LED)",105.7,"Available",5,64.4994773,"65.0"
159919,"TCL","75C755","China",189.306,"LCD (LED)",134.6,"Available",5,74.5297722,"75.0"
159920,"TCL","85C755","China",214.783,"LCD (LED)",148.2,"Available",5.5,84.5600671,"85.0"
159921,"TCL","98C755","China",247.604,"LCD (LED)",197.4,"Available",5.5,97.4816948,"98.0"
159933,"SONY","K-77XR80","Malaysia",194.726,"OLED",152.2,"Available",5.5,76.6636262,"77.0"
159961,"TCL","98C655","China",247.604,"LCD (LED)",226,"Available",5.5,97.4816948,"98.0"
159962,"LG","43UR761H0TA","Indonesia,South Korea",107.987,"LCD (LED)",67,"Available",4,42.5144819,"43.0"
159963,"LG","43UT90506LB","Indonesia,South Korea",107.987,"LCD (LED)",67,"Available",4,42.5144819,"43.0"
159964,"LG","50UT90506LB","Indonesia,South Korea",125.727,"LCD (LED)",68,"Available",5.5,49.4987199,"50.0"
159965,"LG","55UT90506LB","Indonesia,South Korea",138.783,"LCD (LED)",91,"Available",5,54.63886709999999,"55.0"
159966,"LG","65UT90506LB","Indonesia,South Korea",163.897,"LCD (LED)",114,"Available",5,64.5262489,"65.0"
159967,"LG","75UT90506LB","Indonesia,South Korea",189.275,"LCD (LED)",126,"Available",6,74.5175675,"75.0"
160009,"Yokohama","YTV240Z","China",59.774,"LCD (LED)",20.24,"Available",5.5,23.5330238,"24.0"
160039,"BLAUPUNKT","BP24WOSDVD","China",60.47,"LCD",28.7,"Available",4,23.807039,"24.0"
160040,"BLAUPUNKT","BP650USG9800","China",163.132,"LCD",94.65,"Available",6,64.2250684,"64.0"
160051,"BAUHN","ATV60UHDW-0824","China",152.663,"LCD",81.288,"Available",6,60.1034231,"60.0"
160101,"Kogan","KAQL55W94QB","China,Vietnam",138.783,"LCD (LED)",111.7,"Available",4,54.63886709999999,"55.0"
160101,"Kogan","KAQL55W94QC","China,Vietnam",138.783,"LCD (LED)",111.7,"Available",4,54.63886709999999,"55.0"
160101,"Kogan","KAQL55W94QD","China,Vietnam",138.783,"LCD (LED)",111.7,"Available",4,54.63886709999999,"55.0"
160101,"Kogan","KAQL55W94QE","China,Vietnam",138.783,"LCD (LED)",111.7,"Available",4,54.63886709999999,"55.0"
160101,"Kogan","KAQL55W94QF","China,Vietnam",138.783,"LCD (LED)",111.7,"Available",4,54.63886709999999,"55.0"
160102,"Kogan","KAQL65W94QB","China,Vietnam",163.881,"LCD (LED)",150.64,"Available",4,64.5199497,"65.0"
160102,"Kogan","KAQL65W94QC","China,Vietnam",163.881,"LCD (LED)",150.64,"Available",4,64.5199497,"65.0"
160102,"Kogan","KAQL65W94QD","China,Vietnam",163.881,"LCD (LED)",150.64,"Available",4,64.5199497,"65.0"
160102,"Kogan","KAQL65W94QE","China,Vietnam",163.881,"LCD (LED)",150.64,"Available",4,64.5199497,"65.0"
160102,"Kogan","KAQL65W94QF","China,Vietnam",163.881,"LCD (LED)",150.64,"Available",4,64.5199497,"65.0"
160103,"Kogan","KAQL75W94QB","China,Vietnam",189.34,"LCD (LED)",187.1,"Available",4,74.543158,"75.0"
160103,"Kogan","KAQL75W94QC","China,Vietnam",189.34,"LCD (LED)",187.1,"Available",4,74.543158,"75.0"
160103,"Kogan","KAQL75W94QD","China,Vietnam",189.34,"LCD (LED)",187.1,"Available",4,74.543158,"75.0"
160103,"Kogan","KAQL75W94QE","China,Vietnam",189.34,"LCD (LED)",187.1,"Available",4,74.543158,"75.0"
160103,"Kogan","KAQL75W94QF","China,Vietnam",189.34,"LCD (LED)",187.1,"Available",4,74.543158,"75.0"
160104,"Kogan","KAQL50W94QB","China,Vietnam",125.731,"LCD (LED)",101.23,"Available",3.5,49.5002947,"50.0"
160104,"Kogan","KAQL50W94QC","China,Vietnam",125.731,"LCD (LED)",101.23,"Available",3.5,49.5002947,"50.0"
160104,"Kogan","KAQL50W94QD","China,Vietnam",125.731,"LCD (LED)",101.23,"Available",3.5,49.5002947,"50.0"
160104,"Kogan","KAQL50W94QE","China,Vietnam",125.731,"LCD (LED)",101.23,"Available",3.5,49.5002947,"50.0"
160104,"Kogan","KAQL50W94QF","China,Vietnam",125.731,"LCD (LED)",101.23,"Available",3.5,49.5002947,"50.0"
160109,"AIWA","AWS650W","China",163.896,"LCD (LED)",115.94,"Available",4.5,64.5258552,"65.0"
160114,"JVC","LT-50N7145AE","China",125.638,"LCD (LED)",47.5,"Available",6,49.4636806,"50.0"
160117,"THOMSON","STVLED43FHD-W","China",107.95,"LCD (LED)",49.14,"Available",5.5,42.499915,"43.0"
160151,"SAMSUNG ELECTRONICS","BE43D-H","Vietnam",107.987,"LCD (LED)",68,"Available",4,42.5144819,"43.0"
160152,"SAMSUNG ELECTRONICS","BE50D-H","Vietnam",125.727,"LCD (LED)",71,"Available",5,49.4987199,"50.0"
160153,"SAMSUNG ELECTRONICS","BE55D-H","Vietnam",138.783,"LCD (LED)",79,"Available",5.5,54.63886709999999,"55.0"
160154,"SAMSUNG ELECTRONICS","BE65D-H","Vietnam",163.897,"LCD (LED)",114,"Available",5,64.5262489,"65.0"
160155,"SAMSUNG ELECTRONICS","BE75D-H","Vietnam",189.338,"LCD (LED)",137,"Available",5.5,74.5423706,"75.0"
160179,"BLAUPUNKT","BP50WOS3","China",125.731,"LCD (LED)",94.37,"Available",3,49.5002947,"50.0"
160180,"BLAUPUNKT","BP70WOS3","China",176.538,"LCD (LED)",128.9,"Available",4.5,69.50301060000001,"70.0"
160194,"SAMSUNG ELECTRONICS","BE85D-H","Vietnam",214.783,"LCD (LED)",143,"Available",6,84.5600671,"85.0"
160257,"TECO","LED24AHSRC","China",59.774,"LCD (LED)",16.2,"Available",6,23.5330238,"24.0"
160266,"SAMSUNG ELECTRONICS","QA43LS01DAW","Vietnam",107.987,"LCD (LED)",79,"Available",3.5,42.5144819,"43.0"
160266,"SAMSUNG ELECTRONICS","QA43LS01DAS","Vietnam",107.987,"LCD (LED)",79,"Available",3.5,42.5144819,"43.0"
160266,"SAMSUNG ELECTRONICS","QA43LS01DA*","Vietnam",107.987,"LCD (LED)",79,"Available",3.5,42.5144819,"43.0"
160267,"SAMSUNG ELECTRONICS","QA55LS01DAW","Vietnam",138.783,"LCD (LED)",89,"Available",5,54.63886709999999,"55.0"
160267,"SAMSUNG ELECTRONICS","QA55LS01DAS","Vietnam",138.783,"LCD (LED)",89,"Available",5,54.63886709999999,"55.0"
160267,"SAMSUNG ELECTRONICS","QA55LS01DA*","Vietnam",138.783,"LCD (LED)",89,"Available",5,54.63886709999999,"55.0"
160274,"SAMSUNG ELECTRONICS","QA65LS01DAW","Vietnam",163.897,"LCD (LED)",126,"Available",5,64.5262489,"65.0"
160274,"SAMSUNG ELECTRONICS","QA65LS01DAS","Vietnam",163.897,"LCD (LED)",126,"Available",5,64.5262489,"65.0"
160274,"SAMSUNG ELECTRONICS","QA65LS01DA*","Vietnam",163.897,"LCD (LED)",126,"Available",5,64.5262489,"65.0"
160282,"TECO","LED32AHSRC","China",80.054,"LCD (LED)",26.3,"Available",6,31.5172598,"32.0"
160314,"Sylvox","RT27R2KECA","China",68.642,"LCD",15.3,"Available",7,27.024355399999997,"27.0"
160319,"LG","32LT340CBTB","Indonesia,South Korea",80.043,"LCD (LED)",25.5,"Available",6,31.5129291,"32.0"
160333,"Kogan","KALED50R95TA","China",125.725,"LCD (LED)",66.8,"Available",5,49.4979325,"50.0"
160333,"Kogan","KALED50R95TB","China",125.725,"LCD (LED)",66.8,"Available",5,49.4979325,"50.0"
160333,"Kogan","KALED50R95TC","China",125.725,"LCD (LED)",66.8,"Available",5,49.4979325,"50.0"
160333,"Kogan","KALED50R95TD","China",125.725,"LCD (LED)",66.8,"Available",5,49.4979325,"50.0"
160333,"Kogan","KALED50R95TE","China",125.725,"LCD (LED)",66.8,"Available",5,49.4979325,"50.0"
160333,"Kogan","KALED50R95T*","China",125.725,"LCD (LED)",66.8,"Available",5,49.4979325,"50.0"
160334,"Kogan","KALED65R95TA","China",163.829,"LCD (LED)",94.2,"Available",6,64.4994773,"65.0"
160334,"Kogan","KALED65R95TB","China",163.829,"LCD (LED)",94.2,"Available",6,64.4994773,"65.0"
160334,"Kogan","KALED65R95TC","China",163.829,"LCD (LED)",94.2,"Available",6,64.4994773,"65.0"
160334,"Kogan","KALED65R95TD","China",163.829,"LCD (LED)",94.2,"Available",6,64.4994773,"65.0"
160334,"Kogan","KALED65R95TE","China",163.829,"LCD (LED)",94.2,"Available",6,64.4994773,"65.0"
160334,"Kogan","KALED65R95T*","China",163.829,"LCD (LED)",94.2,"Available",6,64.4994773,"65.0"
160335,"Kogan","KALED75R95TA","China",189.306,"LCD (LED)",109.4,"Available",6,74.5297722,"75.0"
160335,"Kogan","KALED75R95TB","China",189.306,"LCD (LED)",109.4,"Available",6,74.5297722,"75.0"
160335,"Kogan","KALED75R95TC","China",189.306,"LCD (LED)",109.4,"Available",6,74.5297722,"75.0"
160335,"Kogan","KALED75R95TD","China",189.306,"LCD (LED)",109.4,"Available",6,74.5297722,"75.0"
160335,"Kogan","KALED75R95TE","China",189.306,"LCD (LED)",109.4,"Available",6,74.5297722,"75.0"
160335,"Kogan","KALED75R95T*","China",189.306,"LCD (LED)",109.4,"Available",6,74.5297722,"75.0"
160336,"Kogan","KALED55R95TA","China",138.711,"LCD (LED)",70.8,"Available",5.5,54.6105207,"55.0"
160336,"Kogan","KALED55R95TB","China",138.711,"LCD (LED)",70.8,"Available",5.5,54.6105207,"55.0"
160336,"Kogan","KALED55R95TC","China",138.711,"LCD (LED)",70.8,"Available",5.5,54.6105207,"55.0"
160336,"Kogan","KALED55R95TD","China",138.711,"LCD (LED)",70.8,"Available",5.5,54.6105207,"55.0"
160336,"Kogan","KALED55R95TE","China",138.711,"LCD (LED)",70.8,"Available",5.5,54.6105207,"55.0"
160336,"Kogan","KALED55R95T*","China",138.711,"LCD (LED)",70.8,"Available",5.5,54.6105207,"55.0"
160381,"Kogan","KALED32R95TA","China",79.967,"LCD (LED)",22.9,"Available",6,31.4830079,"32.0"
160381,"Kogan","KALED32R95TB","China",79.967,"LCD (LED)",22.9,"Available",6,31.4830079,"32.0"
160381,"Kogan","KALED32R95TC","China",79.967,"LCD (LED)",22.9,"Available",6,31.4830079,"32.0"
160381,"Kogan","KALED32R95TD","China",79.967,"LCD (LED)",22.9,"Available",6,31.4830079,"32.0"
160381,"Kogan","KALED32R95TE","China",79.967,"LCD (LED)",22.9,"Available",6,31.4830079,"32.0"
160381,"Kogan","KALED32R95T*","China",79.967,"LCD (LED)",22.9,"Available",6,31.4830079,"32.0"
160385,"SAMSUNG ELECTRONICS","QA50LS01DAS","Vietnam",125.727,"LCD (LED)",93,"Available",4,49.4987199,"50.0"
160387,"Kogan","KALED40R95TA","China",100.305,"LCD (LED)",36.5,"Available",6,39.4900785,"40.0"
160387,"Kogan","KALED40R95TB","China",100.305,"LCD (LED)",36.5,"Available",6,39.4900785,"40.0"
160387,"Kogan","KALED40R95TC","China",100.305,"LCD (LED)",36.5,"Available",6,39.4900785,"40.0"
160387,"Kogan","KALED40R95TD","China",100.305,"LCD (LED)",36.5,"Available",6,39.4900785,"40.0"
160387,"Kogan","KALED40R95TE","China",100.305,"LCD (LED)",36.5,"Available",6,39.4900785,"40.0"
160387,"Kogan","KALED40R95T*","China",100.305,"LCD (LED)",36.5,"Available",6,39.4900785,"40.0"
160391,"Kogan","KALED43R95TA","China",107.863,"LCD (LED)",52.9,"Available",5,42.4656631,"43.0"
160391,"Kogan","KALED43R95TB","China",107.863,"LCD (LED)",52.9,"Available",5,42.4656631,"43.0"
160391,"Kogan","KALED43R95TC","China",107.863,"LCD (LED)",52.9,"Available",5,42.4656631,"43.0"
160391,"Kogan","KALED43R95TD","China",107.863,"LCD (LED)",52.9,"Available",5,42.4656631,"43.0"
160391,"Kogan","KALED43R95TE","China",107.863,"LCD (LED)",52.9,"Available",5,42.4656631,"43.0"
160391,"Kogan","KALED43R95T*","China",107.863,"LCD (LED)",52.9,"Available",5,42.4656631,"43.0"
160490,"Kogan","KAQL65MQ9TA","China",165.513,"LCD (LED)",136.1,"Available",4.5,65.1624681,"65.0"
160490,"Kogan","KAQL65MQ9TB","China",165.513,"LCD (LED)",136.1,"Available",4.5,65.1624681,"65.0"
160490,"Kogan","KAQL65MQ9TC","China",165.513,"LCD (LED)",136.1,"Available",4.5,65.1624681,"65.0"
160490,"Kogan","KAQL65MQ9TD","China",165.513,"LCD (LED)",136.1,"Available",4.5,65.1624681,"65.0"
160490,"Kogan","KAQL65MQ9TE","China",165.513,"LCD (LED)",136.1,"Available",4.5,65.1624681,"65.0"
160490,"Kogan","KAQL65MQ9T*","China",165.513,"LCD (LED)",136.1,"Available",4.5,65.1624681,"65.0"
160504,"JVC","LT-32ND35AS","China",80.039,"LCD (LED)",36.9,"Available",4.5,31.5113543,"32.0"
160542,"TOSHIBA","43C350NP","China",107.954,"LCD (LED)",59.91,"Available",4.5,42.501489799999995,"43.0"
160543,"TOSHIBA","50C350NP","China",125.731,"LCD (LED)",61.1,"Available",5.5,49.5002947,"50.0"
160544,"TOSHIBA","55C350NP","China",138.783,"LCD (LED)",63.7,"Available",6,54.63886709999999,"55.0"
160545,"TOSHIBA","65C350NP","China",163.829,"LCD (LED)",89.74,"Available",6,64.4994773,"65.0"
160546,"TOSHIBA","75C350NP","China",189.34,"LCD (LED)",95.06,"Available",7,74.543158,"75.0"
160557,"TOSHIBA","85C350NP","China",214.783,"LCD (LED)",150.59,"Available",6,84.5600671,"85.0"
160616,"TECO","LED70AUSRC","China",176.537,"LCD (LED)",135.9,"Available",5,69.5026169,"70.0"
160618,"EKO","K70USW3","China",176.538,"LCD (LED)",161,"Available",4,69.50301060000001,"70.0"
160621,"Sylvox","KT16A0KOGA","China",39.487,"LCD (LED)",15.1,"Available",4.5,15.546031900000001,"16.0"
160645,"JVC","LT-40N5155A","China",100.332,"LCD (LED)",48.76,"Available",4.5,39.50070839999999,"40.0"
160729,"JVC","JV100A5D","China",252.79,"LCD (LED)",295.9,"Available",4.5,99.523423,"100.0"
160785,"JVC","LT-65N7115A11E","China",163.829,"LCD (LED)",104.2,"Available",5.5,64.4994773,"65.0"
160808,"Hubbl","LT065A-04-FXTL","Poland",163.897,"LCD (LED)",64.71,"Available",7,64.5262489,"65.0"
160817,"SYLVOX","RT40G3KOFA","China",100.353,"LCD",24.48,"Available",8,39.5089761,"40.0"
160834,"CHiQ","U70M9Q","China",176.539,"LCD (LED)",123.6,"Available",5.5,69.5034043,"70.0"
160850,"TCL","115X955 Max","China",290.719,"LCD (LED)",600,"Available",2,114.4560703,"115.0"
160854,"CHiQ","L32G7KPG","China",80.043,"LCD (LED)",23.3,"Available",5.5,31.5129291,"32.0"
160979,"AIWA","AWC240G","China",59.774,"LCD (LED)",19.8,"Available",5,23.5330238,"24.0"
160985,"HISENSE","85U7NAU","China",214.783,"LCD (LED)",204.59,"Available",4.5,84.5600671,"85.0"
160985,"HISENSE","85U7NNZ","China",214.783,"LCD (LED)",204.59,"Available",4.5,84.5600671,"85.0"
160985,"HISENSE","85U7N series","China",214.783,"LCD (LED)",204.59,"Available",4.5,84.5600671,"85.0"
161047,"TELEFUNKEN","TL24HSWDTA","China",60.47,"LCD",28.7,"Available",4,23.807039,"24.0"
161060,"EKO","K430FGT","China",107.825,"LCD (LED)",50.67,"Available",5,42.4507025,"43.0"
161103,"AIWA","AWS500W","China",125.731,"LCD (LED)",57.2,"Available",6,49.5002947,"50.0"
161124,"BLAUPUNKT","BP430FSG9800","China",107.825,"LCD (LED)",50.67,"Available",5,42.4507025,"43.0"
161192,"SAMSUNG ELECTRONICS","QA55LST7DAW","Mexico",138.783,"LCD (LED)",206,"Available",1,54.63886709999999,"55.0"
161192,"SAMSUNG ELECTRONICS","QA55LST7DAS","Mexico",138.783,"LCD (LED)",206,"Available",1,54.63886709999999,"55.0"
161192,"SAMSUNG ELECTRONICS","QA55LST7DA*","Mexico",138.783,"LCD (LED)",206,"Available",1,54.63886709999999,"55.0"
161213,"TELEFUNKEN","TL320GQ","China",80.131,"LCD (LED)",32.5,"Available",5,31.5475747,"32.0"
161247,"Kogan","KAQL75MQ9TA","China",189.306,"LCD (LED)",145.4,"Available",5,74.5297722,"75.0"
161247,"Kogan","KAQL75MQ9TB","China",189.306,"LCD (LED)",145.4,"Available",5,74.5297722,"75.0"
161247,"Kogan","KAQL75MQ9TC","China",189.306,"LCD (LED)",145.4,"Available",5,74.5297722,"75.0"
161247,"Kogan","KAQL75MQ9TD","China",189.306,"LCD (LED)",145.4,"Available",5,74.5297722,"75.0"
161247,"Kogan","KAQL75MQ9TE","China",189.306,"LCD (LED)",145.4,"Available",5,74.5297722,"75.0"
161247,"Kogan","KAQL75MQ9T*","China",189.306,"LCD (LED)",145.4,"Available",5,74.5297722,"75.0"
161254,"BLAUPUNKT","BP32WOSDVD","China",80.039,"LCD (LED)",33.5,"Available",5,31.5113543,"32.0"
161317,"Panasonic","TV-42Z85AGZ","Malaysia",105.52,"OLED",73,"Available",3.5,41.543223999999995,"42.0"
161318,"Panasonic","TV-48Z85AGZ","Malaysia",120.703,"OLED",84,"Available",4,47.5207711,"48.0"
161333,"Panasonic","TV-55Z85AGZ","Malaysia",138.818,"OLED",103,"Available",4.5,54.652646600000004,"55.0"
161335,"Panasonic","TV-65Z85AGZ","Malaysia",163.853,"OLED",140,"Available",4.5,64.5089261,"65.0"
161338,"Panasonic","TV-55Z95AGZ","Malaysia",138.818,"OLED",122,"Available",3.5,54.652646600000004,"55.0"
161342,"Panasonic","TV-65Z95AGZ","Malaysia",163.853,"OLED",146,"Available",4,64.5089261,"65.0"
161347,"Panasonic","TV-77Z93AGZ","Malaysia",194.712,"OLED",170,"Available",5,76.65811439999999,"77.0"
161493,"LG","32LN660HBSD","Indonesia,South Korea",80.043,"LCD (LED)",24,"Available",6,31.5129291,"32.0"
161547,"TELEFUNKEN","TL55QGG","China",138.783,"LCD (LED)",103,"Available",4.5,54.63886709999999,"55.0"
161603,"Kogan","KAOD48X98JSTA","China",120.719,"OLED",80.3,"Available",4,47.5270703,"48.0"
161603,"Kogan","KAOD48X98JSTB","China",120.719,"OLED",80.3,"Available",4,47.5270703,"48.0"
161603,"Kogan","KAOD48X98JSTC","China",120.719,"OLED",80.3,"Available",4,47.5270703,"48.0"
161603,"Kogan","KAOD48X98JSTD","China",120.719,"OLED",80.3,"Available",4,47.5270703,"48.0"
161603,"Kogan","KAOD48X98JSTE","China",120.719,"OLED",80.3,"Available",4,47.5270703,"48.0"
161603,"Kogan","KAOD48X98JST*","China",120.719,"OLED",80.3,"Available",4,47.5270703,"48.0"
161688,"SVISION","SV43FWOS","China",107.953,"LCD",40.1,"Available",6,42.5010961,"43.0"
161755,"BLAUPUNKT","BP100WOSQ","China",247.695,"LCD (LED)",350,"Available",4,97.5175215,"98.0"
161761,"HISENSE","55U6NAU","China",138.783,"LCD (LED)",79.98,"Available",5,54.63886709999999,"55.0"
161761,"HISENSE","55U6NNZ","China",138.783,"LCD (LED)",79.98,"Available",5,54.63886709999999,"55.0"
161761,"HISENSE","55U6N series","China",138.783,"LCD (LED)",79.98,"Available",5,54.63886709999999,"55.0"
161762,"HISENSE","65U6NAU","China",163.896,"LCD (LED)",99.95,"Available",5.5,64.5258552,"65.0"
161762,"HISENSE","65U6NNZ","China",163.896,"LCD (LED)",99.95,"Available",5.5,64.5258552,"65.0"
161762,"HISENSE","65U6N series","China",163.896,"LCD (LED)",99.95,"Available",5.5,64.5258552,"65.0"
161763,"HISENSE","75U6NAU","China",189.34,"LCD (LED)",133.76,"Available",5.5,74.543158,"75.0"
161763,"HISENSE","75U6NNZ","China",189.34,"LCD (LED)",133.76,"Available",5.5,74.543158,"75.0"
161763,"HISENSE","75U6N series","China",189.34,"LCD (LED)",133.76,"Available",5.5,74.543158,"75.0"
161764,"HISENSE","85U6NAU","China",214.783,"LCD (LED)",189.93,"Available",5,84.5600671,"85.0"
161764,"HISENSE","85U6NNZ","China",214.783,"LCD (LED)",189.93,"Available",5,84.5600671,"85.0"
161764,"HISENSE","85U6N series","China",214.783,"LCD (LED)",189.93,"Available",5,84.5600671,"85.0"
161767,"HISENSE","43Q6NAU","China",107.95,"LCD (LED)",55.02,"Available",4.5,42.499915,"43.0"
161767,"HISENSE","43Q6NNZ","China",107.95,"LCD (LED)",55.02,"Available",4.5,42.499915,"43.0"
161767,"HISENSE","43Q6N series","China",107.95,"LCD (LED)",55.02,"Available",4.5,42.499915,"43.0"
161768,"HISENSE","50Q6NAU","China",125.731,"LCD (LED)",55.49,"Available",6,49.5002947,"50.0"
161768,"HISENSE","50Q6NNZ","China",125.731,"LCD (LED)",55.49,"Available",6,49.5002947,"50.0"
161768,"HISENSE","50Q6N series","China",125.731,"LCD (LED)",55.49,"Available",6,49.5002947,"50.0"
161769,"HISENSE","55Q6NAU","China",138.783,"LCD (LED)",59.97,"Available",6,54.63886709999999,"55.0"
161769,"HISENSE","55Q6NNZ","China",138.783,"LCD (LED)",59.97,"Available",6,54.63886709999999,"55.0"
161769,"HISENSE","55Q6N series","China",138.783,"LCD (LED)",59.97,"Available",6,54.63886709999999,"55.0"
161770,"HISENSE","65Q6NAU","China",163.896,"LCD (LED)",90.42,"Available",6,64.5258552,"65.0"
161770,"HISENSE","65Q6NNZ","China",163.896,"LCD (LED)",90.42,"Available",6,64.5258552,"65.0"
161770,"HISENSE","65Q6N series","China",163.896,"LCD (LED)",90.42,"Available",6,64.5258552,"65.0"
161771,"HISENSE","75Q6NAU","China",189.34,"LCD (LED)",120.56,"Available",6,74.543158,"75.0"
161771,"HISENSE","75Q6NNZ","China",189.34,"LCD (LED)",120.56,"Available",6,74.543158,"75.0"
161771,"HISENSE","75Q6N series","China",189.34,"LCD (LED)",120.56,"Available",6,74.543158,"75.0"
161772,"HISENSE","85Q6NAU","China",214.783,"LCD (LED)",172.13,"Available",5.5,84.5600671,"85.0"
161772,"HISENSE","85Q6NNZ","China",214.783,"LCD (LED)",172.13,"Available",5.5,84.5600671,"85.0"
161772,"HISENSE","85Q6N series","China",214.783,"LCD (LED)",172.13,"Available",5.5,84.5600671,"85.0"
161802,"SAMSUNG ELECTRONICS","QA65LST7DAW","Mexico",163.897,"LCD (LED)",260,"Available",1.5,64.5262489,"65.0"
161802,"SAMSUNG ELECTRONICS","QA65LST7DAS","Mexico",163.897,"LCD (LED)",260,"Available",1.5,64.5262489,"65.0"
161802,"SAMSUNG ELECTRONICS","QA65LST7DA*","Mexico",163.897,"LCD (LED)",260,"Available",1.5,64.5262489,"65.0"
161804,"SAMSUNG ELECTRONICS","QA75LST7DAW","Mexico",189.338,"LCD (LED)",322,"Available",2,74.5423706,"75.0"
161804,"SAMSUNG ELECTRONICS","QA75LST7DAS","Mexico",189.338,"LCD (LED)",322,"Available",2,74.5423706,"75.0"
161804,"SAMSUNG ELECTRONICS","QA75LST7DA*","Mexico",189.338,"LCD (LED)",322,"Available",2,74.5423706,"75.0"
161820,"KOGAN","KALED19PRIZE","China",47.013,"LCD",15.8718,"Available",5,18.5090181,"19.0"
161837,"WINTAL","19LED19HD","China",47.013,"LCD (LED)",19.4,"Available",4,18.5090181,"19.0"
161849,"AIWA","AWC320G","China",80.054,"LCD (LED)",28.6,"Available",5.5,31.5172598,"32.0"
161867,"Kogan","KAOD55X98JSTA","China",138.783,"OLED",88.3,"Available",4.5,54.63886709999999,"55.0"
161867,"Kogan","KAOD55X98JSTB","China",138.783,"OLED",88.3,"Available",4.5,54.63886709999999,"55.0"
161867,"Kogan","KAOD55X98JSTC","China",138.783,"OLED",88.3,"Available",4.5,54.63886709999999,"55.0"
161867,"Kogan","KAOD55X98JSTD","China",138.783,"OLED",88.3,"Available",4.5,54.63886709999999,"55.0"
161867,"Kogan","KAOD55X98JSTE","China",138.783,"OLED",88.3,"Available",4.5,54.63886709999999,"55.0"
161867,"Kogan","KAOD55X98JST*","China",138.783,"OLED",88.3,"Available",4.5,54.63886709999999,"55.0"
162012,"Sylvox","KT16K0KOGA","China",39.487,"LCD (LED)",14.7,"Available",4.5,15.546031900000001,"16.0"
162059,"TCL","85C745 Pro","China",214.783,"LCD (LED)",160.8,"Available",5,84.5600671,"85.0"
162078,"TOSHIBA","55Z870NP","China",138.783,"LCD (LED)",106.46,"Available",4,54.63886709999999,"55.0"
162079,"TOSHIBA","65Z870NP","China",163.896,"LCD (LED)",157.4,"Available",3.5,64.5258552,"65.0"
162080,"TOSHIBA","75Z870NP","China",189.34,"LCD (LED)",169.46,"Available",4.5,74.543158,"75.0"
162081,"TOSHIBA","85Z870NP","China",214.783,"LCD (LED)",236.68,"Available",4,84.5600671,"85.0"
162082,"TOSHIBA","100Z670NP","China",252.784,"LCD (LED)",264.81,"Available",5,99.5210608,"100.0"
162083,"HISENSE","100Q7NAU","China",252.784,"LCD (LED)",252.1,"Available",5,99.5210608,"100.0"
162085,"BAUHN","ATV70UHDW-0624","China",176.555,"LCD (LED)",109.038,"Available",6,69.5097035,"70.0"
162156,"BLAUPUNKT","BP850WOSQ","China",214.783,"LCD",257.2,"Available",3.5,84.5600671,"85.0"
162190,"KOGAN","KALED55U94VA","China",138.711,"LCD (LED)",73.6,"Available",4.5,54.6105207,"55.0"
162190,"KOGAN","KALED55U94VB","China",138.711,"LCD (LED)",73.6,"Available",4.5,54.6105207,"55.0"
162190,"KOGAN","KALED55U94VC","China",138.711,"LCD (LED)",73.6,"Available",4.5,54.6105207,"55.0"
162190,"KOGAN","KALED55U94V Series","China",138.711,"LCD (LED)",73.6,"Available",4.5,54.6105207,"55.0"
162206,"SVISION","SVU50WOS","China",125.731,"LCD",85.767,"Available",4.5,49.5002947,"50.0"
162209,"BLAUPUNKT","BP85WOS2","China",214.696,"LCD (LED)",197.27,"Available",5,84.5258152,"85.0"
162230,"Kogan","KALED55T96QA","China,Vietnam",138.783,"LCD (LED)",115,"Available",4,54.63886709999999,"55.0"
162230,"Kogan","KALED55T96QB","China,Vietnam",138.783,"LCD (LED)",115,"Available",4,54.63886709999999,"55.0"
162230,"Kogan","KALED55T96QC","China,Vietnam",138.783,"LCD (LED)",115,"Available",4,54.63886709999999,"55.0"
162230,"Kogan","KAQL55T96QA","China,Vietnam",138.783,"LCD (LED)",115,"Available",4,54.63886709999999,"55.0"
162230,"Kogan","KAQL55T96QB","China,Vietnam",138.783,"LCD (LED)",115,"Available",4,54.63886709999999,"55.0"
162230,"Kogan","KAQL55T96QC","China,Vietnam",138.783,"LCD (LED)",115,"Available",4,54.63886709999999,"55.0"
162231,"Kogan","KALED32T96QA","China,Vietnam",80.147,"LCD (LED)",35.2,"Available",4.5,31.553873900000003,"32.0"
162231,"Kogan","KALED32T96QB","China,Vietnam",80.147,"LCD (LED)",35.2,"Available",4.5,31.553873900000003,"32.0"
162231,"Kogan","KALED32T96QC","China,Vietnam",80.147,"LCD (LED)",35.2,"Available",4.5,31.553873900000003,"32.0"
162231,"Kogan","KALED32T96QD","China,Vietnam",80.147,"LCD (LED)",35.2,"Available",4.5,31.553873900000003,"32.0"
162231,"Kogan","KALED32T96Q*","China,Vietnam",80.147,"LCD (LED)",35.2,"Available",4.5,31.553873900000003,"32.0"
162234,"Kogan","KALED50T96QA","China,Vietnam",125.731,"LCD (LED)",99.42,"Available",3.5,49.5002947,"50.0"
162234,"Kogan","KALED50T96QB","China,Vietnam",125.731,"LCD (LED)",99.42,"Available",3.5,49.5002947,"50.0"
162234,"Kogan","KALED50T96QC","China,Vietnam",125.731,"LCD (LED)",99.42,"Available",3.5,49.5002947,"50.0"
162234,"Kogan","KAQL50T96QA","China,Vietnam",125.731,"LCD (LED)",99.42,"Available",3.5,49.5002947,"50.0"
162234,"Kogan","KAQL50T96QB","China,Vietnam",125.731,"LCD (LED)",99.42,"Available",3.5,49.5002947,"50.0"
162234,"Kogan","KAQL50T96QC","China,Vietnam",125.731,"LCD (LED)",99.42,"Available",3.5,49.5002947,"50.0"
162235,"Kogan","KALED65T96QA","China,Vietnam",163.896,"LCD (LED)",147.44,"Available",4,64.5258552,"65.0"
162235,"Kogan","KALED65T96QB","China,Vietnam",163.896,"LCD (LED)",147.44,"Available",4,64.5258552,"65.0"
162235,"Kogan","KALED65T96QC","China,Vietnam",163.896,"LCD (LED)",147.44,"Available",4,64.5258552,"65.0"
162235,"Kogan","KAQL65T96QA","China,Vietnam",163.896,"LCD (LED)",147.44,"Available",4,64.5258552,"65.0"
162235,"Kogan","KAQL65T96QB","China,Vietnam",163.896,"LCD (LED)",147.44,"Available",4,64.5258552,"65.0"
162235,"Kogan","KAQL65T96QC","China,Vietnam",163.896,"LCD (LED)",147.44,"Available",4,64.5258552,"65.0"
162237,"Kogan","KALED75T96QA","China,Vietnam",189.34,"LCD (LED)",180,"Available",4.5,74.543158,"75.0"
162237,"Kogan","KALED75T96QB","China,Vietnam",189.34,"LCD (LED)",180,"Available",4.5,74.543158,"75.0"
162237,"Kogan","KALED75T96QC","China,Vietnam",189.34,"LCD (LED)",180,"Available",4.5,74.543158,"75.0"
162237,"Kogan","KAQL75T96QA","China,Vietnam",189.34,"LCD (LED)",180,"Available",4.5,74.543158,"75.0"
162237,"Kogan","KAQL75T96QB","China,Vietnam",189.34,"LCD (LED)",180,"Available",4.5,74.543158,"75.0"
162237,"Kogan","KAQL75T96QC","China,Vietnam",189.34,"LCD (LED)",180,"Available",4.5,74.543158,"75.0"
162237,"Kogan","75T96 series","China,Vietnam",189.34,"LCD (LED)",180,"Available",4.5,74.543158,"75.0"
162239,"Kogan","KALED42T96QA","China,Vietnam",105.055,"LCD (LED)",54.39,"Available",5,41.3601535,"41.0"
162239,"Kogan","KALED42T96QB","China,Vietnam",105.055,"LCD (LED)",54.39,"Available",5,41.3601535,"41.0"
162239,"Kogan","KALED42T96QC","China,Vietnam",105.055,"LCD (LED)",54.39,"Available",5,41.3601535,"41.0"
162239,"Kogan","KALED42T96QD","China,Vietnam",105.055,"LCD (LED)",54.39,"Available",5,41.3601535,"41.0"
162239,"Kogan","KALED42T96Q*","China,Vietnam",105.055,"LCD (LED)",54.39,"Available",5,41.3601535,"41.0"
162367,"Kogan","KAOD65X98JSTA","China",163.897,"OLED",112.7,"Available",5,64.5262489,"65.0"
162367,"Kogan","KAOD65X98JSTB","China",163.897,"OLED",112.7,"Available",5,64.5262489,"65.0"
162367,"Kogan","KAOD65X98JSTC","China",163.897,"OLED",112.7,"Available",5,64.5262489,"65.0"
162367,"Kogan","KAOD65X98JSTD","China",163.897,"OLED",112.7,"Available",5,64.5262489,"65.0"
162367,"Kogan","KAOD65X98JSTE","China",163.897,"OLED",112.7,"Available",5,64.5262489,"65.0"
162367,"Kogan","KAOD65X98JST*","China",163.897,"OLED",112.7,"Available",5,64.5262489,"65.0"
162368,"EKO","K65USTW","China",163.896,"LCD",126.1,"Available",5,64.5258552,"65.0"
162374,"EKO","K55USTW","China",138.783,"LCD",115.9,"Available",4,54.63886709999999,"55.0"
162441,"JVC","LT-55N7115A11E","China",138.711,"LCD (LED)",60.9,"Available",6,54.6105207,"55.0"
162443,"CHiQ","U98F8TG PRO","China",247.691,"LCD (LED)",299.4,"Available",4,97.5159467,"98.0"
162445,"LOEWE","BILD S.77","Germany",194.738,"OLED",220,"Available",3.5,76.6683506,"77.0"
162457,"LG","75UT80506LA","Indonesia,South Korea",189.275,"LCD (LED)",165,"Available",5,74.5175675,"75.0"
162484,"Linsar","LS24HDNF-12V","China",59.774,"LCD",15.1,"Available",6,23.5330238,"24.0"
162485,"BAUHN","ATV75UHDW-0924","China",189.34,"LCD",133.54,"Available",6,74.543158,"75.0"
162494,"KONKA","KUD65XG684AN","China",163.896,"LCD (LED)",114.354,"Available",5,64.5258552,"65.0"
162496,"KONKA","KUD55XG684AN","China",138.783,"LCD (LED)",82.11,"Available",5,54.63886709999999,"55.0"
162498,"KONKA","KUD50XG684AN","China",125.731,"LCD (LED)",60.564,"Available",5.5,49.5002947,"50.0"
162499,"KONKA","KDL40GA683AN","China",100.332,"LCD (LED)",36.91,"Available",6,39.50070839999999,"40.0"
162501,"KONKA","KDL32GA683AN","China",80.039,"LCD (LED)",29.55,"Available",5,31.5113543,"32.0"
162553,"Kogan","KAQL55XQ98GSTA","China",138.783,"LCD (LED)",92.8,"Available",4.5,54.63886709999999,"55.0"
162553,"Kogan","KAQL55XQ98GSTB","China",138.783,"LCD (LED)",92.8,"Available",4.5,54.63886709999999,"55.0"
162553,"Kogan","KAQL55XQ98GSTC","China",138.783,"LCD (LED)",92.8,"Available",4.5,54.63886709999999,"55.0"
162553,"Kogan","KAQL55XQ98GSTD","China",138.783,"LCD (LED)",92.8,"Available",4.5,54.63886709999999,"55.0"
162553,"Kogan","KAQL55XQ98GSTE","China",138.783,"LCD (LED)",92.8,"Available",4.5,54.63886709999999,"55.0"
162553,"Kogan","KAQL55XQ98GST*","China",138.783,"LCD (LED)",92.8,"Available",4.5,54.63886709999999,"55.0"
162640,"AIWA","AWS400W","China",100.332,"LCD (LED)",48.76,"Available",4.5,39.50070839999999,"40.0"
162651,"HISENSE","32A4NAU","China",80.04,"LCD (LED)",22.8,"Available",6,31.511748,"32.0"
162651,"HISENSE","32A4NNZ","China",80.04,"LCD (LED)",22.8,"Available",6,31.511748,"32.0"
162651,"HISENSE","32A4N","China",80.04,"LCD (LED)",22.8,"Available",6,31.511748,"32.0"
162652,"HISENSE","40A4NAU","China",100.332,"LCD (LED)",29.07,"Available",7,39.50070839999999,"40.0"
162652,"HISENSE","40A4NNZ","China",100.332,"LCD (LED)",29.07,"Available",7,39.50070839999999,"40.0"
162652,"HISENSE","40A4N","China",100.332,"LCD (LED)",29.07,"Available",7,39.50070839999999,"40.0"
162654,"HISENSE","85U8NAU","China",214.783,"LCD (LED)",262.49,"Available",3.5,84.5600671,"85.0"
162655,"HISENSE","65U8NAU","China",163.896,"LCD (LED)",151.8,"Available",3.5,64.5258552,"65.0"
162655,"HISENSE","65U8NNZ","China",163.896,"LCD (LED)",151.8,"Available",3.5,64.5258552,"65.0"
162655,"HISENSE","65U8N Series","China",163.896,"LCD (LED)",151.8,"Available",3.5,64.5258552,"65.0"
162656,"HISENSE","75U8NAU","China",189.34,"LCD (LED)",177.17,"Available",4,74.543158,"75.0"
162667,"HISENSE","65UXAU","China",163.896,"LCD (LED)",137.97,"Available",4,64.5258552,"65.0"
162688,"Brooklyn","BM32WOSDVD","China",80.039,"LCD (LED)",33.5,"Available",5,31.5113543,"32.0"
162755,"Panasonic","TV-55W95AGZ","China",138.783,"LCD (LED)",72.6,"Available",5.5,54.63886709999999,"55.0"
162760,"Panasonic","TV-65W95AGZ","China",163.897,"LCD (LED)",93.25,"Available",5.5,64.5262489,"65.0"
162769,"SAMSUNG ELECTRONICS","UA43DUE800W","Vietnam",107.987,"LCD (LED)",71,"Available",4,42.5144819,"43.0"
162769,"SAMSUNG ELECTRONICS","UA43DUE800S","Vietnam",107.987,"LCD (LED)",71,"Available",4,42.5144819,"43.0"
162769,"SAMSUNG ELECTRONICS","UA43DUE800*","Vietnam",107.987,"LCD (LED)",71,"Available",4,42.5144819,"43.0"
162770,"SAMSUNG ELECTRONICS","UA50DUE800W","Vietnam",125.727,"LCD (LED)",83,"Available",4.5,49.4987199,"50.0"
162770,"SAMSUNG ELECTRONICS","UA50DUE800S","Vietnam",125.727,"LCD (LED)",83,"Available",4.5,49.4987199,"50.0"
162770,"SAMSUNG ELECTRONICS","UA50DUE800*","Vietnam",125.727,"LCD (LED)",83,"Available",4.5,49.4987199,"50.0"
162772,"Panasonic","TV-75W95AGZ","China",189.321,"LCD (LED)",109.77,"Available",6,74.5356777,"75.0"
162773,"SAMSUNG ELECTRONICS","UA55DUE800W","Vietnam",138.783,"LCD (LED)",97,"Available",4.5,54.63886709999999,"55.0"
162773,"SAMSUNG ELECTRONICS","UA55DUE800S","Vietnam",138.783,"LCD (LED)",97,"Available",4.5,54.63886709999999,"55.0"
162773,"SAMSUNG ELECTRONICS","UA55DUE800*","Vietnam",138.783,"LCD (LED)",97,"Available",4.5,54.63886709999999,"55.0"
162775,"SAMSUNG ELECTRONICS","UA65DUE800W","Vietnam",163.897,"LCD (LED)",122,"Available",5,64.5262489,"65.0"
162775,"SAMSUNG ELECTRONICS","UA65DUE800S","Vietnam",163.897,"LCD (LED)",122,"Available",5,64.5262489,"65.0"
162775,"SAMSUNG ELECTRONICS","UA65DUE800*","Vietnam",163.897,"LCD (LED)",122,"Available",5,64.5262489,"65.0"
162776,"SAMSUNG ELECTRONICS","UA75DUE800W","Vietnam",189.338,"LCD (LED)",163,"Available",5,74.5423706,"75.0"
162778,"SAMSUNG ELECTRONICS","UA85DUE800W","Vietnam",214.783,"LCD (LED)",195,"Available",5,84.5600671,"85.0"
162825,"AIWA","AWS700W","China",176.563,"LCD (LED)",140.89,"Available",4.5,69.5128531,"70.0"
162831,"Kogan","KAQL85T96QA","China,Vietnam",215.329,"LCD (LED)",280.55,"Available",3.5,84.7750273,"85.0"
162831,"Kogan","KAQL85T96QB","China,Vietnam",215.329,"LCD (LED)",280.55,"Available",3.5,84.7750273,"85.0"
162831,"Kogan","KAQL85T96QC","China,Vietnam",215.329,"LCD (LED)",280.55,"Available",3.5,84.7750273,"85.0"
162831,"Kogan","KAQL85T96QD","China,Vietnam",215.329,"LCD (LED)",280.55,"Available",3.5,84.7750273,"85.0"
162831,"Kogan","**********85**********","China,Vietnam",215.329,"LCD (LED)",280.55,"Available",3.5,84.7750273,"85.0"
162834,"Kogan","KALED100T96QA","China,Vietnam",253.136,"LCD (LED)",379.07,"Available",3.5,99.65964319999999,"100.0"
162834,"Kogan","KALED100T96QB","China,Vietnam",253.136,"LCD (LED)",379.07,"Available",3.5,99.65964319999999,"100.0"
162834,"Kogan","KALED100T96QC","China,Vietnam",253.136,"LCD (LED)",379.07,"Available",3.5,99.65964319999999,"100.0"
162834,"Kogan","KAQL100T96QA","China,Vietnam",253.136,"LCD (LED)",379.07,"Available",3.5,99.65964319999999,"100.0"
162834,"Kogan","KAQL100T96QB","China,Vietnam",253.136,"LCD (LED)",379.07,"Available",3.5,99.65964319999999,"100.0"
162834,"Kogan","KAQL100T96QC","China,Vietnam",253.136,"LCD (LED)",379.07,"Available",3.5,99.65964319999999,"100.0"
162834,"Kogan","**********100**********","China,Vietnam",253.136,"LCD (LED)",379.07,"Available",3.5,99.65964319999999,"100.0"
162888,"LG","43UT801C0LA","Indonesia,South Korea",107.987,"LCD (LED)",73,"Available",4,42.5144819,"43.0"
162889,"LG","43UT801C0SB","Indonesia,South Korea",107.987,"LCD (LED)",70,"Available",4,42.5144819,"43.0"
162891,"LG","50UT801C0LA","Indonesia,South Korea",125.727,"LCD (LED)",83,"Available",4.5,49.4987199,"50.0"
162896,"LG","50UT801C0SB","Indonesia,South Korea",125.727,"LCD (LED)",83,"Available",4.5,49.4987199,"50.0"
162898,"LG","55UT801C0LA","Indonesia,South Korea",138.783,"LCD (LED)",97,"Available",4.5,54.63886709999999,"55.0"
162899,"LG","55UT801C0SB","Indonesia,South Korea",138.783,"LCD (LED)",97,"Available",4.5,54.63886709999999,"55.0"
162901,"LG","65UT801C0LA","Indonesia,South Korea",163.897,"LCD (LED)",120,"Available",5,64.5262489,"65.0"
162903,"LG","65UT801C0SB","Indonesia,South Korea",163.897,"LCD (LED)",120,"Available",5,64.5262489,"65.0"
162904,"LG","75UT801C0SB","Indonesia,South Korea",189.275,"LCD (LED)",165,"Available",5,74.5175675,"75.0"
162906,"LG","75UT811C0LA","Indonesia,South Korea",189.275,"LCD (LED)",165,"Available",5,74.5175675,"75.0"
162907,"LG","86UT801C0SB","Indonesia,South Korea",217.425,"LCD (LED)",212,"Available",5,85.6002225,"86.0"
162908,"LG","86UT811C0LA","Indonesia,South Korea",217.425,"LCD (LED)",212,"Available",5,85.6002225,"86.0"
162967,"EKO","K75USWW","China",189.34,"LCD",162.1,"Available",5,74.543158,"75.0"
162999,"AOA","LTW40FHD","China",100.336,"LCD",47.23,"Available",5,39.5022832,"40.0"
163000,"AOA","LTW32HD","China",80.039,"LCD",31.92,"Available",5,31.5113543,"32.0"
163030,"AIWA","AWS500G","China",125.731,"OLED",64.6,"Available",5,49.5002947,"50.0"
163413,"Kogan","KAQL65XQ98GSTB","China",163.896,"LCD (LED)",144.5,"Available",4,64.5258552,"65.0"
163413,"Kogan","KAQL65XQ98GSTC","China",163.896,"LCD (LED)",144.5,"Available",4,64.5258552,"65.0"
163413,"Kogan","KAQL65XQ98GSTD","China",163.896,"LCD (LED)",144.5,"Available",4,64.5258552,"65.0"
163413,"Kogan","KAQL65XQ98GSTE","China",163.896,"LCD (LED)",144.5,"Available",4,64.5258552,"65.0"
163413,"Kogan","KAQL65XQ98GST*","China",163.896,"LCD (LED)",144.5,"Available",4,64.5258552,"65.0"
163478,"Kogan","KAQL70T96QA","China,Vietnam",176.538,"LCD (LED)",138.82,"Available",5,69.50301060000001,"70.0"
163478,"Kogan","KAQL70T96QB","China,Vietnam",176.538,"LCD (LED)",138.82,"Available",5,69.50301060000001,"70.0"
163478,"Kogan","KAQL70T96QC","China,Vietnam",176.538,"LCD (LED)",138.82,"Available",5,69.50301060000001,"70.0"
163478,"Kogan","KAQL70T96QD","China,Vietnam",176.538,"LCD (LED)",138.82,"Available",5,69.50301060000001,"70.0"
163478,"Kogan","**********70**********","China,Vietnam",176.538,"LCD (LED)",138.82,"Available",5,69.50301060000001,"70.0"
163516,"BAUHN","ATV55UHDW-1024","China",138.783,"LCD (LED)",69.65,"Available",6,54.63886709999999,"55.0"
163516,"BAUHN","ATV55UHDW-0125","China",138.783,"LCD (LED)",69.65,"Available",6,54.63886709999999,"55.0"
163516,"BAUHN","ATV55UHDW-****","China",138.783,"LCD (LED)",69.65,"Available",6,54.63886709999999,"55.0"
163618,"HISENSE","70A6NNZ","China",176.537,"LCD (LED)",103.99,"Available",6,69.5026169,"70.0"
163618,"HISENSE","70A6NAU","China",176.537,"LCD (LED)",103.99,"Available",6,69.5026169,"70.0"
163618,"HISENSE","70A6N Series","China",176.537,"LCD (LED)",103.99,"Available",6,69.5026169,"70.0"
163621,"TOSHIBA","32V35NP","China",80.039,"LCD (LED)",24.17,"Available",6,31.5113543,"32.0"
163622,"TOSHIBA","43V35NP","China",107.954,"LCD (LED)",33.62,"Available",7,42.501489799999995,"43.0"
163671,"JVC","AV-J193152A","China",47.013,"LCD",19.4,"Available",4,18.5090181,"19.0"
163671,"JVC","AV-J193155A","China",47.013,"LCD",19.4,"Available",4,18.5090181,"19.0"
163671,"JVC","19"" smart","China",47.013,"LCD",19.4,"Available",4,18.5090181,"19.0"
163703,"LG","43UM662H4LC","Indonesia,South Korea",107.987,"LCD (LED)",36,"Available",7,42.5144819,"43.0"
163734,"LG","50UM662H4LC","Indonesia,South Korea",125.727,"LCD (LED)",40,"Available",7,49.4987199,"50.0"
163735,"LG","55UM662H4LC","Indonesia,South Korea",138.783,"LCD (LED)",49,"Available",7,54.63886709999999,"55.0"
163736,"LG","65UM662H4LC","Indonesia,South Korea",163.897,"LCD (LED)",56,"Available",8,64.5262489,"65.0"
163739,"TCL","85A300W","China",214.783,"LCD (LED)",143.6,"Available",6,84.5600671,"85.0"
163755,"TCL","75A300W","China",189.306,"LCD (LED)",115.4,"Available",5.5,74.5297722,"75.0"
163758,"TCL","65A300W","China",163.829,"LCD (LED)",103.5,"Available",5,64.4994773,"65.0"
163759,"TCL","55A300W","China",138.711,"LCD (LED)",90.7,"Available",4.5,54.6105207,"55.0"
163822,"LG","98UT9050PSA","China",247.695,"LCD (LED)",354.9,"Available",3.5,97.5175215,"98.0"
163822,"LG","98UT91006LA","China",247.695,"LCD (LED)",354.9,"Available",3.5,97.5175215,"98.0"
163822,"LG","98UT90006LA","China",247.695,"LCD (LED)",354.9,"Available",3.5,97.5175215,"98.0"
163822,"LG","98UT9000PUA","China",247.695,"LCD (LED)",354.9,"Available",3.5,97.5175215,"98.0"
163822,"LG","98UT9300KNA","China",247.695,"LCD (LED)",354.9,"Available",3.5,97.5175215,"98.0"
163822,"LG","98UT9######","China",247.695,"LCD (LED)",354.9,"Available",3.5,97.5175215,"98.0"
163852,"JVC","JVG3B5523Q","China",138.711,"LCD (LED)",76.8,"Available",5.5,54.6105207,"55.0"
164012,"AIWA","AWC240WZ","China",59.774,"LCD (LED)",26.3,"Available",4,23.5330238,"24.0"
164013,"AIWA","AWC320WZ","China",79.967,"LCD (LED)",38.6,"Available",4.5,31.4830079,"32.0"
164014,"KOGAN","KAQL75XQ98GSVA","China",189.306,"LCD (LED)",159.6,"Available",4.5,74.5297722,"75.0"
164014,"KOGAN","KAQL75XQ98GSVB","China",189.306,"LCD (LED)",159.6,"Available",4.5,74.5297722,"75.0"
164014,"KOGAN","KAQL75XQ98GSVC","China",189.306,"LCD (LED)",159.6,"Available",4.5,74.5297722,"75.0"
164014,"KOGAN","KAQL75XQ98GSVA series","China",189.306,"LCD (LED)",159.6,"Available",4.5,74.5297722,"75.0"
164193,"QBELL","QT50WX8A","China",125.731,"LCD (LED)",94.37,"Available",3,49.5002947,"50.0"
164195,"QBELL","QT70WX8A","China",176.538,"LCD (LED)",128.9,"Available",4.5,69.50301060000001,"70.0"
164202,"Sphere","S924TVSB","China",60.47,"LCD (LED)",19.64,"Available",5.5,23.807039,"24.0"
164202,"Sphere","S924TVDVDSB","China",60.47,"LCD (LED)",19.64,"Available",5.5,23.807039,"24.0"
164202,"Sphere","S924","China",60.47,"LCD (LED)",19.64,"Available",5.5,23.807039,"24.0"
164205,"Sphere","S927TVSB","China",68.599,"LCD (LED)",24.6,"Available",5.5,27.007426300000002,"27.0"
164205,"Sphere","S927TVDVDSB","China",68.599,"LCD (LED)",24.6,"Available",5.5,27.007426300000002,"27.0"
164205,"Sphere","S927","China",68.599,"LCD (LED)",24.6,"Available",5.5,27.007426300000002,"27.0"
164267,"KOGAN","KAQL85XQ98GSVA","China",214.783,"LCD (LED)",226.38,"Available",4.5,84.5600671,"85.0"
164267,"KOGAN","KAQL85XQ98GSVB","China",214.783,"LCD (LED)",226.38,"Available",4.5,84.5600671,"85.0"
164267,"KOGAN","KAQL85XQ98GSVC","China",214.783,"LCD (LED)",226.38,"Available",4.5,84.5600671,"85.0"
164267,"KOGAN","KAQL85XQ98GS series","China",214.783,"LCD (LED)",226.38,"Available",4.5,84.5600671,"85.0"
164364,"KOGAN","KALED32F98VA","China",79.967,"LCD (LED)",37.86,"Available",4,31.4830079,"32.0"
164364,"KOGAN","KALED32F98VB","China",79.967,"LCD (LED)",37.86,"Available",4,31.4830079,"32.0"
164364,"KOGAN","KALED32F98VC","China",79.967,"LCD (LED)",37.86,"Available",4,31.4830079,"32.0"
164364,"KOGAN","KALED32F98 series","China",79.967,"LCD (LED)",37.86,"Available",4,31.4830079,"32.0"
164495,"TECO","LED32IHRK","China",79.88,"LCD (LED)",35.6,"Available",4.5,31.448756,"32.0"
164513,"HYUNDAI","H50UHDQLDZEN","China",125.731,"LCD (LED)",61.524,"Available",6,49.5002947,"50.0"
164519,"HYUNDAI","H55UHDQLDZEN","China",138.783,"LCD (LED)",72.83,"Available",6,54.63886709999999,"55.0"
164532,"HYUNDAI","H65UHDQLDZEN","China",165.332,"LCD (LED)",101.54,"Available",6,65.0912084,"65.0"
164534,"HYUNDAI","H75UHDQLDZEN","China",189.34,"LCD (LED)",130.146,"Available",6,74.543158,"75.0"
164539,"Altius","AT32HDW2-BCF","China",80.043,"LCD (LED)",27.036,"Available",6,31.5129291,"32.0"
164582,"AIWA","AWS420W","China",105.415,"LCD (LED)",51.78,"Available",4.5,41.5018855,"42.0"
164586,"Kogan","KAQL86T96QA","China,Vietnam",217.518,"LCD (LED)",298.5,"Available",3.5,85.6368366,"86.0"
164586,"Kogan","KAQL86T96QB","China,Vietnam",217.518,"LCD (LED)",298.5,"Available",3.5,85.6368366,"86.0"
164586,"Kogan","KAQL86T96QC","China,Vietnam",217.518,"LCD (LED)",298.5,"Available",3.5,85.6368366,"86.0"
164586,"Kogan","KAQL86T96QD","China,Vietnam",217.518,"LCD (LED)",298.5,"Available",3.5,85.6368366,"86.0"
164586,"Kogan","**********86**********","China,Vietnam",217.518,"LCD (LED)",298.5,"Available",3.5,85.6368366,"86.0"
164636,"BAUHN","ATV43FHDW-1124","China",107.978,"LCD",44.2,"Available",6,42.510938599999996,"43.0"
164636,"BAUHN","ATV43FHDW-0125","China",107.978,"LCD",44.2,"Available",6,42.510938599999996,"43.0"
164636,"BAUHN","ATV43FHDW-****","China",107.978,"LCD",44.2,"Available",6,42.510938599999996,"43.0"
164907,"HYUNDAI","H55UHDMLDGTV","China",138.798,"LCD (LED)",92.2,"Available",4.5,54.6447726,"55.0"
164908,"Kogan","KALED24D96SQA","China,Vietnam",59.816,"LCD (LED)",23.98,"Available",4.5,23.5495592,"24.0"
164908,"Kogan","KALED24D96SQB","China,Vietnam",59.816,"LCD (LED)",23.98,"Available",4.5,23.5495592,"24.0"
164908,"Kogan","KALED24D96SQC","China,Vietnam",59.816,"LCD (LED)",23.98,"Available",4.5,23.5495592,"24.0"
164908,"Kogan","KALED24D96SQD","China,Vietnam",59.816,"LCD (LED)",23.98,"Available",4.5,23.5495592,"24.0"
164908,"Kogan","**********24**********","China,Vietnam",59.816,"LCD (LED)",23.98,"Available",4.5,23.5495592,"24.0"
164909,"Kogan","KALED32D96SQA","China,Vietnam",80.029,"LCD (LED)",31.84,"Available",5,31.507417299999997,"32.0"
164909,"Kogan","KALED32D96SQB","China,Vietnam",80.029,"LCD (LED)",31.84,"Available",5,31.507417299999997,"32.0"
164909,"Kogan","KALED32D96SQC","China,Vietnam",80.029,"LCD (LED)",31.84,"Available",5,31.507417299999997,"32.0"
164909,"Kogan","KALED32D96SQD","China,Vietnam",80.029,"LCD (LED)",31.84,"Available",5,31.507417299999997,"32.0"
164909,"Kogan","**********32**********","China,Vietnam",80.029,"LCD (LED)",31.84,"Available",5,31.507417299999997,"32.0"
164926,"KONIC","KUD55GS677AM","China",138.783,"LCD (LED)",93.1,"Available",4.5,54.63886709999999,"55.0"
164996,"JVC","LT-42NQ5155A","China",105.422,"LCD",38.2,"Available",6,41.5046414,"42.0"
164999,"PHILIPS","85BFL2214/97","China",214.783,"LCD (LED)",114.6,"Available",7,84.5600671,"85.0"
165017,"PHILIPS","65PUT7129/98","China",163.896,"LCD (LED)",122,"Available",4.5,64.5258552,"65.0"
165022,"PHILIPS","32HFL4518/97","China",80.054,"LCD (LED)",24.9,"Available",5.5,31.5172598,"32.0"
165026,"PHILIPS","24HFL4518/97","China",59.774,"LCD (LED)",16.9,"Available",5.5,23.5330238,"24.0"
165027,"PHILIPS","55PUT7129/98","China",138.736,"LCD (LED)",105,"Available",4,54.62036319999999,"55.0"
165028,"Kogan","KALED65U95TA","China",163.896,"LCD (LED)",94.14,"Available",6,64.5258552,"65.0"
165028,"Kogan","KALED65U95TB","China",163.896,"LCD (LED)",94.14,"Available",6,64.5258552,"65.0"
165028,"Kogan","KALED65U95TC","China",163.896,"LCD (LED)",94.14,"Available",6,64.5258552,"65.0"
165028,"Kogan","KALED65U95TD","China",163.896,"LCD (LED)",94.14,"Available",6,64.5258552,"65.0"
165028,"Kogan","KALED65U95TE","China",163.896,"LCD (LED)",94.14,"Available",6,64.5258552,"65.0"
165028,"Kogan","KALED65U95T*","China",163.896,"LCD (LED)",94.14,"Available",6,64.5258552,"65.0"
165029,"PHILIPS","50PUT7129/98","China",125.731,"LCD (LED)",96,"Available",3.5,49.5002947,"50.0"
165030,"Kogan","KALED75U95TA","China",189.34,"LCD (LED)",154.03,"Available",5,74.543158,"75.0"
165030,"Kogan","KALED75U95TB","China",189.34,"LCD (LED)",154.03,"Available",5,74.543158,"75.0"
165030,"Kogan","KALED75U95TC","China",189.34,"LCD (LED)",154.03,"Available",5,74.543158,"75.0"
165030,"Kogan","KALED75U95TD","China",189.34,"LCD (LED)",154.03,"Available",5,74.543158,"75.0"
165030,"Kogan","KALED75U95TE","China",189.34,"LCD (LED)",154.03,"Available",5,74.543158,"75.0"
165030,"Kogan","KALED75U95TF","China",189.34,"LCD (LED)",154.03,"Available",5,74.543158,"75.0"
165030,"Kogan","KALED75U95TG","China",189.34,"LCD (LED)",154.03,"Available",5,74.543158,"75.0"
165030,"Kogan","KALED75U95T*","China",189.34,"LCD (LED)",154.03,"Available",5,74.543158,"75.0"
165051,"PHILIPS","55PML8969/98","China",138.783,"LCD (LED)",120,"Available",3.5,54.63886709999999,"55.0"
165071,"KONIC","KUD50GS677AM","China",125.731,"LCD (LED)",88.8,"Available",4,49.5002947,"50.0"
165072,"KONIC","KUD65GS677AM","China",163.896,"LCD (LED)",117.3,"Available",5,64.5258552,"65.0"
165089,"PHILIPS","65PML8969/98","China",163.896,"LCD (LED)",168,"Available",3.5,64.5258552,"65.0"
165119,"SAMSUNG ELECTRONICS","BE98D-H","Vietnam",247.688,"LCD (LED)",332,"Available",4,97.51476559999999,"98.0"
165123,"BAUHN","ATV70UHDW-1124","China",176.535,"LCD",108.294,"Available",6,69.5018295,"70.0"
165152,"Palsonic","PT6515SU","China",163.896,"LCD (LED)",105.43,"Available",5,64.5258552,"65.0"
165159,"HYUNDAI","H65UHDMLDGTV","China",163.829,"LCD (LED)",149.6,"Available",4,64.4994773,"65.0"
165232,"AOA","LTD19FT","China",47.013,"LCD (LED)",15.3,"Available",5,18.5090181,"19.0"
165321,"BLAUPUNKT","BP24PTVW","China",60.469,"LCD (LED)",16.33,"Available",5.5,23.8066453,"24.0"
165321,"BLAUPUNKT","BP24PTVP","China",60.469,"LCD (LED)",16.33,"Available",5.5,23.8066453,"24.0"
165321,"BLAUPUNKT","BP24PTVBL","China",60.469,"LCD (LED)",16.33,"Available",5.5,23.8066453,"24.0"
165321,"BLAUPUNKT","BP24PTVG","China",60.469,"LCD (LED)",16.33,"Available",5.5,23.8066453,"24.0"
165321,"BLAUPUNKT","BP24****（*=Blank, 0-9,A-Z,a-z for marketing purpose, no technical difference)","China",60.469,"LCD (LED)",16.33,"Available",5.5,23.8066453,"24.0"
165324,"EKO","K700UATW","China",176.539,"LCD",153.11,"Available",4.5,69.5034043,"70.0"
165339,"Linsar","LS32HDNF-12V","China",80.039,"LCD (LED)",27.036,"Available",6,31.5113543,"32.0"
165405,"AKAI","AK4324S7WOS","China",107.978,"LCD",44.2,"Available",6,42.510938599999996,"43.0"
165408,"AKAI","AK55324S7WOS","China",138.783,"LCD (LED)",68.12,"Available",6,54.63886709999999,"55.0"
165429,"SONIQ","G65UV50A","China",163.896,"LCD",92.076,"Available",6,64.5258552,"65.0"
165430,"Polaroid","PL7024WOS","China",176.535,"LCD",108.294,"Available",6,69.5018295,"70.0"
165432,"EKO","K32HST","China",80.039,"LCD (LED)",31,"Available",5,31.5113543,"32.0"
165465,"AIWA","AWS320DVD","China",80.039,"LCD (LED)",33.5,"Available",5,31.5113543,"32.0"
165499,"QBELL","QTH32T","China",80.039,"LCD (LED)",35.3,"Available",5,31.5113543,"32.0"
165566,"SAMSUNG ELECTRONICS","UA50TU8000","Vietnam",125.725,"LCD (LED)",91,"Available",4,49.4979325,"50.0"
165566,"SAMSUNG ELECTRONICS","UA50TU8000S","Vietnam",125.725,"LCD (LED)",91,"Available",4,49.4979325,"50.0"
165566,"SAMSUNG ELECTRONICS","UA50TU8000W","Vietnam",125.725,"LCD (LED)",91,"Available",4,49.4979325,"50.0"
165568,"SAMSUNG ELECTRONICS","UA65TU8000","Vietnam",163.878,"LCD (LED)",116,"Available",5,64.51876859999999,"65.0"
165568,"SAMSUNG ELECTRONICS","UA65TU8000S","Vietnam",163.878,"LCD (LED)",116,"Available",5,64.51876859999999,"65.0"
165568,"SAMSUNG ELECTRONICS","UA65TU8000W","Vietnam",163.878,"LCD (LED)",116,"Available",5,64.51876859999999,"65.0"
165569,"SAMSUNG ELECTRONICS","UA55TU8000W","Vietnam",138.798,"LCD (LED)",102,"Available",4.5,54.6447726,"55.0"
165569,"SAMSUNG ELECTRONICS","UA55TU8000S","Vietnam",138.798,"LCD (LED)",102,"Available",4.5,54.6447726,"55.0"
165569,"SAMSUNG ELECTRONICS","UA55TU8000","Vietnam",138.798,"LCD (LED)",102,"Available",4.5,54.6447726,"55.0"
165597,"Kogan","KAQL50R96KA","China",125.812,"LCD (LED)",56.9,"Available",5.5,49.5321844,"50.0"
165599,"KOGAN","KAOD77X98JSVA","China",194.677,"OLED",131.1,"Available",5.5,76.64433489999999,"77.0"
165599,"KOGAN","KAOD77X98JSVB","China",194.677,"OLED",131.1,"Available",5.5,76.64433489999999,"77.0"
165599,"KOGAN","KAOD77X98JSVC","China",194.677,"OLED",131.1,"Available",5.5,76.64433489999999,"77.0"
165599,"KOGAN","KAOD77X98JSV series","China",194.677,"OLED",131.1,"Available",5.5,76.64433489999999,"77.0"
165603,"KOGAN","KAQL100XQ98GSVA","China",252.751,"OLED",446.3,"Available",3,99.5080687,"100.0"
165603,"KOGAN","KAQL100XQ98GSVB","China",252.751,"OLED",446.3,"Available",3,99.5080687,"100.0"
165603,"KOGAN","KAQL100XQ98GSVC","China",252.751,"OLED",446.3,"Available",3,99.5080687,"100.0"
165603,"KOGAN","KAQL100XQ98GSV series","China",252.751,"OLED",446.3,"Available",3,99.5080687,"100.0"
165604,"Kogan","KAQL55R96KA","China",138.783,"LCD (LED)",69.4,"Available",5.5,54.63886709999999,"55.0"
165605,"Kogan","KAQL65R96KA","China",163.897,"LCD (LED)",92.9,"Available",5.5,64.5262489,"65.0"
165627,"LG","86NANO80A6A","Indonesia,South Korea",217.425,"LCD (LED)",212,"Available",5,85.6002225,"86.0"
165628,"LG","86NANO80ASA","Indonesia,South Korea",217.425,"LCD (LED)",212,"Available",5,85.6002225,"86.0"
165629,"LG","OLED55C5PSA","Indonesia,South Korea",138.783,"OLED",101,"Available",4.5,54.63886709999999,"55.0"
165630,"LG","OLED55C56LA","Indonesia,South Korea",138.783,"OLED",101,"Available",4.5,54.63886709999999,"55.0"
165631,"LG","OLED55G5PSA","Indonesia,South Korea",138.783,"OLED",96,"Available",4.5,54.63886709999999,"55.0"
165632,"LG","OLED55G55LW","Indonesia,South Korea",138.783,"OLED",96,"Available",4.5,54.63886709999999,"55.0"
165633,"LG","OLED65C5PSA","Indonesia,South Korea",163.897,"OLED",124,"Available",5,64.5262489,"65.0"
165634,"LG","OLED65C56LA","Indonesia,South Korea",163.897,"OLED",124,"Available",5,64.5262489,"65.0"
165635,"LG","OLED77C5PSA","Indonesia,South Korea",194.738,"OLED",163,"Available",5,76.6683506,"77.0"
165636,"LG","OLED77C56LA","Indonesia,South Korea",194.738,"OLED",163,"Available",5,76.6683506,"77.0"
165637,"LG","OLED83G5PSA","Indonesia,South Korea",209.585,"OLED",189,"Available",5,82.5136145,"83.0"
165638,"LG","OLED83G56LA","Indonesia,South Korea",209.585,"OLED",189,"Available",5,82.5136145,"83.0"
165639,"BAUHN","ATV24HDW-0225","China",59.824,"LCD",17.766,"Available",6,23.552708799999998,"24.0"
165650,"JVC","JV5524M","China",138.783,"LCD (LED)",65.9,"Available",6,54.63886709999999,"55.0"
165651,"JVC","JV6524M","China",163.897,"LCD (LED)",97.7,"Available",5,64.5262489,"65.0"
165660,"CHiQ","U75M9","China",189.34,"LCD",154.23,"Available",5,74.543158,"75.0"
165713,"DGTEC","DG24HDDVD12V","China",59.827,"LCD (LED)",20.96,"Available",5,23.553889899999998,"24.0"
165767,"QBELL","QTU55T","China",138.783,"LCD",92.1,"Available",5,54.63886709999999,"55.0"
165774,"SONY","K-55XR80M2","Malaysia,Vietnam",138.798,"OLED",91.6,"Available",5,54.6447726,"55.0"
165775,"SONY","K-65XR80M2","Malaysia",163.878,"OLED",102.9,"Available",5.5,64.51876859999999,"65.0"
165781,"Samsung","UA32F6000FW","Vietnam",80.008,"LCD (LED)",36,"Available",4.5,31.4991496,"32.0"
165781,"Samsung","UA32F6000FS","Vietnam",80.008,"LCD (LED)",36,"Available",4.5,31.4991496,"32.0"
165781,"Samsung","S32F6000FW","Vietnam",80.008,"LCD (LED)",36,"Available",4.5,31.4991496,"32.0"
165781,"Samsung","S32F6000FS","Vietnam",80.008,"LCD (LED)",36,"Available",4.5,31.4991496,"32.0"
165781,"Samsung","**32F6000F*","Vietnam",80.008,"LCD (LED)",36,"Available",4.5,31.4991496,"32.0"
165788,"EKO","K50UST","China",125.731,"LCD (LED)",76.8,"Available",5,49.5002947,"50.0"
165789,"QBELL","QTU50T","China",125.731,"LCD (LED)",76.8,"Available",5,49.5002947,"50.0"
165793,"LG","50QNED80A6A","Indonesia,South Korea",125.727,"LCD (LED)",68,"Available",5.5,49.4987199,"50.0"
165794,"LG","50QNED81ASA","Indonesia,South Korea",125.727,"LCD (LED)",68,"Available",5.5,49.4987199,"50.0"
165795,"LG","OLED48C5PSA","Indonesia,South Korea",120.721,"OLED",76,"Available",4.5,47.5278577,"48.0"
165796,"LG","OLED48C56LA","Indonesia,South Korea",120.721,"OLED",76,"Available",4.5,47.5278577,"48.0"
165797,"LG","OLED55B5PSA","Indonesia,South Korea",138.783,"OLED",88,"Available",5,54.63886709999999,"55.0"
165798,"LG","OLED55B56LA","Indonesia,South Korea",138.783,"OLED",88,"Available",5,54.63886709999999,"55.0"
165799,"LG","OLED65B5PSA","Indonesia,South Korea",163.897,"OLED",106,"Available",5.5,64.5262489,"65.0"
165800,"LG","OLED65B56LA","Indonesia,South Korea",163.897,"OLED",106,"Available",5.5,64.5262489,"65.0"
165816,"QBELL","QTF40T","China",100.337,"LCD (LED)",51.3,"Available",5,39.5026769,"40.0"
165831,"PHILIPS","40PFT6529/79","China",100.332,"LCD (LED)",41.6,"Available",5.5,39.50070839999999,"40.0"
165872,"EKO","K42FST","China",105.422,"LCD (LED)",55,"Available",5,41.5046414,"42.0"
165875,"PHILIPS","32PHT6529/79","China",80.039,"LCD (LED)",35.8,"Available",4.5,31.5113543,"32.0"
165906,"LG","OLED42C5PSA","Indonesia,South Korea",105.52,"OLED",65,"Available",4,41.543223999999995,"42.0"
165907,"LG","OLED42C54LA","Indonesia,South Korea",105.52,"OLED",65,"Available",4,41.543223999999995,"42.0"
165908,"LG","OLED77G5PSA","Indonesia,South Korea",194.738,"OLED",153,"Available",5.5,76.6683506,"77.0"
165909,"LG","OLED77G56LA","Indonesia,South Korea",194.738,"OLED",153,"Available",5.5,76.6683506,"77.0"
165958,"LG","55QNED86A6A","Indonesia,South Korea",138.783,"LCD (LED)",82,"Available",5.5,54.63886709999999,"55.0"
165959,"LG","55QNED86ASA","Indonesia,South Korea",138.783,"LCD (LED)",82,"Available",5.5,54.63886709999999,"55.0"
165960,"LG","65QNED86A6A","Indonesia,South Korea",163.897,"LCD (LED)",105,"Available",5.5,64.5262489,"65.0"
165961,"LG","65QNED86ASA","Indonesia,South Korea",163.897,"LCD (LED)",105,"Available",5.5,64.5262489,"65.0"
166021,"AOA","LTW50UHD","China",125.731,"LCD (LED)",73.4,"Available",5,49.5002947,"50.0"
166046,"PHILIPS","77OLED720/79","China",198.546,"OLED",188.5,"Available",4,78.1675602,"78.0"
166054,"LG","65NANO80A6A","Indonesia,South Korea",163.897,"LCD (LED)",118,"Available",5,64.5262489,"65.0"
166055,"LG","65NANO80ASA","Indonesia,South Korea",163.897,"LCD (LED)",118,"Available",5,64.5262489,"65.0"
166056,"LG","65QNED80A6A","Indonesia,South Korea",163.897,"LCD (LED)",98,"Available",6,64.5262489,"65.0"
166057,"LG","65QNED81ASA","Indonesia,South Korea",163.897,"LCD (LED)",98,"Available",6,64.5262489,"65.0"
166058,"LG","75NANO80A6A","Indonesia,South Korea",189.275,"LCD (LED)",165,"Available",5,74.5175675,"75.0"
166059,"LG","75NANO80ASA","Indonesia,South Korea",189.275,"LCD (LED)",165,"Available",5,74.5175675,"75.0"
166060,"LG","75QNED80A6A","Indonesia,South Korea",189.275,"LCD (LED)",106,"Available",7,74.5175675,"75.0"
166061,"LG","75QNED81ASA","Indonesia,South Korea",189.275,"LCD (LED)",106,"Available",7,74.5175675,"75.0"
166062,"LG","75QNED86ASA","Indonesia,South Korea",189.275,"LCD (LED)",106,"Available",7,74.5175675,"75.0"
166063,"LG","86QNED80A6A","Indonesia,South Korea",217.425,"LCD (LED)",132,"Available",7,85.6002225,"86.0"
166064,"AIWA","AWS580G","China",146.088,"LCD",82.5,"Available",5.5,57.514845599999994,"58.0"
166074,"JVC","LT-70NQ7155A","China",176.539,"LCD",141.1,"Available",4.5,69.5034043,"70.0"
166077,"LG","86QNED81ASA","Indonesia,South Korea",217.425,"LCD (LED)",132,"Available",7,85.6002225,"86.0"
166078,"LG","OLED48B5PSA","Indonesia,South Korea",120.721,"OLED",74,"Available",4.5,47.5278577,"48.0"
166079,"LG","43NANO80A6B","Indonesia,South Korea",107.987,"LCD (LED)",70,"Available",4,42.5144819,"43.0"
166080,"LG","43NANO80ASA","Indonesia,South Korea",107.987,"LCD (LED)",70,"Available",4,42.5144819,"43.0"
166081,"LG","43QNED80A6A","Indonesia,South Korea",107.987,"LCD (LED)",64,"Available",4.5,42.5144819,"43.0"
166082,"LG","43QNED81ASA","Indonesia,South Korea",107.987,"LCD (LED)",64,"Available",4.5,42.5144819,"43.0"
166083,"LG","50NANO80A6A","Indonesia,South Korea",125.727,"LCD (LED)",83,"Available",4.5,49.4987199,"50.0"
166084,"LG","50NANO80ASA","Indonesia,South Korea",125.727,"LCD (LED)",83,"Available",4.5,49.4987199,"50.0"
166085,"LG","55NANO80A6A","Indonesia,South Korea",138.783,"LCD (LED)",92,"Available",5,54.63886709999999,"55.0"
166086,"LG","55NANO80ASA","Indonesia,South Korea",138.783,"LCD (LED)",92,"Available",5,54.63886709999999,"55.0"
166087,"LG","55QNED80A6A","Indonesia,South Korea",138.783,"LCD (LED)",82,"Available",5.5,54.63886709999999,"55.0"
166088,"LG","55QNED81ASA","Indonesia,South Korea",138.783,"LCD (LED)",82,"Available",5.5,54.63886709999999,"55.0"
166097,"PHILIPS","50PUT7039/79","China",125.731,"LCD (LED)",91.5,"Available",3.5,49.5002947,"50.0"
166098,"PHILIPS","55PUT7039/79","China",138.783,"LCD (LED)",99.2,"Available",4,54.63886709999999,"55.0"
166107,"SAMSUNG","UA43F6000FS","Vietnam",107.987,"LCD (LED)",49,"Available",5.5,42.5144819,"43.0"
166115,"PRISM+","M55","China",138.783,"LCD (LED)",79.3,"Available",5,54.63886709999999,"55.0"
166150,"PRISM+","M65","China",163.897,"LCD (LED)",111.6,"Available",5,64.5262489,"65.0"
166151,"PRISM+","M75","China",189.338,"LCD (LED)",140.4,"Available",5,74.5423706,"75.0"
166155,"EKO","K32HSWV12","China",80.039,"LCD (LED)",35.3,"Available",5,31.5113543,"32.0"
166179,"LG","OLED65G5PSA","Indonesia,South Korea",163.897,"OLED",115,"Available",5,64.5262489,"65.0"
166197,"LG","OLED65G56LA","Indonesia,South Korea",163.897,"OLED",115,"Available",5,64.5262489,"65.0"
166198,"LG","OLED77B5PSA","Indonesia,South Korea",194.738,"OLED",135,"Available",6,76.6683506,"77.0"
166199,"LG","OLED77B56LA","Indonesia,South Korea",194.738,"OLED",135,"Available",6,76.6683506,"77.0"
166200,"LG","55QNED82ASA","Indonesia,South Korea",138.783,"LCD (LED)",92,"Available",5,54.63886709999999,"55.0"
166201,"LG","65QNED82ASA","Indonesia,South Korea",163.897,"LCD (LED)",98,"Available",6,64.5262489,"65.0"
166202,"LG","86QNED82ASA","Indonesia,South Korea",217.425,"LCD (LED)",132,"Available",7,85.6002225,"86.0"
166203,"LG","50QNED86ASA","Indonesia,South Korea",125.727,"LCD (LED)",68,"Available",5.5,49.4987199,"50.0"
166204,"LG","86QNED86A6A","Indonesia,South Korea",217.425,"LCD (LED)",138,"Available",7,85.6002225,"86.0"
166205,"LG","86QNED86ASA","Indonesia,South Korea",217.425,"LCD (LED)",138,"Available",7,85.6002225,"86.0"
166222,"QBELL","QTU70T","China",176.538,"LCD (LED)",147.1,"Available",3.5,69.50301060000001,"70.0"
166235,"PHILIPS","75PUT7039/79","China",189.274,"LCD (LED)",162,"Available",4.5,74.5171738,"75.0"
166237,"PHILIPS","65PUT7039/79","China",165.633,"LCD (LED)",115,"Available",5,65.2097121,"65.0"
166238,"PHILIPS","86PUT7039/79","China",217.427,"LCD (LED)",231,"Available",4,85.6010099,"86.0"
166272,"JVC","LT-32NQ5155A","China",80.054,"LCD (LED)",24.84,"Available",5.5,31.5172598,"32.0"
166273,"JVC","LT-43NQ5155A","China",107.95,"LCD (LED)",38.4,"Available",6,42.499915,"43.0"
166274,"JVC","AV-AQ557155A","China",138.798,"LCD (LED)",61.38,"Available",6,54.6447726,"55.0"
166274,"JVC","LT-55NQ7155A","China",138.798,"LCD (LED)",61.38,"Available",6,54.6447726,"55.0"
166274,"JVC","LT-55NQ7155AW","China",138.798,"LCD (LED)",61.38,"Available",6,54.6447726,"55.0"
166274,"JVC","LT-55NQ7155AX","China",138.798,"LCD (LED)",61.38,"Available",6,54.6447726,"55.0"
166274,"JVC","AQ557155A series","China",138.798,"LCD (LED)",61.38,"Available",6,54.6447726,"55.0"
166276,"JVC","AV-AQ657155A","China",163.829,"LCD (LED)",105.96,"Available",5,64.4994773,"65.0"
166276,"JVC","LT-65NQ7155A","China",163.829,"LCD (LED)",105.96,"Available",5,64.4994773,"65.0"
166276,"JVC","LT-65NQ7155AW","China",163.829,"LCD (LED)",105.96,"Available",5,64.4994773,"65.0"
166276,"JVC","LT-65NQ7155AX","China",163.829,"LCD (LED)",105.96,"Available",5,64.4994773,"65.0"
166276,"JVC","AQ657155 series","China",163.829,"LCD (LED)",105.96,"Available",5,64.4994773,"65.0"
166280,"JVC","AV-JQ757115AE","China",189.306,"LCD (LED)",106.68,"Available",6,74.5297722,"75.0"
166280,"JVC","AV-JQ757115A series","China",189.306,"LCD (LED)",106.68,"Available",6,74.5297722,"75.0"
166330,"BLAUPUNKT","BP700UTS","China",176.538,"LCD (LED)",147.1,"Available",3.5,69.50301060000001,"70.0"
166343,"LG","50QNED82ASA","Indonesia,South Korea",125.727,"LCD (LED)",81,"Available",4.5,49.4987199,"50.0"
166344,"LG","75QNED82ASA","Indonesia,South Korea",189.275,"LCD (LED)",106,"Available",7,74.5175675,"75.0"
166345,"LG","OLED83C5PSA","Indonesia,South Korea",209.585,"OLED",189,"Available",5,82.5136145,"83.0"
166346,"LG","OLED83C56LA","Indonesia,South Korea",209.585,"OLED",189,"Available",5,82.5136145,"83.0"
166349,"TCL","55C7K","China",138.711,"LCD (LED)",106,"Available",4,54.6105207,"55.0"
166351,"TCL","50C7K","China",125.638,"LCD (LED)",87.6,"Available",4,49.4636806,"50.0"
166352,"TCL","75C7K","China",189.306,"LCD (LED)",190,"Available",4,74.5297722,"75.0"
166353,"TCL","85C7K","China",214.783,"LCD (LED)",175.2,"Available",5,84.5600671,"85.0"
166354,"TCL","55C6K","China",138.711,"LCD (LED)",86.5,"Available",4.5,54.6105207,"55.0"
166355,"TCL","65C6K","China",163.829,"LCD (LED)",115,"Available",5,64.4994773,"65.0"
166356,"TCL","75C6K","China",189.306,"LCD (LED)",140,"Available",5,74.5297722,"75.0"
166357,"TCL","85C6K","China",214.783,"LCD (LED)",175.2,"Available",5,84.5600671,"85.0"
166409,"BAUHN","ATV70UHDW-0325","China",176.555,"LCD (LED)",109.038,"Available",6,69.5097035,"70.0"
166422,"BLAUPUNKT","BP400FSG98","China",100.791,"LCD",50.5,"Available",5,39.6814167,"40.0"
166434,"Sony","K-55XR50","Malaysia,China",138.798,"LCD (LED)",111.8,"Available",4,54.6447726,"55.0"
166435,"Sony","K-65XR50","Malaysia,China",163.878,"LCD (LED)",150.7,"Available",4,64.51876859999999,"65.0"
166439,"BLAUPUNKT","BP750USG98","China",189.306,"LCD",204.81,"Available",3.5,74.5297722,"75.0"
166440,"EKO","K750UGTWQ","China",189.306,"LCD",204.81,"Available",3.5,74.5297722,"75.0"
166474,"LG","65QNED9MA6A","Indonesia,South Korea",163.897,"LCD (LED)",140,"Available",4.5,64.5262489,"65.0"
166475,"LG","65QNED9MASA","Indonesia,South Korea",163.897,"LCD (LED)",140,"Available",4.5,64.5262489,"65.0"
166476,"LG","75QNED9MA6A","Indonesia,South Korea",189.275,"LCD (LED)",153,"Available",5,74.5175675,"75.0"
166477,"LG","75QNED9MASA","Indonesia,South Korea",189.275,"LCD (LED)",153,"Available",5,74.5175675,"75.0"
166478,"LG","86QNED9MA6A","Indonesia,South Korea",217.425,"LCD (LED)",187,"Available",5.5,85.6002225,"86.0"
166479,"LG","86QNED9MASA","Indonesia,South Korea",217.425,"LCD (LED)",187,"Available",5.5,85.6002225,"86.0"
166493,"JVC","LT-50NQ7145AE","China",125.731,"LCD (LED)",49.6,"Available",6,49.5002947,"50.0"
166500,"BAUHN","ATV70UHDW-0625","China",176.537,"LCD (LED)",108.29,"Available",6,69.5026169,"70.0"
166500,"BAUHN","ATV70UHDW-1025","China",176.537,"LCD (LED)",108.29,"Available",6,69.5026169,"70.0"
166520,"EKO","K550UGTQ","China",138.798,"LCD",87.96,"Available",4.5,54.6447726,"55.0"
166537,"EKO","K500UGTQ","China",125.638,"LCD",96.612,"Available",3.5,49.4636806,"50.0"
166538,"BLAUPUNKT","BP500USG98","China",125.638,"LCD",96.612,"Available",3.5,49.4636806,"50.0"
166543,"SAMSUNG","QA65QN900FW","Vietnam",163.897,"LCD (LED)",248,"Available",2,64.5262489,"65.0"
166543,"SAMSUNG","QA65QN900FS","Vietnam",163.897,"LCD (LED)",248,"Available",2,64.5262489,"65.0"
166543,"SAMSUNG","QA65QN900F*","Vietnam",163.897,"LCD (LED)",248,"Available",2,64.5262489,"65.0"
166545,"TCL","98P7K","China",247.604,"LCD (LED)",148.6,"Available",6,97.4816948,"98.0"
166552,"SAMSUNG","QA43LS03FAW","Vietnam",107.987,"LCD (LED)",70,"Available",4,42.5144819,"43.0"
166552,"SAMSUNG","QA43LS03FAS","Vietnam",107.987,"LCD (LED)",70,"Available",4,42.5144819,"43.0"
166552,"SAMSUNG","QA43LS03FA*","Vietnam",107.987,"LCD (LED)",70,"Available",4,42.5144819,"43.0"
166554,"SAMSUNG","QA55LS03FAW","Vietnam",138.783,"LCD (LED)",111,"Available",4,54.63886709999999,"55.0"
166554,"SAMSUNG","QA55LS03FAS","Vietnam",138.783,"LCD (LED)",111,"Available",4,54.63886709999999,"55.0"
166554,"SAMSUNG","QA55LS03FA*","Vietnam",138.783,"LCD (LED)",111,"Available",4,54.63886709999999,"55.0"
166555,"SAMSUNG","QA48S90FAE","Vietnam",120.721,"LCD (LED)",79,"Available",4.5,47.5278577,"48.0"
166559,"AKAI","AK40S9ZEN","China",100.34,"LCD (LED)",40.4,"Available",6,39.503858,"40.0"
166560,"SAMSUNG","QA55S90FAW","Vietnam",138.783,"LCD (LED)",109,"Available",4,54.63886709999999,"55.0"
166560,"SAMSUNG","QA55S90FAS","Vietnam",138.783,"LCD (LED)",109,"Available",4,54.63886709999999,"55.0"
166560,"SAMSUNG","QA55S90FA*","Vietnam",138.783,"LCD (LED)",109,"Available",4,54.63886709999999,"55.0"
166597,"BLAUPUNKT","BP500FTS","China",125.731,"LCD (LED)",47.9,"Available",6,49.5002947,"50.0"
166610,"SAMSUNG","QA83S90FAE","Vietnam",209.585,"LCD (LED)",216,"Available",4.5,82.5136145,"83.0"
166612,"SAMSUNG","QA77S85FAE","Vietnam",194.738,"LCD (LED)",138,"Available",6,76.6683506,"77.0"
166617,"AIWA","AWS430QW","China",107.953,"LCD (LED)",45.69,"Available",6,42.5010961,"43.0"
166618,"AIWA","AWS650G2","China",163.896,"LCD (LED)",92.9,"Available",6,64.5258552,"65.0"
166629,"BLAUPUNKT","BP650USG98","China",163.829,"LCD",94.65,"Available",4,64.4994773,"65.0"
166636,"AIWA","AWS550QW","China",138.783,"LCD (LED)",98.27,"Available",4,54.63886709999999,"55.0"
166637,"AIWA","AWS650QW","China",163.896,"LCD (LED)",134.33,"Available",4,64.5258552,"65.0"
166639,"AIWA","AWS500QW","China",125.731,"LCD (LED)",79.06,"Available",4,49.5002947,"50.0"
166640,"EKO","K49FST","China",125.731,"LCD (LED)",47.9,"Available",6,49.5002947,"50.0"
166671,"KONIC","KKD32GS376AM","China",80.039,"LCD (LED)",31.2,"Available",5.5,31.5113543,"32.0"
166672,"KONIC","KKD40GS376AM","China",100.337,"LCD (LED)",43.6,"Available",5.5,39.5026769,"40.0"
166677,"LG","43QNED82ASA","Indonesia,South Korea",107.987,"LCD (LED)",70,"Available",4,42.5144819,"43.0"
166678,"LG","50UA8450PSA","Indonesia,South Korea",125.727,"LCD (LED)",83,"Available",4.5,49.4987199,"50.0"
166679,"LG","55UA8450PSA","Indonesia,South Korea",138.783,"LCD (LED)",92,"Available",5,54.63886709999999,"55.0"
166680,"LG","OLED65M5PSA","Indonesia,South Korea",163.896,"OLED",140,"Available",4.5,64.5258552,"65.0"
166681,"LG","OLED65M59LA","Indonesia,South Korea",163.896,"OLED",140,"Available",4.5,64.5258552,"65.0"
166710,"TCL","55P7K","China",138.711,"LCD (LED)",69.8,"Available",5.5,54.6105207,"55.0"
166711,"TCL","50P7K","China",125.638,"LCD (LED)",60.2,"Available",5.5,49.4636806,"50.0"
166741,"SAMSUNG","QA65QN80FAW","Vietnam",163.897,"LCD (LED)",154,"Available",4,64.5262489,"65.0"
166741,"SAMSUNG","QA65QN80FAS","Vietnam",163.897,"LCD (LED)",154,"Available",4,64.5262489,"65.0"
166741,"SAMSUNG","QA65QN80FA*","Vietnam",163.897,"LCD (LED)",154,"Available",4,64.5262489,"65.0"
166746,"SAMSUNG","QA55S85FAE","Vietnam",138.783,"LCD (LED)",104,"Available",4,54.63886709999999,"55.0"
166754,"BAUHN","ATV32HDW-0425","China",80.06,"LCD",25.23,"Available",6,31.519622000000002,"32.0"
166757,"PHILIPS","75PQT9020/79","China",189.34,"LCD (LED)",203.5,"Available",3.5,74.543158,"75.0"
166760,"SAMSUNG","QA55S95FAW","Vietnam",138.783,"LCD (LED)",109,"Available",4,54.63886709999999,"55.0"
166760,"SAMSUNG","QA55S95FAS","Vietnam",138.783,"LCD (LED)",109,"Available",4,54.63886709999999,"55.0"
166760,"SAMSUNG","QA55S95FA*","Vietnam",138.783,"LCD (LED)",109,"Available",4,54.63886709999999,"55.0"
166765,"HISENSE","55S7NAU","China",138.783,"LCD (LED)",87.99,"Available",4.5,54.63886709999999,"55.0"
166766,"HISENSE","65S7NAU","China",163.896,"LCD (LED)",105.58,"Available",5.5,64.5258552,"65.0"
166773,"EKO","K650UGT**","China",163.829,"LCD",94.65,"Available",4,64.4994773,"65.0"
166773,"EKO","K650UGT2Q","China",163.829,"LCD",94.65,"Available",4,64.4994773,"65.0"
166782,"SAMSUNG","QA65S85FAE","Vietnam",163.897,"LCD (LED)",129,"Available",4.5,64.5262489,"65.0"
166783,"SAMSUNG","QA65S90FAE","Vietnam",163.897,"LCD (LED)",145,"Available",4,64.5262489,"65.0"
166784,"SAMSUNG","QA77S90FAE","Vietnam",194.738,"LCD (LED)",174,"Available",5,76.6683506,"77.0"
166787,"SAMSUNG","QA55QN90FAW","Vietnam",138.783,"LCD (LED)",110,"Available",4,54.63886709999999,"55.0"
166787,"SAMSUNG","QA55QN90FAS","Vietnam",138.783,"LCD (LED)",110,"Available",4,54.63886709999999,"55.0"
166787,"SAMSUNG","QA55QN90FA*","Vietnam",138.783,"LCD (LED)",110,"Available",4,54.63886709999999,"55.0"
166809,"EKO","K430FGTQ","China",108.135,"LCD",45.012,"Available",5,42.5727495,"43.0"
166810,"BAUHN","ATV55UHDW-0425","China",138.401,"LCD",70,"Available",6,54.4884737,"55.0"
166812,"PHILIPS","65PQT9020/79","China",163.896,"LCD (LED)",175.9,"Available",3,64.5258552,"65.0"
166813,"PHILIPS","86PQT9020/79","China",217.427,"LCD (LED)",287.2,"Available",3,85.6010099,"86.0"
166818,"SONY","K-75XR50","Malaysia,China",189.306,"LCD (LED)",195.4,"Available",4,74.5297722,"75.0"
166821,"LG","OLED77T4PSA","Indonesia,South Korea",194.738,"OLED",182,"Available",4.5,76.6683506,"77.0"
166822,"LG","43UA8450PSA","Indonesia,South Korea",107.987,"LCD (LED)",70,"Available",4,42.5144819,"43.0"
166823,"LG","OLED77M5PSA","Indonesia,South Korea",194.738,"OLED",178,"Available",4.5,76.6683506,"77.0"
166824,"SONY","K-85XR50","Malaysia,China",214.783,"LCD (LED)",216.9,"Available",4.5,84.5600671,"85.0"
166826,"LG","OLED77M56LA","Indonesia,South Korea",194.738,"OLED",178,"Available",4.5,76.6683506,"77.0"
166827,"LG","OLED83M5PSA","Indonesia,South Korea",209.585,"OLED",214,"Available",4.5,82.5136145,"83.0"
166828,"LG","OLED83M56LA","Indonesia,South Korea",209.585,"OLED",214,"Available",4.5,82.5136145,"83.0"
166885,"SAMSUNG","QA42S90FAE","Vietnam",105.52,"LCD (LED)",67,"Available",4,41.543223999999995,"42.0"
166886,"SAMSUNG","QA43QN90FAW","Vietnam",107.987,"LCD (LED)",62,"Available",4.5,42.5144819,"43.0"
166886,"SAMSUNG","QA43QN90FAS","Vietnam",107.987,"LCD (LED)",62,"Available",4.5,42.5144819,"43.0"
166886,"SAMSUNG","QA43QN90FA*","Vietnam",107.987,"LCD (LED)",62,"Available",4.5,42.5144819,"43.0"
166887,"SAMSUNG","QA55QN70FAW","Vietnam",138.783,"LCD (LED)",107,"Available",4,54.63886709999999,"55.0"
166887,"SAMSUNG","QA55QN70FAS","Vietnam",138.783,"LCD (LED)",107,"Available",4,54.63886709999999,"55.0"
166887,"SAMSUNG","QA55QN70FA*","Vietnam",138.783,"LCD (LED)",107,"Available",4,54.63886709999999,"55.0"
166897,"SAMSUNG","QA65QN70FAW","Vietnam",163.897,"LCD (LED)",141,"Available",4.5,64.5262489,"65.0"
166897,"SAMSUNG","QA65QN70FAS","Vietnam",163.897,"LCD (LED)",141,"Available",4.5,64.5262489,"65.0"
166897,"SAMSUNG","QA65QN70FA*","Vietnam",163.897,"LCD (LED)",141,"Available",4.5,64.5262489,"65.0"
166898,"SAMSUNG","QA65QN90FAW","Vietnam",163.897,"LCD (LED)",137,"Available",4.5,64.5262489,"65.0"
166898,"SAMSUNG","QA65QN90FAS","Vietnam",163.897,"LCD (LED)",137,"Available",4.5,64.5262489,"65.0"
166898,"SAMSUNG","QA65QN90FA*","Vietnam",163.897,"LCD (LED)",137,"Available",4.5,64.5262489,"65.0"
166899,"SAMSUNG","QA65S95FAW","Vietnam",163.897,"LCD (LED)",152,"Available",4,64.5262489,"65.0"
166899,"SAMSUNG","QA65S95FAS","Vietnam",163.897,"LCD (LED)",152,"Available",4,64.5262489,"65.0"
166899,"SAMSUNG","QA65S95FA*","Vietnam",163.897,"LCD (LED)",152,"Available",4,64.5262489,"65.0"
166900,"TCL","65C7K","China",163.829,"LCD (LED)",134.4,"Available",4.5,64.4994773,"65.0"
166901,"SAMSUNG","QA75QN70FAW","Vietnam",189.338,"LCD (LED)",156,"Available",5,74.5423706,"75.0"
166901,"SAMSUNG","QA75QN70FAS","Vietnam",189.338,"LCD (LED)",156,"Available",5,74.5423706,"75.0"
166901,"SAMSUNG","QA75QN70FA*","Vietnam",189.338,"LCD (LED)",156,"Available",5,74.5423706,"75.0"
166953,"SAMSUNG","QA75QN900FW","Vietnam",189.338,"LCD (LED)",271,"Available",2.5,74.5423706,"75.0"
166953,"SAMSUNG","QA75QN900FS","Vietnam",189.338,"LCD (LED)",271,"Available",2.5,74.5423706,"75.0"
166953,"SAMSUNG","QA75QN900F*","Vietnam",189.338,"LCD (LED)",271,"Available",2.5,74.5423706,"75.0"
166954,"SAMSUNG","QA75QN90FAW","Vietnam",189.338,"LCD (LED)",151,"Available",5,74.5423706,"75.0"
166954,"SAMSUNG","QA75QN90FAS","Vietnam",189.338,"LCD (LED)",151,"Available",5,74.5423706,"75.0"
166954,"SAMSUNG","QA75QN90FA*","Vietnam",189.338,"LCD (LED)",151,"Available",5,74.5423706,"75.0"
166955,"SAMSUNG","QA77S95FAW","Vietnam",195.177,"LCD (LED)",216,"Available",4,76.8411849,"77.0"
166955,"SAMSUNG","QA77S95FAS","Vietnam",195.177,"LCD (LED)",216,"Available",4,76.8411849,"77.0"
166955,"SAMSUNG","QA77S95FA*","Vietnam",195.177,"LCD (LED)",216,"Available",4,76.8411849,"77.0"
166956,"SAMSUNG","QA83S85FAE","Vietnam",209.585,"LCD (LED)",186,"Available",5,82.5136145,"83.0"
166957,"SAMSUNG","QA85QN70FAW","Vietnam",214.783,"LCD (LED)",199,"Available",5,84.5600671,"85.0"
166957,"SAMSUNG","QA85QN70FAS","Vietnam",214.783,"LCD (LED)",199,"Available",5,84.5600671,"85.0"
166957,"SAMSUNG","QA85QN70FA*","Vietnam",214.783,"LCD (LED)",199,"Available",5,84.5600671,"85.0"
166959,"SAMSUNG","QA85QN900FW","Vietnam",214.783,"LCD (LED)",286,"Available",3.5,84.5600671,"85.0"
166959,"SAMSUNG","QA85QN900FS","Vietnam",214.783,"LCD (LED)",286,"Available",3.5,84.5600671,"85.0"
166959,"SAMSUNG","QA85QN900F*","Vietnam",214.783,"LCD (LED)",286,"Available",3.5,84.5600671,"85.0"
166960,"SAMSUNG","QA85QN90FAW","Vietnam",214.783,"LCD (LED)",211,"Available",5,84.5600671,"85.0"
166960,"SAMSUNG","QA85QN90FAS","Vietnam",214.783,"LCD (LED)",211,"Available",5,84.5600671,"85.0"
166960,"SAMSUNG","QA85QN90FA*","Vietnam",214.783,"LCD (LED)",211,"Available",5,84.5600671,"85.0"
166961,"SAMSUNG","QA85QN990FW","Vietnam",214.783,"LCD (LED)",360,"Available",2.5,84.5600671,"85.0"
166961,"SAMSUNG","QA85QN990FS","Vietnam",214.783,"LCD (LED)",360,"Available",2.5,84.5600671,"85.0"
166961,"SAMSUNG","QA85QN990F*","Vietnam",214.783,"LCD (LED)",360,"Available",2.5,84.5600671,"85.0"
166962,"SAMSUNG","QA98QN90FAW","Vietnam",247.688,"LCD (LED)",242,"Available",5.5,97.51476559999999,"98.0"
166962,"SAMSUNG","QA98QN90FAS","Vietnam",247.688,"LCD (LED)",242,"Available",5.5,97.51476559999999,"98.0"
166962,"SAMSUNG","QA98QN90FA*","Vietnam",247.688,"LCD (LED)",242,"Available",5.5,97.51476559999999,"98.0"
166999,"TCL","65P7K","China",163.829,"LCD (LED)",75,"Available",6,64.4994773,"65.0"
167002,"SAMSUNG","QA65QN990FW","Vietnam",163.897,"LCD (LED)",282,"Available",1,64.5262489,"65.0"
167002,"SAMSUNG","QA65QN990FS","Vietnam",163.897,"LCD (LED)",282,"Available",1,64.5262489,"65.0"
167002,"SAMSUNG","QA65QN990F*","Vietnam",163.897,"LCD (LED)",282,"Available",1,64.5262489,"65.0"
167005,"TCL","43P7K","China",107.95,"LCD (LED)",50.5,"Available",4.5,42.499915,"43.0"
167007,"LG","OLED97G5PSA","Indonesia,South Korea",245.145,"OLED",228,"Available",5.5,96.5135865,"97.0"
167008,"LG","OLED97G56LA","Indonesia,South Korea",245.145,"OLED",228,"Available",5.5,96.5135865,"97.0"
167009,"LG","OLED97M5PSA","Indonesia,South Korea",245.145,"OLED",253,"Available",5,96.5135865,"97.0"
167010,"LG","OLED97M56LA","Indonesia,South Korea",245.145,"OLED",253,"Available",5,96.5135865,"97.0"
167016,"SAMSUNG ELECTRONICS","UA43TU8000W","Vietnam",107.95,"LCD (LED)",69,"Available",4,42.499915,"43.0"
167016,"SAMSUNG ELECTRONICS","UA43TU8000S","Vietnam",107.95,"LCD (LED)",69,"Available",4,42.499915,"43.0"
167016,"SAMSUNG ELECTRONICS","UA43TU8500S","Vietnam",107.95,"LCD (LED)",69,"Available",4,42.499915,"43.0"
167016,"SAMSUNG ELECTRONICS","UA43TU8000","Vietnam",107.95,"LCD (LED)",69,"Available",4,42.499915,"43.0"
167018,"SAMSUNG ELECTRONICS","UA75TU8000W","Vietnam",189.579,"LCD (LED)",154,"Available",5,74.6372523,"75.0"
167018,"SAMSUNG ELECTRONICS","UA75TU8000S","Vietnam",189.579,"LCD (LED)",154,"Available",5,74.6372523,"75.0"
167018,"SAMSUNG ELECTRONICS","UA75TU8000","Vietnam",189.579,"LCD (LED)",154,"Available",5,74.6372523,"75.0"
167019,"SAMSUNG","QA65LS03FWW","Vietnam",163.897,"LCD (LED)",154,"Available",4,64.5262489,"65.0"
167019,"SAMSUNG","QA65LS03FWS","Vietnam",163.897,"LCD (LED)",154,"Available",4,64.5262489,"65.0"
167019,"SAMSUNG","QA65LS03FW*","Vietnam",163.897,"LCD (LED)",154,"Available",4,64.5262489,"65.0"
167021,"SAMSUNG","QA83S95FAE","Vietnam",209.585,"LCD (LED)",248,"Available",4,82.5136145,"83.0"
167024,"SAMSUNG","QA85Q8FAAW","Vietnam",214.783,"LCD (LED)",196,"Available",5,84.5600671,"85.0"
167024,"SAMSUNG","QA85Q8FAAS","Vietnam",214.783,"LCD (LED)",196,"Available",5,84.5600671,"85.0"
167024,"SAMSUNG","QA85Q8F5AW","Vietnam",214.783,"LCD (LED)",196,"Available",5,84.5600671,"85.0"
167024,"SAMSUNG","QA85Q8F*A*","Vietnam",214.783,"LCD (LED)",196,"Available",5,84.5600671,"85.0"
167025,"SAMSUNG","QA75Q8FAAW","Vietnam",189.338,"LCD (LED)",181,"Available",4.5,74.5423706,"75.0"
167025,"SAMSUNG","QA75Q8FAAS","Vietnam",189.338,"LCD (LED)",181,"Available",4.5,74.5423706,"75.0"
167025,"SAMSUNG","QA75Q8F5AW","Vietnam",189.338,"LCD (LED)",181,"Available",4.5,74.5423706,"75.0"
167025,"SAMSUNG","QA75Q8F*A*","Vietnam",189.338,"LCD (LED)",181,"Available",4.5,74.5423706,"75.0"
167027,"SAMSUNG","QA65Q8FAAW","Vietnam",163.897,"LCD (LED)",122,"Available",5,64.5262489,"65.0"
167027,"SAMSUNG","QA65Q8FAAS","Vietnam",163.897,"LCD (LED)",122,"Available",5,64.5262489,"65.0"
167027,"SAMSUNG","QA65Q8F5AW","Vietnam",163.897,"LCD (LED)",122,"Available",5,64.5262489,"65.0"
167027,"SAMSUNG","QA65Q8F*A*","Vietnam",163.897,"LCD (LED)",122,"Available",5,64.5262489,"65.0"
167029,"SAMSUNG","QA55Q8FAAW","Vietnam",138.783,"LCD (LED)",79,"Available",5.5,54.63886709999999,"55.0"
167029,"SAMSUNG","QA55Q8FAAS","Vietnam",138.783,"LCD (LED)",79,"Available",5.5,54.63886709999999,"55.0"
167029,"SAMSUNG","QA55Q8F5AW","Vietnam",138.783,"LCD (LED)",79,"Available",5.5,54.63886709999999,"55.0"
167029,"SAMSUNG","QA55Q8F*A*","Vietnam",138.783,"LCD (LED)",79,"Available",5.5,54.63886709999999,"55.0"
167031,"SAMSUNG","QA50Q8FAAW","Vietnam",125.727,"LCD (LED)",75,"Available",5,49.4987199,"50.0"
167031,"SAMSUNG","QA50Q8FAAS","Vietnam",125.727,"LCD (LED)",75,"Available",5,49.4987199,"50.0"
167031,"SAMSUNG","QA50Q8F5AW","Vietnam",125.727,"LCD (LED)",75,"Available",5,49.4987199,"50.0"
167031,"SAMSUNG","QA50Q8F*A*","Vietnam",125.727,"LCD (LED)",75,"Available",5,49.4987199,"50.0"
167032,"SAMSUNG","QA43Q8FAAW","Vietnam",107.987,"LCD (LED)",68,"Available",4,42.5144819,"43.0"
167032,"SAMSUNG","QA43Q8FAAS","Vietnam",107.987,"LCD (LED)",68,"Available",4,42.5144819,"43.0"
167032,"SAMSUNG","QA43Q8F5AW","Vietnam",107.987,"LCD (LED)",68,"Available",4,42.5144819,"43.0"
167032,"SAMSUNG","QA43Q8F*A*","Vietnam",107.987,"LCD (LED)",68,"Available",4,42.5144819,"43.0"
167174,"SONY","K-98XR50","China",247.691,"LCD (LED)",356.4,"Available",3.5,97.5159467,"98.0"
167179,"SAMSUNG","QA55QN80FAW","Vietnam",138.783,"LCD (LED)",107,"Available",4,54.63886709999999,"55.0"
167179,"SAMSUNG","QA55QN80FAS","Vietnam",138.783,"LCD (LED)",107,"Available",4,54.63886709999999,"55.0"
167179,"SAMSUNG","QA55QN80FA*","Vietnam",138.783,"LCD (LED)",107,"Available",4,54.63886709999999,"55.0"
167181,"SAMSUNG","QA50QN80FAW","Vietnam",127.225,"LCD (LED)",100,"Available",4,50.0884825,"50.0"
167181,"SAMSUNG","QA50QN80FAS","Vietnam",127.225,"LCD (LED)",100,"Available",4,50.0884825,"50.0"
167181,"SAMSUNG","QA50QN80FA*","Vietnam",127.225,"LCD (LED)",100,"Available",4,50.0884825,"50.0"
167182,"SAMSUNG","QA75QN80FAW","Vietnam",189.338,"LCD (LED)",204,"Available",4,74.5423706,"75.0"
167182,"SAMSUNG","QA75QN80FAS","Vietnam",189.338,"LCD (LED)",204,"Available",4,74.5423706,"75.0"
167182,"SAMSUNG","QA75QN80FA*","Vietnam",189.338,"LCD (LED)",204,"Available",4,74.5423706,"75.0"
167183,"SAMSUNG","QA85QN80FAW","Vietnam",214.783,"LCD (LED)",248,"Available",4,84.5600671,"85.0"
167183,"SAMSUNG","QA85QN80FAS","Vietnam",214.783,"LCD (LED)",248,"Available",4,84.5600671,"85.0"
167183,"SAMSUNG","QA85QN80FA*","Vietnam",214.783,"LCD (LED)",248,"Available",4,84.5600671,"85.0"
167194,"LG","100QNED86A6","South Korea,Indonesia",252.784,"LCD (LED)",260,"Available",5.5,99.5210608,"100.0"
167202,"LG","100QNED86AS","Indonesia,South Korea",252.784,"LCD (LED)",260,"Available",5.5,99.5210608,"100.0"
167213,"SAMSUNG","UA43UE100FS","Vietnam",107.987,"LCD (LED)",68,"Available",4,42.5144819,"43.0"
167213,"SAMSUNG","UA43U**00F*","Vietnam",107.987,"LCD (LED)",68,"Available",4,42.5144819,"43.0"
167213,"SAMSUNG","UA43U8000FW","Vietnam",107.987,"LCD (LED)",68,"Available",4,42.5144819,"43.0"
167213,"SAMSUNG","UA43U8000FS","Vietnam",107.987,"LCD (LED)",68,"Available",4,42.5144819,"43.0"
167213,"SAMSUNG","UA43U8500FW","Vietnam",107.987,"LCD (LED)",68,"Available",4,42.5144819,"43.0"
167213,"SAMSUNG","UA43U8500FS","Vietnam",107.987,"LCD (LED)",68,"Available",4,42.5144819,"43.0"
167216,"SAMSUNG","UA50U8000FW","Vietnam",125.727,"LCD (LED)",71,"Available",5,49.4987199,"50.0"
167216,"SAMSUNG","UA50U8000FS","Vietnam",125.727,"LCD (LED)",71,"Available",5,49.4987199,"50.0"
167216,"SAMSUNG","UA50U8500FW","Vietnam",125.727,"LCD (LED)",71,"Available",5,49.4987199,"50.0"
167216,"SAMSUNG","UA50U8500FS","Vietnam",125.727,"LCD (LED)",71,"Available",5,49.4987199,"50.0"
167216,"SAMSUNG","UA50UE100FS","Vietnam",125.727,"LCD (LED)",71,"Available",5,49.4987199,"50.0"
167216,"SAMSUNG","UA50U**00F*","Vietnam",125.727,"LCD (LED)",71,"Available",5,49.4987199,"50.0"
167228,"SAMSUNG","UA55U8500FW","Vietnam",138.783,"LCD (LED)",79,"Available",5.5,54.63886709999999,"55.0"
167228,"SAMSUNG","UA55U8500FS","Vietnam",138.783,"LCD (LED)",79,"Available",5.5,54.63886709999999,"55.0"
167228,"SAMSUNG","UA55UE100FS","Vietnam",138.783,"LCD (LED)",79,"Available",5.5,54.63886709999999,"55.0"
167228,"SAMSUNG","UA55U**00F*","Vietnam",138.783,"LCD (LED)",79,"Available",5.5,54.63886709999999,"55.0"
167228,"SAMSUNG","UA55U8000FW","Vietnam",138.783,"LCD (LED)",79,"Available",5.5,54.63886709999999,"55.0"
167228,"SAMSUNG","UA55U8000FS","Vietnam",138.783,"LCD (LED)",79,"Available",5.5,54.63886709999999,"55.0"
167230,"SAMSUNG","UA65UE100FS","Vietnam",163.897,"LCD (LED)",113,"Available",5.5,64.5262489,"65.0"
167230,"SAMSUNG","UA65U**00F*","Vietnam",163.897,"LCD (LED)",113,"Available",5.5,64.5262489,"65.0"
167230,"SAMSUNG","UA65U8000FW","Vietnam",163.897,"LCD (LED)",113,"Available",5.5,64.5262489,"65.0"
167230,"SAMSUNG","UA65U8000FS","Vietnam",163.897,"LCD (LED)",113,"Available",5.5,64.5262489,"65.0"
167230,"SAMSUNG","UA65U8500FW","Vietnam",163.897,"LCD (LED)",113,"Available",5.5,64.5262489,"65.0"
167230,"SAMSUNG","UA65U8500FS","Vietnam",163.897,"LCD (LED)",113,"Available",5.5,64.5262489,"65.0"
167231,"SAMSUNG","UA75U8000FW","Vietnam",189.338,"LCD (LED)",136,"Available",5.5,74.5423706,"75.0"
167231,"SAMSUNG","UA75U8000FS","Vietnam",189.338,"LCD (LED)",136,"Available",5.5,74.5423706,"75.0"
167231,"SAMSUNG","UA75U8500FW","Vietnam",189.338,"LCD (LED)",136,"Available",5.5,74.5423706,"75.0"
167231,"SAMSUNG","UA75U8500FS","Vietnam",189.338,"LCD (LED)",136,"Available",5.5,74.5423706,"75.0"
167231,"SAMSUNG","UA75UE100FS","Vietnam",189.338,"LCD (LED)",136,"Available",5.5,74.5423706,"75.0"
167231,"SAMSUNG","UA75U**00F*","Vietnam",189.338,"LCD (LED)",136,"Available",5.5,74.5423706,"75.0"
167232,"SAMSUNG","UA85UE100FS","Vietnam",214.783,"LCD (LED)",142,"Available",6,84.5600671,"85.0"
167232,"SAMSUNG","UA85U**00F*","Vietnam",214.783,"LCD (LED)",142,"Available",6,84.5600671,"85.0"
167232,"SAMSUNG","UA85U8000FW","Vietnam",214.783,"LCD (LED)",142,"Available",6,84.5600671,"85.0"
167232,"SAMSUNG","UA85U8000FS","Vietnam",214.783,"LCD (LED)",142,"Available",6,84.5600671,"85.0"
167232,"SAMSUNG","UA85U8500FW","Vietnam",214.783,"LCD (LED)",142,"Available",6,84.5600671,"85.0"
167232,"SAMSUNG","UA85U8500FS","Vietnam",214.783,"LCD (LED)",142,"Available",6,84.5600671,"85.0"
167235,"SAMSUNG","QA55QN85FAW","Vietnam",138.783,"LCD (LED)",111,"Available",4,54.63886709999999,"55.0"
167235,"SAMSUNG","QA55QN85FAS","Vietnam",138.783,"LCD (LED)",111,"Available",4,54.63886709999999,"55.0"
167235,"SAMSUNG","QA55QN85FA*","Vietnam",138.783,"LCD (LED)",111,"Available",4,54.63886709999999,"55.0"
167238,"SKYWORTH","24LP60G","China",60.469,"LCD (LED)",16.33,"Available",5.5,23.8066453,"24.0"
167239,"SAMSUNG","QA65QN85FAW","Vietnam",163.897,"LCD (LED)",140,"Available",4.5,64.5262489,"65.0"
167239,"SAMSUNG","QA65QN85FAS","Vietnam",163.897,"LCD (LED)",140,"Available",4.5,64.5262489,"65.0"
167239,"SAMSUNG","QA65QN85FA*","Vietnam",163.897,"LCD (LED)",140,"Available",4.5,64.5262489,"65.0"
167240,"SAMSUNG","QA75QN85FAW","Vietnam",189.338,"LCD (LED)",166,"Available",5,74.5423706,"75.0"
167240,"SAMSUNG","QA75QN85FAS","Vietnam",189.338,"LCD (LED)",166,"Available",5,74.5423706,"75.0"
167240,"SAMSUNG","QA75QN85FA*","Vietnam",189.338,"LCD (LED)",166,"Available",5,74.5423706,"75.0"
167242,"SAMSUNG","QA85QN85FAW","Vietnam",214.783,"LCD (LED)",211,"Available",5,84.5600671,"85.0"
167242,"SAMSUNG","QA85QN85FAS","Vietnam",214.783,"LCD (LED)",211,"Available",5,84.5600671,"85.0"
167242,"SAMSUNG","QA85QN85FA*","Vietnam",214.783,"LCD (LED)",211,"Available",5,84.5600671,"85.0"
167244,"SAMSUNG","QA50LS03FAW","Vietnam",125.727,"LCD (LED)",92,"Available",4,49.4987199,"50.0"
167244,"SAMSUNG","QA50LS03FAS","Vietnam",125.727,"LCD (LED)",92,"Available",4,49.4987199,"50.0"
167244,"SAMSUNG","QA50LS03FA*","Vietnam",125.727,"LCD (LED)",92,"Available",4,49.4987199,"50.0"
167245,"SAMSUNG","QA65LS03FAW","Vietnam",163.897,"LCD (LED)",153,"Available",4,64.5262489,"65.0"
167247,"SAMSUNG","QA75LS03FWW","Vietnam",189.338,"LCD (LED)",189,"Available",4,74.5423706,"75.0"
167247,"SAMSUNG","QA75LS03FWS","Vietnam",189.338,"LCD (LED)",189,"Available",4,74.5423706,"75.0"
167247,"SAMSUNG","QA75LS03FW*","Vietnam",189.338,"LCD (LED)",189,"Available",4,74.5423706,"75.0"
167249,"SAMSUNG","QA85LS03FWW","Vietnam",214.783,"LCD (LED)",220,"Available",4.5,84.5600671,"85.0"
167249,"SAMSUNG","QA85LS03FWS","Vietnam",214.783,"LCD (LED)",220,"Available",4.5,84.5600671,"85.0"
167249,"SAMSUNG","QA85LS03FW*","Vietnam",214.783,"LCD (LED)",220,"Available",4.5,84.5600671,"85.0"
167250,"SAMSUNG","QA50QN90FAW","Vietnam",125.727,"LCD (LED)",77,"Available",5,49.4987199,"50.0"
167250,"SAMSUNG","QA50QN90FAS","Vietnam",125.727,"LCD (LED)",77,"Available",5,49.4987199,"50.0"
167250,"SAMSUNG","QA50QN90FA*","Vietnam",125.727,"LCD (LED)",77,"Available",5,49.4987199,"50.0"
167265,"Monster","MT24HDNFB","China",59.827,"LCD (LED)",15.38,"Available",6,23.553889899999998,"24.0"
167317,"Monster","MT32HDNFB","China",80.043,"LCD (LED)",15.87,"Available",8,31.5129291,"32.0"
167343,"SAMSUNG","QA55Q7FAAW","Vietnam",138.783,"LCD (LED)",84,"Available",5,54.63886709999999,"55.0"
167343,"SAMSUNG","QA55Q7FAAS","Vietnam",138.783,"LCD (LED)",84,"Available",5,54.63886709999999,"55.0"
167343,"SAMSUNG","QA55Q7F5AW","Vietnam",138.783,"LCD (LED)",84,"Available",5,54.63886709999999,"55.0"
167343,"SAMSUNG","QA55Q7F5AS","Vietnam",138.783,"LCD (LED)",84,"Available",5,54.63886709999999,"55.0"
167343,"SAMSUNG","QA55QEF1AW","Vietnam",138.783,"LCD (LED)",84,"Available",5,54.63886709999999,"55.0"
167343,"SAMSUNG","QA55QEF1AS","Vietnam",138.783,"LCD (LED)",84,"Available",5,54.63886709999999,"55.0"
167343,"SAMSUNG","55Q7F","Vietnam",138.783,"LCD (LED)",84,"Available",5,54.63886709999999,"55.0"
167356,"SAMSUNG","QA65Q7FAAW","Vietnam",163.897,"LCD (LED)",117,"Available",5,64.5262489,"65.0"
167356,"SAMSUNG","QA65Q7FAAS","Vietnam",163.897,"LCD (LED)",117,"Available",5,64.5262489,"65.0"
167356,"SAMSUNG","QA65Q7F5AW","Vietnam",163.897,"LCD (LED)",117,"Available",5,64.5262489,"65.0"
167356,"SAMSUNG","QA65Q7F5AS","Vietnam",163.897,"LCD (LED)",117,"Available",5,64.5262489,"65.0"
167356,"SAMSUNG","QA65QEF1AW","Vietnam",163.897,"LCD (LED)",117,"Available",5,64.5262489,"65.0"
167356,"SAMSUNG","QA65QEF1AS","Vietnam",163.897,"LCD (LED)",117,"Available",5,64.5262489,"65.0"
167356,"SAMSUNG","QA65Q*F SERIES","Vietnam",163.897,"LCD (LED)",117,"Available",5,64.5262489,"65.0"
167370,"SAMSUNG","QA75Q7FAAW","Vietnam",189.338,"LCD (LED)",143,"Available",5.5,74.5423706,"75.0"
167370,"SAMSUNG","QA75Q7FAAS","Vietnam",189.338,"LCD (LED)",143,"Available",5.5,74.5423706,"75.0"
167370,"SAMSUNG","QA75Q7F5AW","Vietnam",189.338,"LCD (LED)",143,"Available",5.5,74.5423706,"75.0"
167370,"SAMSUNG","QA75Q7F5AS","Vietnam",189.338,"LCD (LED)",143,"Available",5.5,74.5423706,"75.0"
167370,"SAMSUNG","QA75QEF1AW","Vietnam",189.338,"LCD (LED)",143,"Available",5.5,74.5423706,"75.0"
167370,"SAMSUNG","QA75QEF1AS","Vietnam",189.338,"LCD (LED)",143,"Available",5.5,74.5423706,"75.0"
167370,"SAMSUNG","QA75Q*F SERIES","Vietnam",189.338,"LCD (LED)",143,"Available",5.5,74.5423706,"75.0"
167371,"SAMSUNG","QA85Q7FAAW","Vietnam",214.783,"LCD (LED)",187,"Available",5.5,84.5600671,"85.0"
167371,"SAMSUNG","QA85Q7FAAS","Vietnam",214.783,"LCD (LED)",187,"Available",5.5,84.5600671,"85.0"
167371,"SAMSUNG","QA85Q7F5AW","Vietnam",214.783,"LCD (LED)",187,"Available",5.5,84.5600671,"85.0"
167371,"SAMSUNG","QA85Q7F5AS","Vietnam",214.783,"LCD (LED)",187,"Available",5.5,84.5600671,"85.0"
167371,"SAMSUNG","QA85QEF1AW","Vietnam",214.783,"LCD (LED)",187,"Available",5.5,84.5600671,"85.0"
167371,"SAMSUNG","QA85QEF1AS","Vietnam",214.783,"LCD (LED)",187,"Available",5.5,84.5600671,"85.0"
167371,"SAMSUNG","85Q7F","Vietnam",214.783,"LCD (LED)",187,"Available",5.5,84.5600671,"85.0"
167372,"SAMSUNG","QA100QN80FW","Vietnam",252.784,"LCD (LED)",282,"Available",5,99.5210608,"100.0"
167372,"SAMSUNG","QA100QN80FS","Vietnam",252.784,"LCD (LED)",282,"Available",5,99.5210608,"100.0"
167372,"SAMSUNG","QA100QN80F*","Vietnam",252.784,"LCD (LED)",282,"Available",5,99.5210608,"100.0"
167411,"AIWA","AWS550G","China",138.783,"LCD (LED)",65.43,"Available",6,54.63886709999999,"55.0"
167414,"LG","55UA7350PSB","China,Vietnam",138.783,"LCD (LED)",91,"Available",5,54.63886709999999,"55.0"
167429,"LG","50UA7350PSB","China,Vietnam",125.727,"LCD (LED)",81,"Available",4.5,49.4987199,"50.0"
167430,"LG","86UA8450PSA","China,Vietnam",217.425,"LCD (LED)",155,"Available",6,85.6002225,"86.0"
167431,"LG","43UA7350PSB","China,Vietnam",107.987,"LCD (LED)",66,"Available",4.5,42.5144819,"43.0"
167432,"LG","75UA8450PSA","China,Vietnam",189.275,"LCD (LED)",137,"Available",5.5,74.5175675,"75.0"
167433,"LG","65UA7350PSB","China,Vietnam",163.897,"LCD (LED)",115,"Available",5,64.5262489,"65.0"
167434,"LG","50QNED80ASA","Indonesia,South Korea",125.727,"LCD (LED)",68,"Available",5.5,49.4987199,"50.0"
167435,"LG","75QNED86A6A","Indonesia,South Korea",189.275,"LCD (LED)",106,"Available",7,74.5175675,"75.0"
167437,"EMETE","EME-5501TE","China",138.798,"LCD (LED)",104.8,"Available",4,54.6447726,"55.0"
167437,"EMETE","EME-5502TE","China",138.798,"LCD (LED)",104.8,"Available",4,54.6447726,"55.0"
167437,"EMETE","EME-5503TE","China",138.798,"LCD (LED)",104.8,"Available",4,54.6447726,"55.0"
167437,"EMETE","EME-5504TE","China",138.798,"LCD (LED)",104.8,"Available",4,54.6447726,"55.0"
167437,"EMETE","EME-5505TE","China",138.798,"LCD (LED)",104.8,"Available",4,54.6447726,"55.0"
167437,"EMETE","EME-5506TE","China",138.798,"LCD (LED)",104.8,"Available",4,54.6447726,"55.0"
167437,"EMETE","EME-5507TE","China",138.798,"LCD (LED)",104.8,"Available",4,54.6447726,"55.0"
167437,"EMETE","EME-5508TE","China",138.798,"LCD (LED)",104.8,"Available",4,54.6447726,"55.0"
167437,"EMETE","EME-5509TE","China",138.798,"LCD (LED)",104.8,"Available",4,54.6447726,"55.0"
167437,"EMETE","EME-5510TE","China",138.798,"LCD (LED)",104.8,"Available",4,54.6447726,"55.0"
167437,"EMETE","EME-55XXTE","China",138.798,"LCD (LED)",104.8,"Available",4,54.6447726,"55.0"
167438,"EMETE","EME-6501TE","China",163.878,"LCD (LED)",110.08,"Available",5.5,64.51876859999999,"65.0"
167438,"EMETE","EME-6502TE","China",163.878,"LCD (LED)",110.08,"Available",5.5,64.51876859999999,"65.0"
167438,"EMETE","EME-6503TE","China",163.878,"LCD (LED)",110.08,"Available",5.5,64.51876859999999,"65.0"
167438,"EMETE","EME-6504TE","China",163.878,"LCD (LED)",110.08,"Available",5.5,64.51876859999999,"65.0"
167438,"EMETE","EME-6505TE","China",163.878,"LCD (LED)",110.08,"Available",5.5,64.51876859999999,"65.0"
167438,"EMETE","EME-6506TE","China",163.878,"LCD (LED)",110.08,"Available",5.5,64.51876859999999,"65.0"
167438,"EMETE","EME-6507TE","China",163.878,"LCD (LED)",110.08,"Available",5.5,64.51876859999999,"65.0"
167438,"EMETE","EME-6508TE","China",163.878,"LCD (LED)",110.08,"Available",5.5,64.51876859999999,"65.0"
167438,"EMETE","EME-6509TE","China",163.878,"LCD (LED)",110.08,"Available",5.5,64.51876859999999,"65.0"
167438,"EMETE","EME-6510TE","China",163.878,"LCD (LED)",110.08,"Available",5.5,64.51876859999999,"65.0"
167438,"EMETE","EME-65XXTE","China",163.878,"LCD (LED)",110.08,"Available",5.5,64.51876859999999,"65.0"
167439,"EMETE","EME-7501TE","China",189.275,"LCD (LED)",175.6,"Available",4.5,74.5175675,"75.0"
167439,"EMETE","EME-7502TE","China",189.275,"LCD (LED)",175.6,"Available",4.5,74.5175675,"75.0"
167439,"EMETE","EME-7503TE","China",189.275,"LCD (LED)",175.6,"Available",4.5,74.5175675,"75.0"
167439,"EMETE","EME-7504TE","China",189.275,"LCD (LED)",175.6,"Available",4.5,74.5175675,"75.0"
167439,"EMETE","EME-7505TE","China",189.275,"LCD (LED)",175.6,"Available",4.5,74.5175675,"75.0"
167439,"EMETE","EME-7506TE","China",189.275,"LCD (LED)",175.6,"Available",4.5,74.5175675,"75.0"
167439,"EMETE","EME-7507TE","China",189.275,"LCD (LED)",175.6,"Available",4.5,74.5175675,"75.0"
167439,"EMETE","EME-7508TE","China",189.275,"LCD (LED)",175.6,"Available",4.5,74.5175675,"75.0"
167439,"EMETE","EME-7509TE","China",189.275,"LCD (LED)",175.6,"Available",4.5,74.5175675,"75.0"
167439,"EMETE","EME-7510TE","China",189.275,"LCD (LED)",175.6,"Available",4.5,74.5175675,"75.0"
167439,"EMETE","EME-75XXTE","China",189.275,"LCD (LED)",175.6,"Available",4.5,74.5175675,"75.0"
167440,"EMETE","EME-8501TE","China",214.783,"LCD (LED)",199.69,"Available",5,84.5600671,"85.0"
167440,"EMETE","EME-8502TE","China",214.783,"LCD (LED)",199.69,"Available",5,84.5600671,"85.0"
167440,"EMETE","EME-8503TE","China",214.783,"LCD (LED)",199.69,"Available",5,84.5600671,"85.0"
167440,"EMETE","EME-8504TE","China",214.783,"LCD (LED)",199.69,"Available",5,84.5600671,"85.0"
167440,"EMETE","EME-8505TE","China",214.783,"LCD (LED)",199.69,"Available",5,84.5600671,"85.0"
167440,"EMETE","EME-8506TE","China",214.783,"LCD (LED)",199.69,"Available",5,84.5600671,"85.0"
167440,"EMETE","EME-8507TE","China",214.783,"LCD (LED)",199.69,"Available",5,84.5600671,"85.0"
167440,"EMETE","EME-8508TE","China",214.783,"LCD (LED)",199.69,"Available",5,84.5600671,"85.0"
167440,"EMETE","EME-8509TE","China",214.783,"LCD (LED)",199.69,"Available",5,84.5600671,"85.0"
167440,"EMETE","EME-8510TE","China",214.783,"LCD (LED)",199.69,"Available",5,84.5600671,"85.0"
167440,"EMETE","EME-85XXTE","China",214.783,"LCD (LED)",199.69,"Available",5,84.5600671,"85.0"
167441,"EMETE","EME-1001TE","China",252.784,"LCD (LED)",320,"Available",4,99.5210608,"100.0"
167441,"EMETE","EME-1002TE","China",252.784,"LCD (LED)",320,"Available",4,99.5210608,"100.0"
167441,"EMETE","EME-1003TE","China",252.784,"LCD (LED)",320,"Available",4,99.5210608,"100.0"
167441,"EMETE","EME-1004TE","China",252.784,"LCD (LED)",320,"Available",4,99.5210608,"100.0"
167441,"EMETE","EME-1005TE","China",252.784,"LCD (LED)",320,"Available",4,99.5210608,"100.0"
167441,"EMETE","EME-1006TE","China",252.784,"LCD (LED)",320,"Available",4,99.5210608,"100.0"
167441,"EMETE","EME-1007TE","China",252.784,"LCD (LED)",320,"Available",4,99.5210608,"100.0"
167441,"EMETE","EME-1008TE","China",252.784,"LCD (LED)",320,"Available",4,99.5210608,"100.0"
167441,"EMETE","EME-1009TE","China",252.784,"LCD (LED)",320,"Available",4,99.5210608,"100.0"
167441,"EMETE","EME-1010TE","China",252.784,"LCD (LED)",320,"Available",4,99.5210608,"100.0"
167441,"EMETE","EME-10XXTE","China",252.784,"LCD (LED)",320,"Available",4,99.5210608,"100.0"
167445,"BAUHN","ATV43FHDW-0325","China",109.465,"LCD",39.8,"Available",6,43.0963705,"43.0"
167555,"SAMSUNG","QA75QN990FW","Vietnam",189.338,"LCD (LED)",285,"Available",2.5,74.5423706,"75.0"
167555,"SAMSUNG","QA75QN990FS","Vietnam",189.338,"LCD (LED)",285,"Available",2.5,74.5423706,"75.0"
167555,"SAMSUNG","QA75QN990F*","Vietnam",189.338,"LCD (LED)",285,"Available",2.5,74.5423706,"75.0"
167556,"SAMSUNG","QA55QN1EFAW","Vietnam",138.783,"LCD (LED)",112,"Available",4,54.63886709999999,"55.0"
167556,"SAMSUNG","QA55QN1EFAS","Vietnam",138.783,"LCD (LED)",112,"Available",4,54.63886709999999,"55.0"
167556,"SAMSUNG","QA55QN1EFA*","Vietnam",138.783,"LCD (LED)",112,"Available",4,54.63886709999999,"55.0"
167558,"SAMSUNG","QA65QN1EFAW","Vietnam",163.897,"LCD (LED)",131,"Available",4.5,64.5262489,"65.0"
167558,"SAMSUNG","QA65QN1EFAS","Vietnam",163.897,"LCD (LED)",131,"Available",4.5,64.5262489,"65.0"
167558,"SAMSUNG","QA65QN1EFA*","Vietnam",163.897,"LCD (LED)",131,"Available",4.5,64.5262489,"65.0"
167559,"SAMSUNG","QA75QN1EFAW","Vietnam",189.338,"LCD (LED)",178,"Available",4.5,74.5423706,"75.0"
167559,"SAMSUNG","QA75QN1EFAS","Vietnam",189.338,"LCD (LED)",178,"Available",4.5,74.5423706,"75.0"
167559,"SAMSUNG","QA75QN1EFA*","Vietnam",189.338,"LCD (LED)",178,"Available",4.5,74.5423706,"75.0"
167560,"SAMSUNG","QA85QN1EFAW","Vietnam",214.783,"LCD (LED)",220,"Available",4.5,84.5600671,"85.0"
167560,"SAMSUNG","QA85QN1EFAS","Vietnam",214.783,"LCD (LED)",220,"Available",4.5,84.5600671,"85.0"
167560,"SAMSUNG","QA85QN1EFA*","Vietnam",214.783,"LCD (LED)",220,"Available",4.5,84.5600671,"85.0"
167604,"TCL","85P7K","China",214.783,"LCD (LED)",186.5,"Available",4.5,84.5600671,"85.0"
167634,"TCL","65C8K","China",163.829,"LCD (LED)",107.4,"Available",5,64.4994773,"65.0"
167635,"TCL","75C8K","China",189.306,"LCD (LED)",128.9,"Available",5.5,74.5297722,"75.0"
167637,"TCL","98C8K","China",247.604,"LCD (LED)",165.6,"Available",6,97.4816948,"98.0"
167651,"LG","OLED83B5PSA","Indonesia,South Korea",209.585,"OLED",151,"Available",6,82.5136145,"83.0"
167652,"LG","OLED83B56LA","Indonesia,South Korea",209.585,"OLED",151,"Available",6,82.5136145,"83.0"
167694,"TCL","75P7K","China",189.306,"LCD (LED)",104.7,"Available",6,74.5297722,"75.0"
167749,"Kogan","KALED55U95TA","China",138.783,"LCD (LED)",65.43,"Available",6,54.63886709999999,"55.0"
167751,"BLAUPUNKT","BP400FTS","China",100.335,"LCD",59.75,"Available",4,39.5018895,"40.0"
167753,"EKO","K40FST","China",100.335,"LCD",59.75,"Available",4,39.5018895,"40.0"
167783,"LG","65UA8450PSA","Indonesia,South Korea",163.897,"LCD (LED)",118,"Available",5,64.5262489,"65.0"
167795,"LG","65QNED93ASA","China",163.896,"LCD (LED)",159.1,"Available",3,64.5258552,"65.0"
167795,"LG","65QNED93A6A","China",163.896,"LCD (LED)",159.1,"Available",3,64.5258552,"65.0"
167795,"LG","65QNED92A6A","China",163.896,"LCD (LED)",159.1,"Available",3,64.5258552,"65.0"
167795,"LG","65QNED92ASA","China",163.896,"LCD (LED)",159.1,"Available",3,64.5258552,"65.0"
167795,"LG","65QNED92AUA","China",163.896,"LCD (LED)",159.1,"Available",3,64.5258552,"65.0"
167795,"LG","65QNED93AKA","China",163.896,"LCD (LED)",159.1,"Available",3,64.5258552,"65.0"
167795,"LG","65QNED9#### (# can be A-Z, 0-9 or ""-"" or ""."" or blank)","China",163.896,"LCD (LED)",159.1,"Available",3,64.5258552,"65.0"
167807,"Kogan","KAL24DH5400QA","China,Vietnam",59.816,"LCD (LED)",20.83,"Available",5,23.5495592,"24.0"
167807,"Kogan","KAL24DH5400QB","China,Vietnam",59.816,"LCD (LED)",20.83,"Available",5,23.5495592,"24.0"
167807,"Kogan","KAL24DH5400QC","China,Vietnam",59.816,"LCD (LED)",20.83,"Available",5,23.5495592,"24.0"
167807,"Kogan","KAL24DH5400QD","China,Vietnam",59.816,"LCD (LED)",20.83,"Available",5,23.5495592,"24.0"
167807,"Kogan","KAL24DH5400Q*","China,Vietnam",59.816,"LCD (LED)",20.83,"Available",5,23.5495592,"24.0"
167828,"LG","75QNED93ASA","China",189.34,"LCD (LED)",190.2,"Available",3.5,74.543158,"75.0"
167828,"LG","75QNED93A6A","China",189.34,"LCD (LED)",190.2,"Available",3.5,74.543158,"75.0"
167828,"LG","75QNED92A6A","China",189.34,"LCD (LED)",190.2,"Available",3.5,74.543158,"75.0"
167828,"LG","75QNED92ASA","China",189.34,"LCD (LED)",190.2,"Available",3.5,74.543158,"75.0"
167828,"LG","75QNED92AUA","China",189.34,"LCD (LED)",190.2,"Available",3.5,74.543158,"75.0"
167828,"LG","75QNED93AKA","China",189.34,"LCD (LED)",190.2,"Available",3.5,74.543158,"75.0"
167828,"LG","75QNED9#### (# can be A-Z, 0-9 or ""-"" or “.” or blank)","China",189.34,"LCD (LED)",190.2,"Available",3.5,74.543158,"75.0"
167832,"HISENSE","40A4QAU","China",100.332,"LCD (LED)",28.17,"Available",7,39.50070839999999,"40.0"
167832,"HISENSE","40A4QNZ","China",100.332,"LCD (LED)",28.17,"Available",7,39.50070839999999,"40.0"
167832,"HISENSE","40A4Q","China",100.332,"LCD (LED)",28.17,"Available",7,39.50070839999999,"40.0"
167833,"HISENSE","32A4QAU","China",80.039,"LCD (LED)",22.07,"Available",6,31.5113543,"32.0"
167833,"HISENSE","32A4QNZ","China",80.039,"LCD (LED)",22.07,"Available",6,31.5113543,"32.0"
167834,"HISENSE","43Q6QAU","China",107.95,"LCD (LED)",51.09,"Available",5,42.499915,"43.0"
167834,"HISENSE","43Q6QNZ","China",107.95,"LCD (LED)",51.09,"Available",5,42.499915,"43.0"
167834,"HISENSE","43Q6Q series","China",107.95,"LCD (LED)",51.09,"Available",5,42.499915,"43.0"
167835,"HISENSE","50Q6QAU","China",125.731,"LCD (LED)",59.02,"Available",5.5,49.5002947,"50.0"
167835,"HISENSE","50Q6QNZ","China",125.731,"LCD (LED)",59.02,"Available",5.5,49.5002947,"50.0"
167835,"HISENSE","50Q6Q series","China",125.731,"LCD (LED)",59.02,"Available",5.5,49.5002947,"50.0"
167836,"HISENSE","55Q6QAU","China",138.783,"LCD (LED)",62,"Available",6,54.63886709999999,"55.0"
167836,"HISENSE","55Q6QNZ","China",138.783,"LCD (LED)",62,"Available",6,54.63886709999999,"55.0"
167836,"HISENSE","55Q6Q series","China",138.783,"LCD (LED)",62,"Available",6,54.63886709999999,"55.0"
167837,"HISENSE","65Q6QAU","China",163.896,"LCD (LED)",98.86,"Available",5.5,64.5258552,"65.0"
167837,"HISENSE","65Q6QNZ","China",163.896,"LCD (LED)",98.86,"Available",5.5,64.5258552,"65.0"
167837,"HISENSE","65Q6Q series","China",163.896,"LCD (LED)",98.86,"Available",5.5,64.5258552,"65.0"
167838,"HISENSE","75Q6QAU","China",189.34,"LCD (LED)",117.04,"Available",6,74.543158,"75.0"
167838,"HISENSE","75Q6QNZ","China",189.34,"LCD (LED)",117.04,"Available",6,74.543158,"75.0"
167839,"HISENSE","85Q6QAU","China",214.783,"LCD (LED)",177.89,"Available",5.5,84.5600671,"85.0"
167839,"HISENSE","85Q6QNZ","China",214.783,"LCD (LED)",177.89,"Available",5.5,84.5600671,"85.0"
167839,"HISENSE","85Q6Q series","China",214.783,"LCD (LED)",177.89,"Available",5.5,84.5600671,"85.0"
167840,"HISENSE","65U7QAU","China",163.896,"LCD (LED)",115.94,"Available",5,64.5258552,"65.0"
167840,"HISENSE","65U7QNZ","China",163.896,"LCD (LED)",115.94,"Available",5,64.5258552,"65.0"
167840,"HISENSE","65U7Q series","China",163.896,"LCD (LED)",115.94,"Available",5,64.5258552,"65.0"
167841,"HISENSE","75U7QAU","China",189.34,"LCD (LED)",145.91,"Available",5,74.543158,"75.0"
167841,"HISENSE","75U7QNZ","China",189.34,"LCD (LED)",145.91,"Available",5,74.543158,"75.0"
167841,"HISENSE","75U7Q series","China",189.34,"LCD (LED)",145.91,"Available",5,74.543158,"75.0"
167842,"HISENSE","85U7QAU","China",214.783,"LCD (LED)",186.38,"Available",5,84.5600671,"85.0"
167842,"HISENSE","85U7QNZ","China",214.783,"LCD (LED)",186.38,"Available",5,84.5600671,"85.0"
167842,"HISENSE","85U7Q series","China",214.783,"LCD (LED)",186.38,"Available",5,84.5600671,"85.0"
167843,"HISENSE","100U7QAU","China",252.784,"LCD (LED)",222.34,"Available",5.5,99.5210608,"100.0"
167843,"HISENSE","100U7QNZ","China",252.784,"LCD (LED)",222.34,"Available",5.5,99.5210608,"100.0"
167843,"HISENSE","100U7Q series","China",252.784,"LCD (LED)",222.34,"Available",5.5,99.5210608,"100.0"
167844,"LG","85QNED93ASA","China",214.783,"LCD (LED)",225.8,"Available",4,84.5600671,"85.0"
167844,"LG","85QNED93A6A","China",214.783,"LCD (LED)",225.8,"Available",4,84.5600671,"85.0"
167844,"LG","85QNED92A6A","China",214.783,"LCD (LED)",225.8,"Available",4,84.5600671,"85.0"
167844,"LG","85QNED92ASA","China",214.783,"LCD (LED)",225.8,"Available",4,84.5600671,"85.0"
167844,"LG","85QNED92AUA","China",214.783,"LCD (LED)",225.8,"Available",4,84.5600671,"85.0"
167844,"LG","85QNED93AKA","China",214.783,"LCD (LED)",225.8,"Available",4,84.5600671,"85.0"
167844,"LG","85QNED9#### (# can be A-Z, 0-9 or ""-"" or ""."" or blank)","China",214.783,"LCD (LED)",225.8,"Available",4,84.5600671,"85.0"
167940,"EKO","K70USTW","China",176.538,"LCD (LED)",147.1,"Available",3.5,69.50301060000001,"70.0"
167969,"COOCAA","32E5500H","China",80.054,"LCD (LED)",24.3,"Available",6,31.5172598,"32.0"
168010,"JVC","LT-40NQ5155A","China",100.305,"LCD (LED)",32.46,"Available",6,39.4900785,"40.0"
168014,"JVC","AV-AQ405165A","China",107.863,"LCD (LED)",47.04,"Available",5.5,42.4656631,"43.0"
168014,"JVC","AV-JQ405155A","China",107.863,"LCD (LED)",47.04,"Available",5.5,42.4656631,"43.0"
168014,"JVC","LT-43NQ7155A","China",107.863,"LCD (LED)",47.04,"Available",5.5,42.4656631,"43.0"
168014,"JVC","AV-AQ405165A series","China",107.863,"LCD (LED)",47.04,"Available",5.5,42.4656631,"43.0"
168016,"JVC","AV-A557155A","China",138.798,"LCD (LED)",112.38,"Available",3.5,54.6447726,"55.0"
168016,"JVC","AV-J557155A","China",138.798,"LCD (LED)",112.38,"Available",3.5,54.6447726,"55.0"
168016,"JVC","LT-55N7155A","China",138.798,"LCD (LED)",112.38,"Available",3.5,54.6447726,"55.0"
168016,"JVC","LT-55N7165A","China",138.798,"LCD (LED)",112.38,"Available",3.5,54.6447726,"55.0"
168016,"JVC","AV-A557155A series","China",138.798,"LCD (LED)",112.38,"Available",3.5,54.6447726,"55.0"
168017,"JVC","AV-AE557155A","China",139.936,"LCD (LED)",75.48,"Available",5.5,55.0928032,"55.0"
168017,"JVC","AV-JE557165A","China",139.936,"LCD (LED)",75.48,"Available",5.5,55.0928032,"55.0"
168017,"JVC","LT-55NE7155A","China",139.936,"LCD (LED)",75.48,"Available",5.5,55.0928032,"55.0"
168017,"JVC","AV-AE557155A series","China",139.936,"LCD (LED)",75.48,"Available",5.5,55.0928032,"55.0"
168018,"JVC","AV-A657155A","China",163.829,"LCD (LED)",156.42,"Available",3.5,64.4994773,"65.0"
168018,"JVC","AV-J657155A","China",163.829,"LCD (LED)",156.42,"Available",3.5,64.4994773,"65.0"
168018,"JVC","LT-65N7165A","China",163.829,"LCD (LED)",156.42,"Available",3.5,64.4994773,"65.0"
168018,"JVC","AV-A657155A series","China",163.829,"LCD (LED)",156.42,"Available",3.5,64.4994773,"65.0"
168019,"JVC","AV-AE657155A","China",165.884,"LCD (LED)",107.58,"Available",5,65.3085308,"65.0"
168019,"JVC","AV-JE657165A","China",165.884,"LCD (LED)",107.58,"Available",5,65.3085308,"65.0"
168019,"JVC","LT-65NE7155A","China",165.884,"LCD (LED)",107.58,"Available",5,65.3085308,"65.0"
168019,"JVC","AV-AE657155A series","China",165.884,"LCD (LED)",107.58,"Available",5,65.3085308,"65.0"
168020,"EKO","K320HGPB","China",80.054,"LCD (LED)",32.4,"Available",5,31.5172598,"32.0"
168053,"Linsar","LS60UHDNF25","China",152.678,"LCD",86.09,"Available",6,60.1093286,"60.0"
168069,"AIWA","AWC400W","China",100.332,"LCD",33.1,"Available",6,39.50070839999999,"40.0"
168071,"PHILIPS","55PQT9020/79","China",138.783,"LCD (LED)",136.1,"Available",3,54.63886709999999,"55.0"
168094,"SAMSUNG","QA43Q7FAAW","Vietnam",107.987,"LCD (LED)",68,"Available",4,42.5144819,"43.0"
168094,"SAMSUNG","QA43Q7FAAS","Vietnam",107.987,"LCD (LED)",68,"Available",4,42.5144819,"43.0"
168094,"SAMSUNG","QA43QEF1AW","Vietnam",107.987,"LCD (LED)",68,"Available",4,42.5144819,"43.0"
168094,"SAMSUNG","QA43QEF1AS","Vietnam",107.987,"LCD (LED)",68,"Available",4,42.5144819,"43.0"
168094,"SAMSUNG","QA43Q*F SERIES","Vietnam",107.987,"LCD (LED)",68,"Available",4,42.5144819,"43.0"
168096,"SAMSUNG","QA50Q7FAAW","Vietnam",125.727,"LCD (LED)",79,"Available",4.5,49.4987199,"50.0"
168096,"SAMSUNG","QA50Q7FAAS","Vietnam",125.727,"LCD (LED)",79,"Available",4.5,49.4987199,"50.0"
168096,"SAMSUNG","QA50QEF1AW","Vietnam",125.727,"LCD (LED)",79,"Available",4.5,49.4987199,"50.0"
168096,"SAMSUNG","QA50QEF1AS","Vietnam",125.727,"LCD (LED)",79,"Available",4.5,49.4987199,"50.0"
168096,"SAMSUNG","QA50Q*F SERIES","Vietnam",125.727,"LCD (LED)",79,"Available",4.5,49.4987199,"50.0"
168114,"TCL","98C7K","China",247.604,"LCD (LED)",164,"Available",6,97.4816948,"98.0"
168232,"LG","55QNED70A6A","Indonesia,South Korea",138.783,"LCD (LED)",92,"Available",5,54.63886709999999,"55.0"
168233,"LG","55QNED70ASA","Indonesia,South Korea",138.783,"LCD (LED)",92,"Available",5,54.63886709999999,"55.0"
168234,"LG","65QNED70A6A","Indonesia,South Korea",163.897,"LCD (LED)",118,"Available",5,64.5262489,"65.0"
168235,"LG","65QNED70ASA","Indonesia,South Korea",163.897,"LCD (LED)",118,"Available",5,64.5262489,"65.0"
168244,"TOSHIBA","55Z670RP","China",138.783,"LCD (LED)",75.21,"Available",5.5,54.63886709999999,"55.0"
168245,"TOSHIBA","65Z670RP","China",163.896,"LCD (LED)",105.39,"Available",5.5,64.5258552,"65.0"
168246,"TOSHIBA","75Z670RP","China",189.34,"LCD (LED)",121.59,"Available",6,74.543158,"75.0"
168247,"TOSHIBA","85Z670RP","China",214.783,"LCD (LED)",171.81,"Available",5.5,84.5600671,"85.0"
168269,"SAMSUNG","QA55QN3EFAW","Vietnam",138.783,"LCD (LED)",113,"Available",4,54.63886709999999,"55.0"
168269,"SAMSUNG","QA55QN3EFAS","Vietnam",138.783,"LCD (LED)",113,"Available",4,54.63886709999999,"55.0"
168269,"SAMSUNG","QA55QN3EFA*","Vietnam",138.783,"LCD (LED)",113,"Available",4,54.63886709999999,"55.0"
168270,"SAMSUNG","QA65QN3EFAS","Vietnam",163.897,"LCD (LED)",136,"Available",4.5,64.5262489,"65.0"
168298,"PHILIPS","65OLED789/98","China",163.878,"OLED",122.5,"Available",4.5,64.51876859999999,"65.0"
168365,"PHILIPS","55OLED789/98","China",138.798,"OLED",97,"Available",4,54.6447726,"55.0"
168376,"SAMSUNG ELECTRONICS","QA65LST7TAW","Mexico",163.829,"LCD (LED)",271,"Available",1.5,64.4994773,"65.0"
168377,"SAMSUNG ELECTRONICS","QA75LST7TAW","Mexico",189.306,"LCD (LED)",340,"Available",1.5,74.5297722,"75.0"
168380,"BAUHN","ATV75UHDT-0725","China",189.34,"LCD",130.5,"Available",6,74.543158,"75.0"
168452,"FFALCON","FF43U65","China",107.95,"LCD (LED)",42.7,"Available",5.5,42.499915,"43.0"
168453,"FFALCON","FF50U65","China",125.638,"LCD (LED)",50,"Available",6,49.4636806,"50.0"
168454,"FFALCON","FF55U65","China",138.711,"LCD (LED)",64.3,"Available",6,54.6105207,"55.0"
168455,"FFALCON","FF65U65","China",163.829,"LCD (LED)",77.1,"Available",6,64.4994773,"65.0"
168456,"FFALCON","FF75U65","China",189.306,"LCD (LED)",97.2,"Available",6,74.5297722,"75.0"
168465,"HISENSE","55U7QAU","China",138.783,"LCD (LED)",92.78,"Available",4.5,54.63886709999999,"55.0"
168465,"HISENSE","55U7QNZ","China",138.783,"LCD (LED)",92.78,"Available",4.5,54.63886709999999,"55.0"
168520,"coocaa","55G6500H","China",138.783,"LCD (LED)",67.9,"Available",5.5,54.63886709999999,"55.0"
168672,"Samsung","QA98QN990FW","Vietnam",247.688,"LCD (LED)",358,"Available",3.5,97.51476559999999,"98.0"
168672,"Samsung","QA98QN990FS","Vietnam",247.688,"LCD (LED)",358,"Available",3.5,97.51476559999999,"98.0"
168672,"Samsung","QA98QN990F*","Vietnam",247.688,"LCD (LED)",358,"Available",3.5,97.51476559999999,"98.0"
168733,"KOGAN","KALED50U95VA","China",125.725,"LCD (LED)",60.48,"Available",5.5,49.4979325,"50.0"
168733,"KOGAN","KALED50U95VB","China",125.725,"LCD (LED)",60.48,"Available",5.5,49.4979325,"50.0"
168733,"KOGAN","KALED50U95VC","China",125.725,"LCD (LED)",60.48,"Available",5.5,49.4979325,"50.0"
168733,"KOGAN","KALED50U95V series","China",125.725,"LCD (LED)",60.48,"Available",5.5,49.4979325,"50.0"
168795,"TCL","85X11K","China",214.783,"LCD (LED)",239.2,"Available",3.5,84.5600671,"85.0"
168796,"TCL","115C7K","China",290.719,"LCD (LED)",280,"Available",6,114.4560703,"115.0"
168800,"TCL","32S5K","China",79.967,"LCD (LED)",25.4,"Available",5,31.4830079,"32.0"
168801,"TCL","40S5K","China",100.305,"LCD (LED)",30.3,"Available",6,39.4900785,"40.0"
168804,"SKYWORTH","SW55G4F","China",138.783,"LCD (LED)",64.3,"Available",6,54.63886709999999,"55.0"
168848,"LG","32LR655BPSA","Indonesia,South Korea",80.043,"LCD (LED)",30,"Available",5.5,31.5129291,"32.0"
168852,"HISENSE","65Q7QAU","China",163.896,"LCD (LED)",104.99,"Available",5.5,64.5258552,"65.0"
168852,"HISENSE","65Q7QNZ","China",163.896,"LCD (LED)",104.99,"Available",5.5,64.5258552,"65.0"
168852,"HISENSE","65Q7Q series","China",163.896,"LCD (LED)",104.99,"Available",5.5,64.5258552,"65.0"
168853,"HISENSE","75Q7QAU","China",189.34,"LCD (LED)",122.25,"Available",6,74.543158,"75.0"
168853,"HISENSE","75Q7QNZ","China",189.34,"LCD (LED)",122.25,"Available",6,74.543158,"75.0"
168853,"HISENSE","75Q7Q series","China",189.34,"LCD (LED)",122.25,"Available",6,74.543158,"75.0"
168854,"HISENSE","85Q7QAU","China",214.783,"LCD (LED)",175.06,"Available",5.5,84.5600671,"85.0"
168854,"HISENSE","85Q7QNZ","China",214.783,"LCD (LED)",175.06,"Available",5.5,84.5600671,"85.0"
168854,"HISENSE","85Q7Q series","China",214.783,"LCD (LED)",175.06,"Available",5.5,84.5600671,"85.0"
168855,"HISENSE","100Q7QAU","China",252.784,"LCD (LED)",238.44,"Available",5.5,99.5210608,"100.0"
168855,"HISENSE","100Q7QNZ","China",252.784,"LCD (LED)",238.44,"Available",5.5,99.5210608,"100.0"
168855,"HISENSE","100Q7Q series","China",252.784,"LCD (LED)",238.44,"Available",5.5,99.5210608,"100.0"
168867,"KOGAN","KAQL85WQ98GSVA","China",214.783,"LCD (LED)",216.3,"Available",4.5,84.5600671,"85.0"
168867,"KOGAN","KAQL85WQ98GSVB","China",214.783,"LCD (LED)",216.3,"Available",4.5,84.5600671,"85.0"
168867,"KOGAN","KAQL85WQ98GSVC","China",214.783,"LCD (LED)",216.3,"Available",4.5,84.5600671,"85.0"
168867,"KOGAN","KAQL85 series","China",214.783,"LCD (LED)",216.3,"Available",4.5,84.5600671,"85.0"
168888,"SVISION","SV500FTS","China",125.731,"LCD (LED)",47.9,"Available",6,49.5002947,"50.0"
168955,"ZEN TV","ZEN 3202","China",79.831,"LCD (LED)",35.97,"Available",4.5,31.4294647,"32.0"
168955,"ZEN TV","ZEN 3201","China",79.831,"LCD (LED)",35.97,"Available",4.5,31.4294647,"32.0"
168964,"ZEN TV","ZEN2401","China",60.934,"LCD",21.55,"Available",5,23.9897158,"24.0"
168984,"HISENSE","65U8QAU","China",163.896,"LCD (LED)",129.15,"Available",4.5,64.5258552,"65.0"
168984,"HISENSE","65U8QNZ","China",163.896,"LCD (LED)",129.15,"Available",4.5,64.5258552,"65.0"
168984,"HISENSE","65U8Q Series","China",163.896,"LCD (LED)",129.15,"Available",4.5,64.5258552,"65.0"
168985,"HISENSE","75U8QAU","China",189.34,"LCD (LED)",169.46,"Available",4.5,74.543158,"75.0"
168985,"HISENSE","75U8QNZ","China",189.34,"LCD (LED)",169.46,"Available",4.5,74.543158,"75.0"
168985,"HISENSE","75U8Q Series","China",189.34,"LCD (LED)",169.46,"Available",4.5,74.543158,"75.0"
168986,"HISENSE","85U8QAU","China",214.783,"LCD (LED)",191.41,"Available",5,84.5600671,"85.0"
168986,"HISENSE","85U8QNZ","China",214.783,"LCD (LED)",191.41,"Available",5,84.5600671,"85.0"
168986,"HISENSE","85U8Q","China",214.783,"LCD (LED)",191.41,"Available",5,84.5600671,"85.0"
169009,"LG","75QNED70A6A","Indonesia,South Korea",189.275,"LCD (LED)",165,"Available",5,74.5175675,"75.0"
169010,"LG","75QNED70ASA","Indonesia,South Korea",189.275,"LCD (LED)",165,"Available",5,74.5175675,"75.0"
169012,"CHiQ","U75M10F","China",189.34,"LCD",136.1,"Available",5.5,74.543158,"75.0"
169038,"AIWA","AWS650WG","China",163.896,"LCD (LED)",97.1,"Available",6,64.5258552,"65.0"
169048,"ZEN TV","ZEN 2402","China",59.54,"LCD",23.82,"Available",4.5,23.440898,"24.0"
169092,"TOSHIBA","65Z770RP","China",163.896,"LCD (LED)",128.56,"Available",4.5,64.5258552,"65.0"
169093,"TOSHIBA","75Z770RP","China",189.34,"LCD (LED)",137.3,"Available",5.5,74.543158,"75.0"
169094,"TOSHIBA","85Z770RP","China",214.783,"LCD (LED)",167.13,"Available",5.5,84.5600671,"85.0"
169104,"RCA","RT-24G01A","China",59.54,"LCD",23.89,"Available",4.5,23.440898,"24.0"
169114,"KOGAN","KAQL75WQ98GSVA","China",189.306,"LCD (LED)",130.8,"Available",5.5,74.5297722,"75.0"
169114,"KOGAN","KAQL75WQ98GSVB","China",189.306,"LCD (LED)",130.8,"Available",5.5,74.5297722,"75.0"
169114,"KOGAN","KAQL75WQ98GSVC","China",189.306,"LCD (LED)",130.8,"Available",5.5,74.5297722,"75.0"
169114,"KOGAN","KAQL75WQ98 series","China",189.306,"LCD (LED)",130.8,"Available",5.5,74.5297722,"75.0"
169165,"AKAI","AK40FHDZEN","China",100.337,"LCD (LED)",36.9,"Available",6,39.5026769,"40.0"
169168,"Kogan","KAQL75MQ8TA","China",189.34,"LCD (LED)",135.9,"Available",5.5,74.543158,"75.0"
169168,"Kogan","KAQL75MQ8TB","China",189.34,"LCD (LED)",135.9,"Available",5.5,74.543158,"75.0"
169168,"Kogan","KAQL75MQ8TC","China",189.34,"LCD (LED)",135.9,"Available",5.5,74.543158,"75.0"
169168,"Kogan","KAQL75MQ8TD","China",189.34,"LCD (LED)",135.9,"Available",5.5,74.543158,"75.0"
169168,"Kogan","LED (backlighting) TV","China",189.34,"LCD (LED)",135.9,"Available",5.5,74.543158,"75.0"
169168,"Kogan","KAQL75MQ8TE","China",189.34,"LCD (LED)",135.9,"Available",5.5,74.543158,"75.0"
169169,"SKYWORTH","85Q6600H","China",217.425,"LCD (LED)",181.9,"Available",5,85.6002225,"86.0"
169170,"Kogan","KAQL65MQ8TA","China",163.896,"LCD (LED)",109.1,"Available",5,64.5258552,"65.0"
169170,"Kogan","KAQL65MQ8TB","China",163.896,"LCD (LED)",109.1,"Available",5,64.5258552,"65.0"
169170,"Kogan","KAQL65MQ8TC","China",163.896,"LCD (LED)",109.1,"Available",5,64.5258552,"65.0"
169170,"Kogan","KAQL65MQ8TD","China",163.896,"LCD (LED)",109.1,"Available",5,64.5258552,"65.0"
169170,"Kogan","KAQL65MQ8TE","China",163.896,"LCD (LED)",109.1,"Available",5,64.5258552,"65.0"
169171,"coocaa","40E5500H","China",100.34,"LCD (LED)",32.9,"Available",6,39.503858,"40.0"
169172,"Veon","VNG3F55","China",138.783,"LCD (LED)",57.9,"Available",5.5,54.63886709999999,"55.0"
169172,"Veon","VNG3F5525","China",138.783,"LCD (LED)",57.9,"Available",5.5,54.63886709999999,"55.0"
169172,"Veon","VNG3F55 Serise","China",138.783,"LCD (LED)",57.9,"Available",5.5,54.63886709999999,"55.0"
169173,"SKYWORTH","40E5500H","China",100.342,"LCD (LED)",32.3,"Available",6,39.5046454,"40.0"
169174,"LG","32LR650BPSA","Indonesia,South Korea",80.043,"LCD (LED)",30,"Available",5.5,31.5129291,"32.0"
169197,"Kogan","KAQL55MQ8TA","China",138.783,"LCD (LED)",93.2,"Available",4.5,54.63886709999999,"55.0"
169197,"Kogan","KAQL55MQ8TB","China",138.783,"LCD (LED)",93.2,"Available",4.5,54.63886709999999,"55.0"
169197,"Kogan","KAQL55MQ8TC","China",138.783,"LCD (LED)",93.2,"Available",4.5,54.63886709999999,"55.0"
169197,"Kogan","KAQL55MQ8TD","China",138.783,"LCD (LED)",93.2,"Available",4.5,54.63886709999999,"55.0"
169197,"Kogan","KAQL55MQ8TE","China",138.783,"LCD (LED)",93.2,"Available",4.5,54.63886709999999,"55.0"
169203,"Linsar","LS24HDNFB","China",59.827,"LCD (LED)",15.38,"Available",6,23.553889899999998,"24.0"
169204,"Linsar","LS32HDNFB","China",80.043,"LCD (LED)",15.87,"Available",8,31.5129291,"32.0"
169283,"CHiQ","L40M10","China",100.332,"LCD (LED)",35.2,"Available",5.5,39.50070839999999,"40.0"
169285,"CHiQ","L32M10","China",80.039,"LCD (LED)",24.2,"Available",5.5,31.5113543,"32.0"
169286,"CHiQ","U65QM10","China",163.896,"LCD (LED)",136.6,"Available",4.5,64.5258552,"65.0"
169287,"CHiQ","U65M10F","China",163.896,"LCD (LED)",94.1,"Available",6,64.5258552,"65.0"
169288,"CHiQ","L40G5AU","China",100.305,"LCD (LED)",36.5,"Available",6,39.4900785,"40.0"
169300,"Panasonic","TV-55W95BGZ","China",138.798,"LCD (LED)",78.3,"Available",5,54.6447726,"55.0"
169302,"Panasonic","TV-65W95BGZ","China",163.897,"LCD (LED)",100.68,"Available",5.5,64.5262489,"65.0"
169305,"Panasonic","TV-75W95BGZ","China",189.306,"LCD (LED)",102.6,"Available",6,74.5297722,"75.0"
169306,"Panasonic","TV-85W95BGZ","China",214.783,"LCD (LED)",125.64,"Available",6,84.5600671,"85.0"
169310,"DGTEC","DG70UHDW22041","China",176.535,"LCD",108.294,"Available",6,69.5018295,"70.0"
169322,"AIWA","AWS400G2","China",100.332,"LCD (LED)",35.2,"Available",5.5,39.50070839999999,"40.0"
169326,"TOSHIBA","55C350RP","China",138.783,"LCD (LED)",63.29,"Available",6,54.63886709999999,"55.0"
169327,"TOSHIBA","65C350RP","China",163.896,"LCD (LED)",81.08,"Available",6,64.5258552,"65.0"
169328,"TOSHIBA","75C350RP","China",189.34,"LCD (LED)",87.19,"Available",7,74.543158,"75.0"
169329,"TOSHIBA","85C350RP","China",214.783,"LCD (LED)",155.84,"Available",6,84.5600671,"85.0"
169348,"Kogan","KALED55U95TB","China",138.783,"LCD (LED)",108.4,"Available",3.5,54.63886709999999,"55.0"
169348,"Kogan","KALED55U95TC","China",138.783,"LCD (LED)",108.4,"Available",3.5,54.63886709999999,"55.0"
169348,"Kogan","KALED55U95TD","China",138.783,"LCD (LED)",108.4,"Available",3.5,54.63886709999999,"55.0"
169348,"Kogan","KALED55U95TE","China",138.783,"LCD (LED)",108.4,"Available",3.5,54.63886709999999,"55.0"
169348,"Kogan","KALED55U95TF","China",138.783,"LCD (LED)",108.4,"Available",3.5,54.63886709999999,"55.0"
169349,"Kogan","KAQL32FQ9TA","China",80.039,"LCD (LED)",27.1,"Available",5.5,31.5113543,"32.0"
169349,"Kogan","KAQL32FQ9TB","China",80.039,"LCD (LED)",27.1,"Available",5.5,31.5113543,"32.0"
169349,"Kogan","KAQL32FQ9TC","China",80.039,"LCD (LED)",27.1,"Available",5.5,31.5113543,"32.0"
169349,"Kogan","KAQL32FQ9TD","China",80.039,"LCD (LED)",27.1,"Available",5.5,31.5113543,"32.0"
169349,"Kogan","KAQL32FQ9TE","China",80.039,"LCD (LED)",27.1,"Available",5.5,31.5113543,"32.0"
169352,"TCL","98X11K","China",247.604,"LCD (LED)",313.1,"Available",3.5,97.4816948,"98.0"
169374,"Samsung","QA55Q6FAAW","Vietnam",138.783,"LCD (LED)",78,"Available",5.5,54.63886709999999,"55.0"
169374,"Samsung","QA55Q6FAAS","Vietnam",138.783,"LCD (LED)",78,"Available",5.5,54.63886709999999,"55.0"
169374,"Samsung","QA55Q6FAA*","Vietnam",138.783,"LCD (LED)",78,"Available",5.5,54.63886709999999,"55.0"
169375,"Samsung","QA65Q6FAAW","Vietnam",163.897,"LCD (LED)",110,"Available",5.5,64.5262489,"65.0"
169375,"Samsung","QA65Q6FAAS","Vietnam",163.897,"LCD (LED)",110,"Available",5.5,64.5262489,"65.0"
169375,"Samsung","QA65Q6FAA*","Vietnam",163.897,"LCD (LED)",110,"Available",5.5,64.5262489,"65.0"
169376,"Samsung","QA75Q6FAAS","Vietnam",189.338,"LCD (LED)",134,"Available",5.5,74.5423706,"75.0"
169376,"Samsung","QA75Q6FAA*","Vietnam",189.338,"LCD (LED)",134,"Available",5.5,74.5423706,"75.0"
169376,"Samsung","QA75Q6FAAW","Vietnam",189.338,"LCD (LED)",134,"Available",5.5,74.5423706,"75.0"
169398,"KOGAN","KAOD55X98JSVA","China",138.711,"LCD (LED)",96.66,"Available",4,54.6105207,"55.0"
169398,"KOGAN","KAOD55X98JSVB","China",138.711,"LCD (LED)",96.66,"Available",4,54.6105207,"55.0"
169398,"KOGAN","KAOD55X98JSVC","China",138.711,"LCD (LED)",96.66,"Available",4,54.6105207,"55.0"
169398,"KOGAN","KAOD55X98JSV series","China",138.711,"LCD (LED)",96.66,"Available",4,54.6105207,"55.0"
169399,"KOGAN","KAOD65X98JSVA","China",163.829,"LCD (LED)",105.84,"Available",5,64.4994773,"65.0"
169399,"KOGAN","KAOD65X98JSVB","China",163.829,"LCD (LED)",105.84,"Available",5,64.4994773,"65.0"
169399,"KOGAN","KAOD65X98JSVC","China",163.829,"LCD (LED)",105.84,"Available",5,64.4994773,"65.0"
169399,"KOGAN","KAOD65X98JSV series","China",163.829,"LCD (LED)",105.84,"Available",5,64.4994773,"65.0"
169403,"FFALCON","FF32S55","China",79.967,"LCD (LED)",25.4,"Available",5,31.4830079,"32.0"
169404,"FFALCON","FF40S55","China",100.305,"LCD (LED)",30.3,"Available",6,39.4900785,"40.0"
169442,"Panasonic","TN-32S60BGZ","China",80.038,"LCD (LED)",21.68,"Available",6,31.510960599999997,"32.0"
169443,"Panasonic","TN-43S60BGZ","China",107.95,"LCD (LED)",35.67,"Available",6,42.499915,"43.0"
169453,"Samsung","BE50FX-H","Vietnam",125.727,"LCD (LED)",71,"Available",5,49.4987199,"50.0"
169463,"Samsung","BE43FX-H","Vietnam",107.987,"LCD (LED)",68,"Available",4,42.5144819,"43.0"
169466,"Samsung","BE55FX-H","Vietnam",138.783,"LCD (LED)",79,"Available",5.5,54.63886709999999,"55.0"
169473,"SKYWORTH","SW43G3F","China",107.987,"LCD (LED)",54.9,"Available",5,42.5144819,"43.0"
169474,"SKYWORTH","SW55G3F","China",138.783,"LCD (LED)",64.6,"Available",6,54.63886709999999,"55.0"
169481,"Samsung","QA85Q6FAAW","Vietnam",214.783,"LCD (LED)",146,"Available",6,84.5600671,"85.0"
169481,"Samsung","QA85Q6FAAS","Vietnam",214.783,"LCD (LED)",146,"Available",6,84.5600671,"85.0"
169481,"Samsung","QA85Q6FAA*","Vietnam",214.783,"LCD (LED)",146,"Available",6,84.5600671,"85.0"
169483,"BAUHN","ATV50UHDT-0825","China",125.725,"LCD (LED)",56.59,"Available",6,49.4979325,"50.0"
169491,"SYLVOX","OT55A6KOEC","China",138.783,"LCD",79.95,"Available",5.5,54.63886709999999,"55.0"
169491,"SYLVOX","OT55KOC","China",138.783,"LCD",79.95,"Available",5.5,54.63886709999999,"55.0"
169491,"SYLVOX","OT55A6KOEC, OT55KOC","China",138.783,"LCD",79.95,"Available",5.5,54.63886709999999,"55.0"
169499,"HISENSE","50U6QAU PRO","China",125.731,"LCD (LED)",71.19,"Available",5,49.5002947,"50.0"
169499,"HISENSE","50U6QNZ PRO","China",125.731,"LCD (LED)",71.19,"Available",5,49.5002947,"50.0"
169499,"HISENSE","50U6Q PRO Series","China",125.731,"LCD (LED)",71.19,"Available",5,49.5002947,"50.0"
169500,"HISENSE","55U6QAU PRO","China",138.783,"LCD (LED)",100.24,"Available",4,54.63886709999999,"55.0"
169500,"HISENSE","55U6QNZ PRO","China",138.783,"LCD (LED)",100.24,"Available",4,54.63886709999999,"55.0"
169500,"HISENSE","55U6Q PRO series","China",138.783,"LCD (LED)",100.24,"Available",4,54.63886709999999,"55.0"
169501,"HISENSE","65U6QAU PRO","China",163.896,"LCD (LED)",110.31,"Available",5,64.5258552,"65.0"
169501,"HISENSE","65U6QNZ PRO","China",163.896,"LCD (LED)",110.31,"Available",5,64.5258552,"65.0"
169501,"HISENSE","65U6Q PRO series","China",163.896,"LCD (LED)",110.31,"Available",5,64.5258552,"65.0"
169502,"HISENSE","75U6QAU PRO","China",189.34,"LCD (LED)",133.21,"Available",5.5,74.543158,"75.0"
169502,"HISENSE","75U6QNZ PRO","China",189.34,"LCD (LED)",133.21,"Available",5.5,74.543158,"75.0"
169502,"HISENSE","75U6Q PRO series","China",189.34,"LCD (LED)",133.21,"Available",5.5,74.543158,"75.0"
169503,"HISENSE","85U6QAU PRO","China",214.783,"LCD (LED)",154.51,"Available",6,84.5600671,"85.0"
169503,"HISENSE","85U6QNZ PRO","China",214.783,"LCD (LED)",154.51,"Available",6,84.5600671,"85.0"
169503,"HISENSE","85U6Q PRO series","China",214.783,"LCD (LED)",154.51,"Available",6,84.5600671,"85.0"
169504,"HISENSE","100U6QAU PRO","China",252.784,"LCD (LED)",248.33,"Available",5,99.5210608,"100.0"
169504,"HISENSE","100U6QNZ PRO","China",252.784,"LCD (LED)",248.33,"Available",5,99.5210608,"100.0"
169504,"HISENSE","100U6Q PRO series","China",252.784,"LCD (LED)",248.33,"Available",5,99.5210608,"100.0"
169505,"HISENSE","75S7QAU","China",189.34,"LCD (LED)",123.02,"Available",6,74.543158,"75.0"
169505,"HISENSE","75S7QNZ","China",189.34,"LCD (LED)",123.02,"Available",6,74.543158,"75.0"
169505,"HISENSE","75S7SAU","China",189.34,"LCD (LED)",123.02,"Available",6,74.543158,"75.0"
169505,"HISENSE","75S7SNZ","China",189.34,"LCD (LED)",123.02,"Available",6,74.543158,"75.0"
169505,"HISENSE","75S7 Series","China",189.34,"LCD (LED)",123.02,"Available",6,74.543158,"75.0"
169508,"Samsung","BE65FX-H","Vietnam",163.897,"LCD (LED)",113,"Available",5.5,64.5262489,"65.0"
169509,"Samsung","BE75FX-H","Vietnam",189.338,"LCD (LED)",136,"Available",5.5,74.5423706,"75.0"
169512,"Samsung","BE85FX-H","Vietnam",214.783,"LCD (LED)",142,"Available",6,84.5600671,"85.0"
169537,"Panasonic","TV-55Z95BGZ","China",138.783,"OLED",83.4,"Available",5,54.63886709999999,"55.0"
169538,"Panasonic","TV-65Z95BGZ","China",163.897,"OLED",95.8,"Available",5.5,64.5262489,"65.0"
169539,"Panasonic","TV-77Z95BGZ","China",194.738,"OLED",101.9,"Available",7,76.6683506,"77.0"
169540,"Panasonic","TV-77Z90BGZ","China",194.738,"OLED",136.8,"Available",5.5,76.6683506,"77.0"
169546,"SKYWORTH","75Q6600H","China",189.338,"LCD (LED)",147.3,"Available",5,74.5423706,"75.0"
169547,"SKYWORTH","SW65G4F","China",163.897,"LCD (LED)",121.6,"Available",4.5,64.5262489,"65.0"
169599,"Samsung","HG43U800FAW","Vietnam",107.986,"LCD (LED)",66,"Available",4,42.5140882,"43.0"
169600,"Samsung","HG50U800FAW","Vietnam",125.727,"LCD (LED)",73,"Available",5,49.4987199,"50.0"
169602,"Samsung","HG55U800FAW","Vietnam",138.783,"LCD (LED)",81,"Available",5.5,54.63886709999999,"55.0"
169604,"Samsung","HG75U800FAW","Vietnam",189.338,"LCD (LED)",140,"Available",5.5,74.5423706,"75.0"
169605,"Samsung","HG65U800FAW","Vietnam",163.897,"LCD (LED)",103,"Available",5.5,64.5262489,"65.0"
169625,"Samsung","HG85U800FAW","Vietnam",214.783,"LCD (LED)",164,"Available",6,84.5600671,"85.0"
169686,"CHiQ","U43QM10","China",107.987,"LCD (LED)",53.7,"Available",5,42.5144819,"43.0"
169695,"SYLVOX","OT65A6KOEC","China",163.896,"LCD",104.68002,"Available",5.5,64.5258552,"65.0"
169695,"SYLVOX","OT65KOC","China",163.896,"LCD",104.68002,"Available",5.5,64.5258552,"65.0"
169695,"SYLVOX","OT65A6KOEC, OT65KOC","China",163.896,"LCD",104.68002,"Available",5.5,64.5258552,"65.0"
169696,"SYLVOX","OT75A6KOEC","China",189.34,"LCD",134.5602,"Available",5.5,74.543158,"75.0"
169696,"SYLVOX","OT75KOC","China",189.34,"LCD",134.5602,"Available",5.5,74.543158,"75.0"
169696,"SYLVOX","OT75A6KOEC, OT75KOC","China",189.34,"LCD",134.5602,"Available",5.5,74.543158,"75.0"
169704,"CHiQ","U50QM10","China",125.731,"LCD (LED)",66.2,"Available",5,49.5002947,"50.0"
169705,"CHiQ","U55M10F","China",138.783,"LCD (LED)",74.4,"Available",5.5,54.63886709999999,"55.0"
169706,"CHiQ","U75QM10","China",189.34,"LCD (LED)",136.6,"Available",5.5,74.543158,"75.0"
169746,"LG","43UK660H0LA","Indonesia,South Korea",107.987,"LCD (LED)",46,"Available",6,42.5144819,"43.0"
169747,"LG","50UK660H0LA","South Korea,Indonesia",125.727,"LCD (LED)",53,"Available",6,49.4987199,"50.0"
169748,"LG","55UK660H0LA","Indonesia,South Korea",138.783,"LCD (LED)",54,"Available",7,54.63886709999999,"55.0"
169749,"LG","65UK660H0LA","Indonesia,South Korea",163.897,"LCD (LED)",67,"Available",7,64.5262489,"65.0"
169820,"Linsar","LS85UHDZEN25S","China",214.783,"LCD (LED)",163.7,"Available",6,84.5600671,"85.0"
169847,"SKYWORTH","65X8700G","China",163.897,"LCD (LED)",111.6,"Available",5,64.5262489,"65.0"
169850,"AKAI","AK50UHDZEN","China",125.731,"LCD (LED)",59.84,"Available",6,49.5002947,"50.0"
170005,"Kogan","KALED43U95VA","China",107.95,"LCD (LED)",63.12,"Available",4,42.499915,"43.0"
170005,"Kogan","KALED43U95VB","China",107.95,"LCD (LED)",63.12,"Available",4,42.499915,"43.0"
170005,"Kogan","KALED43U95VC","China",107.95,"LCD (LED)",63.12,"Available",4,42.499915,"43.0"
170005,"Kogan","KALED43U95****","China",107.95,"LCD (LED)",63.12,"Available",4,42.499915,"43.0"
170006,"Kogan","KAQL65XQ98GSVA","China",163.829,"LCD (LED)",157.32,"Available",3.5,64.4994773,"65.0"
170006,"Kogan","KAQL65XQ98GSVB","China",163.829,"LCD (LED)",157.32,"Available",3.5,64.4994773,"65.0"
170006,"Kogan","KAQL65XQ98GSVC","China",163.829,"LCD (LED)",157.32,"Available",3.5,64.4994773,"65.0"
170006,"Kogan","KAQL65XQ98****","China",163.829,"LCD (LED)",157.32,"Available",3.5,64.4994773,"65.0"
170051,"SKYWORTH","55Q7700G","China",138.783,"LCD (LED)",71.1,"Available",5.5,54.63886709999999,"55.0"
170053,"SKYWORTH","43E5500H","China",107.956,"LCD (LED)",36.6,"Available",6,42.5022772,"43.0"
170054,"SKYWORTH","65Q7700G","China",163.897,"LCD (LED)",118.6,"Available",5,64.5262489,"65.0"
170075,"EKO","K75USTW","China",189.34,"LCD (LED)",142.18,"Available",4.5,74.543158,"75.0"
170107,"KOGAN","KALD24DH67NA","China",59.824,"LCD",22.3,"Available",5,23.552708799999998,"24.0"
170107,"KOGAN","KALD24DH67NB","China",59.824,"LCD",22.3,"Available",5,23.552708799999998,"24.0"
170107,"KOGAN","KALD24DH67NC","China",59.824,"LCD",22.3,"Available",5,23.552708799999998,"24.0"
170107,"KOGAN","KALD24DH67ND","China",59.824,"LCD",22.3,"Available",5,23.552708799999998,"24.0"
170147,"Samsung","QA115QN90FW","Vietnam",290.784,"LCD (LED)",428,"Available",4.5,114.4816608,"115.0"
170147,"Samsung","QA115QN90FS","Vietnam",290.784,"LCD (LED)",428,"Available",4.5,114.4816608,"115.0"
170147,"Samsung","QA115QN90F*","Vietnam",290.784,"LCD (LED)",428,"Available",4.5,114.4816608,"115.0"
170148,"KOGAN","KALD24D97SNA","China",59.824,"LCD",22,"Available",5,23.552708799999998,"24.0"
170148,"KOGAN","KALD24D97SNB","China",59.824,"LCD",22,"Available",5,23.552708799999998,"24.0"
170148,"KOGAN","KALD24D97SNC","China",59.824,"LCD",22,"Available",5,23.552708799999998,"24.0"
170148,"KOGAN","KALD24D97SND","China",59.824,"LCD",22,"Available",5,23.552708799999998,"24.0"
170150,"KOGAN","KALD32D97SNA","China",80.039,"LCD",35.2,"Available",5,31.5113543,"32.0"
170150,"KOGAN","KALD32D97SNB","China",80.039,"LCD",35.2,"Available",5,31.5113543,"32.0"
170150,"KOGAN","KALD32D97SNC","China",80.039,"LCD",35.2,"Available",5,31.5113543,"32.0"
170150,"KOGAN","KALD32D97SND","China",80.039,"LCD",35.2,"Available",5,31.5113543,"32.0"
170151,"JVC","LT-42NQ5155AJ","China",105.415,"LCD (LED)",49.21,"Available",5,41.5018855,"42.0"
170251,"AOA","LTG43UHD","China",107.987,"LCD (LED)",50.04,"Available",5.5,42.5144819,"43.0"
170277,"LG","OLED48G5PSA","Indonesia,South Korea",120.721,"OLED",62,"Available",5.5,47.5278577,"48.0"
170278,"LG","OLED48G56LS","Indonesia,South Korea",120.721,"OLED",62,"Available",5.5,47.5278577,"48.0"
170311,"SKYWORTH","32LP70G","China",80.054,"LCD (LED)",32.4,"Available",5,31.5172598,"32.0"
170311,"SKYWORTH","SW32LP70G","China",80.054,"LCD (LED)",32.4,"Available",5,31.5172598,"32.0"
170313,"ENGLAON","LED65M10","Australia",163.896,"LCD (LED)",201,"Available",2.5,64.5258552,"65.0"
170319,"ENGLAON","LED55M10","Australia",138.783,"LCD (LED)",143.5,"Available",3,54.63886709999999,"55.0"
170349,"TOSHIBA","50C350RP","China",125.731,"LCD (LED)",54.86,"Available",6,49.5002947,"50.0"
170530,"Kogan","KAQL55T97QA","China,Vietnam",138.783,"LCD",110.95,"Available",4,54.63886709999999,"55.0"
170530,"Kogan","KAQL55T97QB","China,Vietnam",138.783,"LCD",110.95,"Available",4,54.63886709999999,"55.0"
170530,"Kogan","KAQL55T97QC","China,Vietnam",138.783,"LCD",110.95,"Available",4,54.63886709999999,"55.0"
170530,"Kogan","KAQL55T97QD","China,Vietnam",138.783,"LCD",110.95,"Available",4,54.63886709999999,"55.0"
170530,"Kogan","KAQL55T97Q*","China,Vietnam",138.783,"LCD",110.95,"Available",4,54.63886709999999,"55.0"
170531,"Kogan","KAQL65T97QA","China,Vietnam",163.896,"LCD",162.79,"Available",3.5,64.5258552,"65.0"
170531,"Kogan","KAQL65T97QB","China,Vietnam",163.896,"LCD",162.79,"Available",3.5,64.5258552,"65.0"
170531,"Kogan","KAQL65T97QC","China,Vietnam",163.896,"LCD",162.79,"Available",3.5,64.5258552,"65.0"
170531,"Kogan","KAQL65T97QD","China,Vietnam",163.896,"LCD",162.79,"Available",3.5,64.5258552,"65.0"
170531,"Kogan","KAQL65T97Q*","China,Vietnam",163.896,"LCD",162.79,"Available",3.5,64.5258552,"65.0"
170563,"Veon","VNG3F5025","China",125.727,"LCD (LED)",54.9,"Available",6,49.4987199,"50.0"
170567,"JVC","JVG4F5025","China",125.727,"LCD (LED)",54.9,"Available",5.5,49.4987199,"50.0"
170569,"JVC","JVG4F5525","China",138.783,"LCD (LED)",63.9,"Available",5.5,54.63886709999999,"55.0"
170686,"Veon","VNG3F7525","China",189.338,"LCD (LED)",122.8,"Available",5.5,74.5423706,"75.0"
170687,"JVC","JVG4F6525","China",163.897,"LCD (LED)",107.6,"Available",5.5,64.5262489,"65.0"
170688,"Veon","VNG3F6525","China",163.897,"LCD (LED)",96.9,"Available",5.5,64.5262489,"65.0"
170722,"coocaa","50G6500H","China",125.727,"LCD (LED)",55.3,"Available",5.5,49.4987199,"50.0"
170724,"EKO","K43FST","China",108.593,"LCD (LED)",50,"Available",5.5,42.7530641,"43.0"
170785,"TOSHIBA","43C350RP","China",107.986,"LCD (LED)",50.56,"Available",5.5,42.5140882,"43.0"
170786,"HISENSE","100U8QAU","China",252.784,"LCD (LED)",259.29,"Available",5,99.5210608,"100.0"
170786,"HISENSE","100U8QNZ","China",252.784,"LCD (LED)",259.29,"Available",5,99.5210608,"100.0"
170786,"HISENSE","100U8Q series","China",252.784,"LCD (LED)",259.29,"Available",5,99.5210608,"100.0"
170787,"HISENSE","100UXAU","China",252.784,"LCD (LED)",268.08,"Available",5,99.5210608,"100.0"
170787,"HISENSE","100UXNZ","China",252.784,"LCD (LED)",268.08,"Available",5,99.5210608,"100.0"
170787,"HISENSE","100UX series","China",252.784,"LCD (LED)",268.08,"Available",5,99.5210608,"100.0"
170788,"HISENSE","116UXAU","China",293.372,"LCD (LED)",303.84,"Available",6,115.50055640000001,"116.0"
170788,"HISENSE","116UXNZ","China",293.372,"LCD (LED)",303.84,"Available",6,115.50055640000001,"116.0"
170788,"HISENSE","116UX series","China",293.372,"LCD (LED)",303.84,"Available",6,115.50055640000001,"116.0"
170814,"LG","65UK760H0SD","Indonesia,South Korea",163.897,"LCD (LED)",126,"Available",5,64.5262489,"65.0"
170908,"coocaa","60G6500H","China",152.663,"LCD (LED)",68.2,"Available",6,60.1034231,"60.0"
170941,"DGTEC","DG70UHDW-22795","China",176.537,"LCD (LED)",108.29,"Available",6,69.5026169,"70.0"
170941,"DGTEC","DG70UHDW-*****","China",176.537,"LCD (LED)",108.29,"Available",6,69.5026169,"70.0"
170941,"DGTEC","DG70UHDW-22658","China",176.537,"LCD (LED)",108.29,"Available",6,69.5026169,"70.0"
170963,"Panasonic","TN-50W68BGZ","China",125.812,"LCD (LED)",72.7,"Available",4.5,49.5321844,"50.0"
170963,"Panasonic","TN-50W70BGZ","China",125.812,"LCD (LED)",72.7,"Available",4.5,49.5321844,"50.0"
170963,"Panasonic","TN-50W series","China",125.812,"LCD (LED)",72.7,"Available",4.5,49.5321844,"50.0"
171004,"BLAUPUNKT","BP550USG60100","China",138.798,"LCD",133.926,"Available",3,54.6447726,"55.0"
171005,"BLAUPUNKT","BP650USG60100","China",163.965,"LCD",157.044,"Available",3.5,64.5530205,"65.0"
171050,"LG","55UK767H0SA","Indonesia,South Korea",138.783,"LCD (LED)",80,"Available",5.5,54.63886709999999,"55.0"
171058,"Samsung","HG43U700FAW","Vietnam",107.987,"LCD (LED)",58,"Available",5,42.5144819,"43.0"
171065,"Samsung","HG50U700FAW","Vietnam",125.727,"LCD (LED)",66,"Available",5.5,49.4987199,"50.0"
171080,"Kogan","KAL40F98TA","China",100.332,"LCD (LED)",40.4,"Available",5.5,39.50070839999999,"40.0"
171080,"Kogan","KAL40F98TB","China",100.332,"LCD (LED)",40.4,"Available",5.5,39.50070839999999,"40.0"
171080,"Kogan","KAL40F98TC","China",100.332,"LCD (LED)",40.4,"Available",5.5,39.50070839999999,"40.0"
171080,"Kogan","KAL40F98TD","China",100.332,"LCD (LED)",40.4,"Available",5.5,39.50070839999999,"40.0"
171080,"Kogan","KAL40F98TE","China",100.332,"LCD (LED)",40.4,"Available",5.5,39.50070839999999,"40.0"
171080,"Kogan","KAL40F98T*","China",100.332,"LCD (LED)",40.4,"Available",5.5,39.50070839999999,"40.0"
171085,"Samsung","HG55U700FAW","Vietnam",138.783,"LCD (LED)",68,"Available",6,54.63886709999999,"55.0"
171086,"Samsung","HG65U700FAW","Vietnam",163.897,"LCD (LED)",95,"Available",6,64.5262489,"65.0"
171087,"Samsung","HG75U700FAW","Vietnam",189.338,"LCD (LED)",118,"Available",6,74.5423706,"75.0"
171115,"DGTEC","DG55UHDW-23352","China",138.401,"LCD",70,"Available",6,54.4884737,"55.0"
171125,"Panasonic","TN-43W68BGZ","China",107.987,"LCD (LED)",55.9,"Available",4.5,42.5144819,"43.0"
171125,"Panasonic","TN43W70BGZ","China",107.987,"LCD (LED)",55.9,"Available",4.5,42.5144819,"43.0"
171125,"Panasonic","TN-43W","China",107.987,"LCD (LED)",55.9,"Available",4.5,42.5144819,"43.0"
171136,"Panasonic","TN-55W68BGZ","China",138.783,"LCD (LED)",73.9,"Available",5.5,54.63886709999999,"55.0"
171136,"Panasonic","TN-55W70BGZ","China",138.783,"LCD (LED)",73.9,"Available",5.5,54.63886709999999,"55.0"
171136,"Panasonic","TN-55W","China",138.783,"LCD (LED)",73.9,"Available",5.5,54.63886709999999,"55.0"
171138,"Panasonic","TN-65W68BGZ","China",163.916,"LCD (LED)",111.9,"Available",5,64.5337292,"65.0"
171138,"Panasonic","TN-65W70BGZ","China",163.916,"LCD (LED)",111.9,"Available",5,64.5337292,"65.0"
171138,"Panasonic","TN-65W","China",163.916,"LCD (LED)",111.9,"Available",5,64.5337292,"65.0"
171140,"Panasonic","TN-75W68BGZ","China",189.338,"LCD (LED)",160.3,"Available",4.5,74.5423706,"75.0"
171140,"Panasonic","TN-75W70BGZ","China",189.338,"LCD (LED)",160.3,"Available",4.5,74.5423706,"75.0"
171140,"Panasonic","TN-75W","China",189.338,"LCD (LED)",160.3,"Available",4.5,74.5423706,"75.0"
171323,"AIWA","AWCD24DW","China",60.47,"LCD (LED)",23.55,"Available",4.5,23.807039,"24.0"
171366,"Kogan","KAQL50Q97TA","China",125.731,"LCD (LED)",102.2,"Available",3,49.5002947,"50.0"
171366,"Kogan","KAQL50Q97TB","China",125.731,"LCD (LED)",102.2,"Available",3,49.5002947,"50.0"
171366,"Kogan","KAQL50Q97TC","China",125.731,"LCD (LED)",102.2,"Available",3,49.5002947,"50.0"
171366,"Kogan","KAQL50Q97TD","China",125.731,"LCD (LED)",102.2,"Available",3,49.5002947,"50.0"
171366,"Kogan","KAQL50Q97TE","China",125.731,"LCD (LED)",102.2,"Available",3,49.5002947,"50.0"
171366,"Kogan","KAQL50Q97T*","China",125.731,"LCD (LED)",102.2,"Available",3,49.5002947,"50.0"
171487,"Kogan","KAQL55Q97TA","China",138.783,"LCD (LED)",129.3,"Available",3,54.63886709999999,"55.0"
171487,"Kogan","KAQL55Q97TB","China",138.783,"LCD (LED)",129.3,"Available",3,54.63886709999999,"55.0"
171487,"Kogan","KAQL55Q97TC","China",138.783,"LCD (LED)",129.3,"Available",3,54.63886709999999,"55.0"
171487,"Kogan","KAQL55Q97TD","China",138.783,"LCD (LED)",129.3,"Available",3,54.63886709999999,"55.0"
171487,"Kogan","KAQL55Q97TE","China",138.783,"LCD (LED)",129.3,"Available",3,54.63886709999999,"55.0"
171487,"Kogan","KAQL55Q97T*","China",138.783,"LCD (LED)",129.3,"Available",3,54.63886709999999,"55.0"
171489,"Kogan","KAQL65Q97TA","China",163.896,"LCD (LED)",180.8,"Available",3,64.5258552,"65.0"
171489,"Kogan","KAQL65Q97TB","China",163.896,"LCD (LED)",180.8,"Available",3,64.5258552,"65.0"
171489,"Kogan","KAQL65Q97TC","China",163.896,"LCD (LED)",180.8,"Available",3,64.5258552,"65.0"
171489,"Kogan","KAQL65Q97TD","China",163.896,"LCD (LED)",180.8,"Available",3,64.5258552,"65.0"
171489,"Kogan","KAQL65Q97TE","China",163.896,"LCD (LED)",180.8,"Available",3,64.5258552,"65.0"
171489,"Kogan","KAQL65Q97T*","China",163.896,"LCD (LED)",180.8,"Available",3,64.5258552,"65.0"
171497,"Kogan","KAL32R98TA","China",80.039,"LCD (LED)",27.7,"Available",5.5,31.5113543,"32.0"
171497,"Kogan","KAL32R98TB","China",80.039,"LCD (LED)",27.7,"Available",5.5,31.5113543,"32.0"
171497,"Kogan","KAL32R98TC","China",80.039,"LCD (LED)",27.7,"Available",5.5,31.5113543,"32.0"
171497,"Kogan","KAL32R98TD","China",80.039,"LCD (LED)",27.7,"Available",5.5,31.5113543,"32.0"
171497,"Kogan","KAL32R98TE","China",80.039,"LCD (LED)",27.7,"Available",5.5,31.5113543,"32.0"
171497,"Kogan","KAL32R98T*","China",80.039,"LCD (LED)",27.7,"Available",5.5,31.5113543,"32.0"
171501,"LG","65UK762H0LB","Indonesia,South Korea",163.897,"LCD (LED)",106,"Available",5.5,64.5262489,"65.0"
171503,"LG","43UK762H0LB","Indonesia,South Korea",107.987,"LCD (LED)",65,"Available",4.5,42.5144819,"43.0"
171505,"LG","50UK762H0LB","Indonesia,South Korea",125.727,"LCD (LED)",68,"Available",5.5,49.4987199,"50.0"
171506,"LG","55UK762H0LB","Indonesia,South Korea",138.783,"LCD (LED)",95,"Available",4.5,54.63886709999999,"55.0"
171507,"TENET","T-185J201","China",47.013,"LCD (LED)",15.3,"Available",5,18.5090181,"19.0"
171627,"SKYWORTH","60Q6600H","China",152.663,"LCD (LED)",69.3,"Available",6,60.1034231,"60.0"
171630,"JVC","LT-43NQ5165A","China",107.95,"LCD (LED)",38.4,"Available",6,42.499915,"43.0"
171697,"LG","43UA841C0SA","Indonesia,South Korea",107.987,"LCD (LED)",70,"Available",4,42.5144819,"43.0"
171698,"LG","50UA841C0SA","Indonesia,South Korea",125.727,"LCD (LED)",83,"Available",4.5,49.4987199,"50.0"
171699,"LG","55UA841C0SA","Indonesia,South Korea",138.783,"LCD (LED)",92,"Available",5,54.63886709999999,"55.0"
171700,"LG","65UA841C0SA","Indonesia,South Korea",163.897,"LCD (LED)",118,"Available",5,64.5262489,"65.0"
171701,"LG","43UK767H0LB","Indonesia,South Korea",107.987,"LCD (LED)",62,"Available",4.5,42.5144819,"43.0"
171702,"BAUHN","ATV75UHDW-0925","China",189.34,"LCD",128.89,"Available",6,74.543158,"75.0"
171703,"LG","50UK767H0LB","Indonesia,South Korea",125.727,"LCD (LED)",54,"Available",6,49.4987199,"50.0"
171704,"LG","55UK767H0LB","Indonesia,South Korea",138.783,"LCD (LED)",55,"Available",7,54.63886709999999,"55.0"
171705,"LG","65UK767H0LB","Indonesia,South Korea",163.897,"LCD (LED)",69,"Available",7,64.5262489,"65.0"
171839,"Kogan","KALED43U95TA","China",107.987,"LCD (LED)",66.3,"Available",4,42.5144819,"43.0"
171839,"Kogan","KALED43U95TB","China",107.987,"LCD (LED)",66.3,"Available",4,42.5144819,"43.0"
171839,"Kogan","KALED43U95TC","China",107.987,"LCD (LED)",66.3,"Available",4,42.5144819,"43.0"
171839,"Kogan","KALED43U95TD","China",107.987,"LCD (LED)",66.3,"Available",4,42.5144819,"43.0"
171839,"Kogan","KALED43U95TE","China",107.987,"LCD (LED)",66.3,"Available",4,42.5144819,"43.0"
171839,"Kogan","KALED43U95T*","China",107.987,"LCD (LED)",66.3,"Available",4,42.5144819,"43.0"
171841,"JVC","LT-32NQ3165A","China",80.054,"LCD (LED)",25.26,"Available",5.5,31.5172598,"32.0"
171844,"Kogan","KAL24DH5400VA","China",59.827,"LCD (LED)",23,"Available",4.5,23.553889899999998,"24.0"
171844,"Kogan","KAL24DH5400VB","China",59.827,"LCD (LED)",23,"Available",4.5,23.553889899999998,"24.0"
171844,"Kogan","KAL24DH5400VC","China",59.827,"LCD (LED)",23,"Available",4.5,23.553889899999998,"24.0"
171844,"Kogan","KAL24DH5400VA,KAL24DH5400VB,KAL24DH5400VC","China",59.827,"LCD (LED)",23,"Available",4.5,23.553889899999998,"24.0"
171877,"DGTEC","DG55UHDW-22858","China",138.401,"LCD",70,"Available",6,54.4884737,"55.0"
171930,"Veon","VNG3FN6025","China",152.663,"LCD (LED)",61.9,"Available",7,60.1034231,"60.0"
171931,"Veon","VNMHDV4025","China",100.791,"LCD (LED)",40.25,"Available",5.5,39.6814167,"40.0"
171942,"AIWA","AWCD32DW","China",80.039,"LCD (LED)",33.5,"Available",5,31.5113543,"32.0"
171972,"Kogan","KALED50U95TA","China",125.731,"LCD (LED)",80.1,"Available",4,49.5002947,"50.0"
171972,"Kogan","KALED50U95TB","China",125.731,"LCD (LED)",80.1,"Available",4,49.5002947,"50.0"
171972,"Kogan","KALED50U95TC","China",125.731,"LCD (LED)",80.1,"Available",4,49.5002947,"50.0"
171972,"Kogan","KALED50U95TD","China",125.731,"LCD (LED)",80.1,"Available",4,49.5002947,"50.0"
171972,"Kogan","KALED50U95TE","China",125.731,"LCD (LED)",80.1,"Available",4,49.5002947,"50.0"
171972,"Kogan","KALED50U95T*","China",125.731,"LCD (LED)",80.1,"Available",4,49.5002947,"50.0"
172018,"COOCAA","40E5500H","China",100.34,"LCD (LED)",32.9,"Available",6,39.503858,"40.0"
172019,"COOCAA","50G6500H","China",125.727,"LCD (LED)",55.3,"Available",5.5,49.4987199,"50.0"
172020,"COOCAA","55G6500H","China",138.783,"LCD (LED)",67.9,"Available",5.5,54.63886709999999,"55.0"
172021,"COOCAA","60G6500H","China",152.663,"LCD (LED)",68.2,"Available",6,60.1034231,"60.0"
172061,"digitech","GH5202","Hong Kong",79.578,"LCD",35.04,"Available",4.5,31.3298586,"31.0"
172061,"digitech","GH5228","Hong Kong",79.578,"LCD",35.04,"Available",4.5,31.3298586,"31.0"
172062,"digitech","GH5200","Hong Kong",60.444,"LCD",21.64,"Available",5,23.796802800000002,"24.0"
172062,"digitech","GH5226","Hong Kong",60.444,"LCD",21.64,"Available",5,23.796802800000002,"24.0"
172072,"Kogan","KAQL70T97QA","China,Vietnam",176.538,"LCD",139.61,"Available",5,69.50301060000001,"70.0"
172072,"Kogan","KAQL70T97QB","China,Vietnam",176.538,"LCD",139.61,"Available",5,69.50301060000001,"70.0"
172072,"Kogan","KAQL70T97QC","China,Vietnam",176.538,"LCD",139.61,"Available",5,69.50301060000001,"70.0"
172072,"Kogan","KAQL70T97QD","China,Vietnam",176.538,"LCD",139.61,"Available",5,69.50301060000001,"70.0"
172072,"Kogan","KAQL70T97Q*","China,Vietnam",176.538,"LCD",139.61,"Available",5,69.50301060000001,"70.0"
172114,"AKAI","AK65UHDZEN","China",163.896,"LCD (LED)",94.374,"Available",6,64.5258552,"65.0"
172180,"JVC","JVG4F7525","China",189.338,"LCD (LED)",137.2,"Available",5.5,74.5423706,"75.0"
172201,"digitech","GH5204","Hong Kong",47.257,"LCD",14.89,"Available",5.5,18.605080899999997,"19.0"
172202,"digitech","GH5220","Hong Kong",47.257,"LCD",21.71,"Available",3.5,18.605080899999997,"19.0"
172203,"digitech","GH5222","Hong Kong",60.406,"LCD",25.17,"Available",4.5,23.7818422,"24.0"
172203,"digitech","GH5230","Hong Kong",60.406,"LCD",25.17,"Available",4.5,23.7818422,"24.0"
172204,"digitech","GH5224","Hong Kong",79.578,"LCD",24.52,"Available",6,31.3298586,"31.0"
172207,"SAMSUNG ELECTRONICS","UA32T5300A","Vietnam",79.967,"LCD (LED)",31,"Available",5.5,31.4830079,"32.0"
172207,"SAMSUNG ELECTRONICS","UA32T5300AW","Vietnam",79.967,"LCD (LED)",31,"Available",5.5,31.4830079,"32.0"
172207,"SAMSUNG ELECTRONICS","UA32T5300AS","Vietnam",79.967,"LCD (LED)",31,"Available",5.5,31.4830079,"32.0"
172238,"LG","75UK767H0LB","Indonesia,South Korea",189.275,"LCD (LED)",147,"Available",5.5,74.5175675,"75.0"
172318,"TELEFUNKEN","TL400TQ","China",100.337,"LCD (LED)",43.5,"Available",5.5,39.5026769,"40.0"
172378,"LG","43PK640S0SB","China,Vietnam",107.987,"LCD (LED)",65.9,"Available",4.5,42.5144819,"43.0"
172392,"LG","50PK640S0SB","China,Vietnam",125.727,"LCD (LED)",81,"Available",4.5,49.4987199,"50.0"
172393,"LG","55PK640S0SB","Vietnam,China",138.783,"LCD (LED)",91,"Available",5,54.63886709999999,"55.0"
172395,"LG","65PK640S0SB","China,Vietnam",163.897,"LCD (LED)",115,"Available",5,64.5262489,"65.0"
172396,"LG","75PK640S0SA","China,Vietnam",189.275,"LCD (LED)",136.9,"Available",5.5,74.5175675,"75.0"
172397,"LG","86PK640S0SA","China,Vietnam",217.425,"LCD (LED)",155,"Available",6,85.6002225,"86.0"
172399,"LG","75UA841C0SA","China,Vietnam",189.275,"LCD (LED)",137,"Available",5.5,74.5175675,"75.0"
172399,"LG","75UA841CPSA","China,Vietnam",189.275,"LCD (LED)",137,"Available",5.5,74.5175675,"75.0"
172400,"LG","86UA841C0SA","China,Vietnam",217.425,"LCD (LED)",155,"Available",6,85.6002225,"86.0"
172400,"LG","86UA841CPSA","China,Vietnam",217.425,"LCD (LED)",155,"Available",6,85.6002225,"86.0"
172423,"KONKA","KDL65CK68QNTS","China",163.896,"LCD (LED)",122.64,"Available",5,64.5258552,"65.0"
172424,"KONKA","KDL55CK68QNTS","China",138.783,"LCD (LED)",88.74,"Available",5,54.63886709999999,"55.0"
172426,"Kogan","KAQL75MQ8ZTA","China",189.34,"LCD (LED)",193.1,"Available",4,74.543158,"75.0"
172426,"Kogan","KAQL75MQ8ZTB","China",189.34,"LCD (LED)",193.1,"Available",4,74.543158,"75.0"
172426,"Kogan","KAQL75MQ8ZTC","China",189.34,"LCD (LED)",193.1,"Available",4,74.543158,"75.0"
172426,"Kogan","KAQL75MQ8ZTD","China",189.34,"LCD (LED)",193.1,"Available",4,74.543158,"75.0"
172426,"Kogan","KAQL75MQ8ZTE","China",189.34,"LCD (LED)",193.1,"Available",4,74.543158,"75.0"
172426,"Kogan","KAQL75MQ8ZT*","China",189.34,"LCD (LED)",193.1,"Available",4,74.543158,"75.0"
172429,"Kogan","KAL24R98TA","China",59.824,"LCD (LED)",19.2,"Available",5,23.552708799999998,"24.0"
172429,"Kogan","KAL24R98TB","China",59.824,"LCD (LED)",19.2,"Available",5,23.552708799999998,"24.0"
172429,"Kogan","KAL24R98TC","China",59.824,"LCD (LED)",19.2,"Available",5,23.552708799999998,"24.0"
172429,"Kogan","KAL24R98TD","China",59.824,"LCD (LED)",19.2,"Available",5,23.552708799999998,"24.0"
172429,"Kogan","KAL24R98TE","China",59.824,"LCD (LED)",19.2,"Available",5,23.552708799999998,"24.0"
172429,"Kogan","KAL24R98T*","China",59.824,"LCD (LED)",19.2,"Available",5,23.552708799999998,"24.0"
172435,"LOEWE","Stellar 55 DR+ OLED","Germany",138.711,"OLED",70,"Available",6,54.6105207,"55.0"
172436,"LOEWE","Stella 65 DR+","Germany",163.965,"OLED",85,"Available",6,64.5530205,"65.0"
172437,"LOEWE","Inspire 48 OLED","Germany",120.664,"OLED",61,"Available",5.5,47.5054168,"48.0"
172437,"LOEWE","We SEE 48 OLED","Germany",120.664,"OLED",61,"Available",5.5,47.5054168,"48.0"
172437,"LOEWE","LOEWE","Germany",120.664,"OLED",61,"Available",5.5,47.5054168,"48.0"
172438,"LOEWE","Inspire 55 OLED","Germany",138.711,"OLED",76.5,"Available",5.5,54.6105207,"55.0"
172438,"LOEWE","We SEE 55 OLED","Germany",138.711,"OLED",76.5,"Available",5.5,54.6105207,"55.0"
172438,"LOEWE","LOEWE 55 OLED","Germany",138.711,"OLED",76.5,"Available",5.5,54.6105207,"55.0"
172439,"LOEWE","Inspire 65 OLED","Germany",163.965,"OLED",98,"Available",6,64.5530205,"65.0"
172439,"LOEWE","We SEE 65 OLED","Germany",163.965,"OLED",98,"Available",6,64.5530205,"65.0"
172439,"LOEWE","LOEWE 65 OLED","Germany",163.965,"OLED",98,"Available",6,64.5530205,"65.0"
172440,"LOEWE","Stellar 42 DR+ OLED","Germany",105.531,"OLED",52,"Available",5,41.5475547,"42.0"
172441,"LOEWE","Stellar 48 DR+ OLED","Germany",120.713,"OLED",58,"Available",5.5,47.5247081,"48.0"
172486,"Samsung","QA98Q7FAAW","Vietnam",247.688,"LCD (LED)",293,"Available",4.5,97.51476559999999,"98.0"
172486,"Samsung","QA98Q7FAAS","Vietnam",247.688,"LCD (LED)",293,"Available",4.5,97.51476559999999,"98.0"
172486,"Samsung","QA98Q7FAA*","Vietnam",247.688,"LCD (LED)",293,"Available",4.5,97.51476559999999,"98.0"
172498,"BAUHN","ATV40FHDW-1125","China",100.607,"LCD",34.7,"Available",6,39.6089759,"40.0"
172500,"TELEFUNKEN","TL320TQ","China",80.131,"LCD (LED)",38.12,"Available",4.5,31.5475747,"32.0"
172681,"JVC","LT-55NQ7165A","China",140.494,"LCD (LED)",58.7,"Available",6,55.3124878,"55.0"
172723,"Kogan","KAQL55MQ8ZTA","China",138.651,"LCD (LED)",131.3,"Available",3,54.586898700000006,"55.0"
172723,"Kogan","KAQL55MQ8ZTB","China",138.651,"LCD (LED)",131.3,"Available",3,54.586898700000006,"55.0"
172723,"Kogan","KAQL55MQ8ZTC","China",138.651,"LCD (LED)",131.3,"Available",3,54.586898700000006,"55.0"
172723,"Kogan","KAQL55MQ8ZTD","China",138.651,"LCD (LED)",131.3,"Available",3,54.586898700000006,"55.0"
172723,"Kogan","KAQL55MQ8ZTE","China",138.651,"LCD (LED)",131.3,"Available",3,54.586898700000006,"55.0"
172723,"Kogan","KAQL55MQ8ZT*","China",138.651,"LCD (LED)",131.3,"Available",3,54.586898700000006,"55.0"
172724,"Kogan","KAQL65MQ8ZTA","China",163.896,"LCD (LED)",120.1,"Available",5,64.5258552,"65.0"
172724,"Kogan","KAQL65MQ8ZTB","China",163.896,"LCD (LED)",120.1,"Available",5,64.5258552,"65.0"
172724,"Kogan","KAQL65MQ8ZTC","China",163.896,"LCD (LED)",120.1,"Available",5,64.5258552,"65.0"
172724,"Kogan","KAQL65MQ8ZTD","China",163.896,"LCD (LED)",120.1,"Available",5,64.5258552,"65.0"
172724,"Kogan","KAQL65MQ8ZTE","China",163.896,"LCD (LED)",120.1,"Available",5,64.5258552,"65.0"
172724,"Kogan","KAQL65MQ8ZT*","China",163.896,"LCD (LED)",120.1,"Available",5,64.5258552,"65.0"
172740,"COOCAA","85G6500H","China",214.734,"LCD (LED)",143.6,"Available",6,84.5407758,"85.0"
172787,"coocaa","65G6500H","China",163.897,"LCD (LED)",83.6,"Available",6,64.5262489,"65.0"
172883,"BAUHN","ATV65UHDW-1125","China",163.896,"LCD",94.374,"Available",6,64.5258552,"65.0"
172884,"BAUHN","ATV70UHDT-0126","China",176.563,"LCD",110.35,"Available",6,69.5128531,"70.0"
173171,"SYLVOX","OQ65A3KOHJ","China",163.896,"LCD",101.358,"Available",5.5,64.5258552,"65.0"
173172,"SYLVOX","OQ75A3KOHJ","China",189.34,"LCD",130.692,"Available",5.5,74.543158,"75.0"
173205,"Kogan","KAQL65MQXTA","China",163.896,"LCD (LED)",208.5,"Available",2.5,64.5258552,"65.0"
173212,"Samsung","HG24F800FAW","Vietnam",60.446,"LCD (LED)",21,"Available",5,23.7975902,"24.0"
173226,"KONKA","KDL40GA683AN-B","China",100.121,"LCD",46.1,"Available",5,39.4176377,"40.0"
173227,"KONKA","KUD50XG684AN-B","China",125.404,"LCD",70.7,"Available",5,49.3715548,"49.0"
173235,"Kogan","KAQL75MQXTA","China",189.34,"LCD (LED)",248.3,"Available",3,74.543158,"75.0"
173236,"Kogan","KAQL85MQXTA","China",214.783,"LCD (LED)",321.3,"Available",2.5,84.5600671,"85.0"
173260,"Linsar","LS65UHDZEN25S","China",163.896,"LCD (LED)",94.374,"Available",6,64.5258552,"65.0"
173261,"DGTEC","DG75UHDW-23351","China",189.34,"LCD",128.89,"Available",6,74.543158,"75.0"
173269,"KONKA","KUD65XG684AN-B","China",163.257,"LCD",107.6,"Available",5,64.27428090000001,"64.0"
173272,"JVC","LT-65NQ7165A","China",163.508,"LCD (LED)",66.42,"Available",6,64.3730996,"64.0"
173332,"LG","55UA731C0SB","China,Vietnam",138.783,"LCD (LED)",91,"Available",5,54.63886709999999,"55.0"
173334,"LG","65UA731C0SB","China,Vietnam",163.897,"LCD (LED)",115,"Available",5,64.5262489,"65.0"
173352,"KONKA","KUD55XG684AN-B","China",138.287,"LCD",89.1,"Available",5,54.4435919,"55.0"
173400,"LG","43UA731C0SB","China,Vietnam",107.987,"LCD (LED)",66,"Available",4.5,42.5144819,"43.0"
173401,"Samsung","MRA115MR95F","Vietnam",290.784,"LCD (LED)",464,"Available",4,114.4816608,"115.0"
173404,"LG","50UA731C0SB","China,Vietnam",125.727,"LCD (LED)",81,"Available",4.5,49.4987199,"50.0"
173428,"AIWA","AWC24DW","China",59.774,"LCD (LED)",26.3,"Available",4,23.5330238,"24.0"
173428,"AIWA","AWC240WZ，AWC24DW","China",59.774,"LCD (LED)",26.3,"Available",4,23.5330238,"24.0"
173462,"BLAUPUNKT","BP750USG60100","China",189.306,"LCD",211.836,"Available",3,74.5297722,"75.0"
173483,"Kogan","KALED60U95TA","China",152.661,"LCD (LED)",102,"Available",5,60.1026357,"60.0"
173483,"Kogan","KALED60U95TB","China",152.661,"LCD (LED)",102,"Available",5,60.1026357,"60.0"
173483,"Kogan","KALED60U95TC","China",152.661,"LCD (LED)",102,"Available",5,60.1026357,"60.0"
173483,"Kogan","KALED60U95TD","China",152.661,"LCD (LED)",102,"Available",5,60.1026357,"60.0"
173483,"Kogan","KALED60U95TE","China",152.661,"LCD (LED)",102,"Available",5,60.1026357,"60.0"
173483,"Kogan","KALED60U95T*","China",152.661,"LCD (LED)",102,"Available",5,60.1026357,"60.0"
173656,"AIWA","AWS430QWE","China",107.95,"LCD (LED)",38.16,"Available",6,42.499915,"43.0"
173697,"JVC","AV-BQ557165A","China",138.798,"LCD (LED)",60.62,"Available",6,54.6447726,"55.0"
173787,"FPD","OG32-P1","China",80.039,"LCD (LED)",31.68,"Available",5,31.5113543,"32.0"
173787,"FPD","OG32-P2","China",80.039,"LCD (LED)",31.68,"Available",5,31.5113543,"32.0"
173787,"FPD","****32**********","China",80.039,"LCD (LED)",31.68,"Available",5,31.5113543,"32.0"
173795,"JVC","LT-40NQ5165A","China",100.305,"LCD (LED)",32.46,"Available",6,39.4900785,"40.0"
173795,"JVC","LT-40*******","China",100.305,"LCD (LED)",32.46,"Available",6,39.4900785,"40.0"
173853,"TECO","LED24JFRDHU","China",60.47,"LCD (LED)",17.48,"Available",5.5,23.807039,"24.0"
173855,"TECO","LED19JHRHU","China",47.013,"LCD (LED)",18.47,"Available",4,18.5090181,"19.0"
173867,"BAUHN","ATV49FHDT-0126","China",125.774,"LCD",52.6,"Available",6,49.5172238,"50.0"
173952,"BLAUPUNKT","BP24TIZDVD","China",60.47,"LCD (LED)",25.68,"Available",4.5,23.807039,"24.0"
173954,"BLAUPUNKT","BP32TIZDVD","China",80.039,"LCD (LED)",34.76,"Available",5,31.5113543,"32.0"
173976,"BLAUPUNKT","BP40TIZDVD","China",100.332,"LCD (LED)",35.63,"Available",6,39.50070839999999,"40.0"
174057,"DGTEC","DG70UHDW-23353","China",176.537,"LCD (LED)",108.29,"Available",6,69.5026169,"70.0"
174073,"EKO","K320HGT12V","China",80.054,"LCD (LED)",31.784,"Available",5,31.5172598,"32.0"
174102,"BLAUPUNKT","COBP550UTS","China",138.783,"LCD",82.2,"Available",5.5,54.63886709999999,"55.0"
174141,"Altius","AT24HDNFB","China",59.827,"LCD (LED)",15.38,"Available",6,23.553889899999998,"24.0"
174262,"EKO","K750UATW","China",189.306,"LCD",195.75,"Available",4,74.5297722,"75.0"
174291,"KONKA","KDL32GA683AN-B","China",79.967,"LCD",33.4,"Available",5,31.4830079,"32.0"
174307,"AIWA","AWS500WN","China",125.731,"LCD (LED)",58.95,"Available",6,49.5002947,"50.0"
174310,"AIWA","AWS55DW","China",138.783,"LCD (LED)",90.11,"Available",5,54.63886709999999,"55.0"
174315,"AIWA","AWS650QWG","China",163.896,"LCD (LED)",92.39,"Available",6,64.5258552,"65.0"
174318,"Sony","K-43S20M2","Vietnam",107.95,"LCD (LED)",57,"Available",5,42.499915,"43.0"
174319,"Sony","K-50S20M2","Vietnam",125.725,"LCD (LED)",65.8,"Available",5.5,49.4979325,"50.0"
174325,"Sony","K-55S20M2","Vietnam",138.798,"LCD (LED)",83.6,"Available",5,54.6447726,"55.0"
174327,"Sony","K-65S20M2","Vietnam",163.878,"LCD (LED)",109.8,"Available",5.5,64.51876859999999,"65.0"
174328,"Sony","K-75S20M2","Vietnam",189.306,"LCD (LED)",133,"Available",5.5,74.5297722,"75.0"
174336,"BLAUPUNKT","BP320FSG9800","China",80.054,"LCD",28,"Available",4,31.5172598,"32.0"
174384,"AIWA","AWS550QWE","China",138.015,"LCD (LED)",60.78,"Available",6,54.336505499999994,"54.0"
174384,"AIWA","AWS550QWE，AWS550QW","China",138.015,"LCD (LED)",60.78,"Available",6,54.336505499999994,"54.0"
174442,"JVC","AV-BQ557165AE","China",138.015,"LCD (LED)",60.78,"Available",6,54.336505499999994,"54.0"
174442,"JVC","AV-BQ557165AE, AV-BQ557165A","China",138.015,"LCD (LED)",60.78,"Available",6,54.336505499999994,"54.0"
174511,"Spark Electronics","55SPA-Outdoor-TV","China",138.783,"LCD (LED)",114.75,"Available",4,54.63886709999999,"55.0"
174511,"Spark Electronics","65SPA-Outdoor-TV","China",138.783,"LCD (LED)",114.75,"Available",4,54.63886709999999,"55.0"
174511,"Spark Electronics","75SPA-Outdoor-TV","China",138.783,"LCD (LED)",114.75,"Available",4,54.63886709999999,"55.0"
174511,"Spark Electronics","55ALF-Outdoor-TV","China",138.783,"LCD (LED)",114.75,"Available",4,54.63886709999999,"55.0"
174511,"Spark Electronics","65ALF-Outdoor-TV","China",138.783,"LCD (LED)",114.75,"Available",4,54.63886709999999,"55.0"
174511,"Spark Electronics","75ALFOutdoor-TV","China",138.783,"LCD (LED)",114.75,"Available",4,54.63886709999999,"55.0"
174511,"Spark Electronics","Outdoor TV","China",138.783,"LCD (LED)",114.75,"Available",4,54.63886709999999,"55.0"
174512,"Spark Electronics","65"" Patio Pro","China",164.129,"LCD",158.28,"Available",4,64.6175873,"65.0"
174512,"Spark Electronics","65"" Patio","China",164.129,"LCD",158.28,"Available",4,64.6175873,"65.0"
174512,"Spark Electronics","65"" Pavilion 2 Pro","China",164.129,"LCD",158.28,"Available",4,64.6175873,"65.0"
174512,"Spark Electronics","65"" Pavilion 2","China",164.129,"LCD",158.28,"Available",4,64.6175873,"65.0"
174513,"Spark Electronics","55"" Patio Pro","China",139.022,"LCD",127.74,"Available",3.5,54.73296139999999,"55.0"
174513,"Spark Electronics","55"" Patio","China",139.022,"LCD",127.74,"Available",3.5,54.73296139999999,"55.0"
174513,"Spark Electronics","55"" Pavilion 2","China",139.022,"LCD",127.74,"Available",3.5,54.73296139999999,"55.0"
174513,"Spark Electronics","55"" Pavilion 2 Pro","China",139.022,"LCD",127.74,"Available",3.5,54.73296139999999,"55.0"
174517,"KONIC","KKD32TE362AM","China",80.039,"LCD (LED)",34.8,"Available",5,31.5113543,"32.0"
174634,"Spark Electronics","75"" Patio","China",189.17,"LCD",252.5,"Available",3,74.47622899999999,"75.0"
174634,"Spark Electronics","75"" Patio Pro","China",189.17,"LCD",252.5,"Available",3,74.47622899999999,"75.0"
174634,"Spark Electronics","75"" Pavilion 2","China",189.17,"LCD",252.5,"Available",3,74.47622899999999,"75.0"
174634,"Spark Electronics","75"" Pavilion 2 Pro","China",189.17,"LCD",252.5,"Available",3,74.47622899999999,"75.0"
174635,"Spark Electronics","86"" Patio","China",217.474,"LCD",482.4,"Available",1,85.6195138,"86.0"
174635,"Spark Electronics","86"" Patio Pro","China",217.474,"LCD",482.4,"Available",1,85.6195138,"86.0"
174635,"Spark Electronics","86"" Pavilion 2","China",217.474,"LCD",482.4,"Available",1,85.6195138,"86.0"
174635,"Spark Electronics","86"" Pavilion 2 Pro","China",217.474,"LCD",482.4,"Available",1,85.6195138,"86.0"
174637,"Spark Electronics","65"" Lumin","China",163.644,"LCD",240.9,"Available",2,64.4266428,"65.0"
174639,"Spark Electronics","75"" Lumin","China",189.132,"LCD",340.8,"Available",1.5,74.4612684,"75.0"
174687,"Kogan","KAQL100MQXTA","China",252.784,"LCD (LED)",254.9,"Available",5,99.5210608,"100.0"
174687,"Kogan","KAQL100MQXTB","China",252.784,"LCD (LED)",254.9,"Available",5,99.5210608,"100.0"
174687,"Kogan","KAQL100MQXTC","China",252.784,"LCD (LED)",254.9,"Available",5,99.5210608,"100.0"
174687,"Kogan","KAQL100MQXTD","China",252.784,"LCD (LED)",254.9,"Available",5,99.5210608,"100.0"
174687,"Kogan","KAQL100MQXT*","China",252.784,"LCD (LED)",254.9,"Available",5,99.5210608,"100.0"
174768,"LG","55QNED86BSA","Indonesia,South Korea",138.783,"LCD (LED)",82,"Available",5.5,54.63886709999999,"55.0"
174769,"LG","55QNED87B6A","Indonesia,South Korea",138.783,"LCD (LED)",82,"Available",5.5,54.63886709999999,"55.0"
174770,"LG","65QNED86BSA","Indonesia,South Korea",163.897,"LCD (LED)",100,"Available",6,64.5262489,"65.0"
174771,"LG","65QNED87B6A","Indonesia,South Korea",163.897,"LCD (LED)",100,"Available",6,64.5262489,"65.0"
174772,"LG","75QNED86BSA","Indonesia,South Korea",189.275,"LCD (LED)",105,"Available",7,74.5175675,"75.0"
174773,"LG","75QNED87B6A","Indonesia,South Korea",189.275,"LCD (LED)",105,"Available",7,74.5175675,"75.0"
174854,"PHILIPS","55HFL4025/97","China",138.783,"LCD (LED)",61.2,"Available",6,54.63886709999999,"55.0"
174855,"PHILIPS","55HFL7025/97","China",138.783,"LCD (LED)",67.5,"Available",5.5,54.63886709999999,"55.0"
174889,"PHILIPS","50HFL4025/97","China",125.736,"LCD (LED)",47.5,"Available",6,49.5022632,"50.0"
174890,"PHILIPS","50HFL7025/97","China",125.727,"LCD (LED)",52.1,"Available",5.5,49.4987199,"50.0"
174891,"PHILIPS","65HFL7025/97","China",163.897,"LCD (LED)",76.6,"Available",6,64.5262489,"65.0"
174894,"AIWA","AWS500QWE","China",125.725,"LCD (LED)",51.6,"Available",6,49.4979325,"50.0"
174894,"AIWA","AWS500QW，AWS500QWE","China",125.725,"LCD (LED)",51.6,"Available",6,49.4979325,"50.0"
174894,"AIWA","AV-BO507165A","China",125.725,"LCD (LED)",51.6,"Available",6,49.4979325,"50.0"
174894,"AIWA","AV-BQ507165AE","China",125.725,"LCD (LED)",51.6,"Available",6,49.4979325,"50.0"
174894,"AIWA","AV-JQ507165A","China",125.725,"LCD (LED)",51.6,"Available",6,49.4979325,"50.0"
174901,"PHILIPS","32HFL4025/97","China",80.133,"LCD (LED)",24.7,"Available",5.5,31.5483621,"32.0"
174902,"PHILIPS","24HFL4025/97","China",59.827,"LCD (LED)",20.2,"Available",4.5,23.553889899999998,"24.0"
174903,"PHILIPS","43HFL4025/97","China",107.956,"LCD (LED)",32.5,"Available",5.5,42.5022772,"43.0"
174904,"PHILIPS","43HFL7025/97","China",107.987,"LCD (LED)",41.5,"Available",5.5,42.5144819,"43.0"
174913,"coocaa","75G6500H","China",189.338,"LCD (LED)",152.8,"Available",5,74.5423706,"75.0"
174915,"LG","OLED65B6PSA","Indonesia,South Korea",163.896,"OLED",106,"Available",5.5,64.5258552,"65.0"
174916,"LG","OLED65B66LA","Indonesia,South Korea",163.896,"OLED",106,"Available",5.5,64.5258552,"65.0"
174934,"CHiQ","L24D6CG","China",59.824,"LCD (LED)",20,"Available",5,23.552708799999998,"24.0"
174976,"LG","43NU850B6LA","Indonesia,South Korea",107.987,"LCD (LED)",62,"Available",4.5,42.5144819,"43.0"
174977,"LG","43NU855BPSA","Indonesia,South Korea",107.987,"LCD (LED)",62,"Available",4.5,42.5144819,"43.0"
174978,"LG","55NU850B6LA","Indonesia,South Korea",138.783,"LCD (LED)",80,"Available",5.5,54.63886709999999,"55.0"
174979,"LG","55NU855BPSA","Indonesia,South Korea",138.783,"LCD (LED)",80,"Available",5.5,54.63886709999999,"55.0"
174984,"LG","43QNED80B6B","Indonesia,South Korea",107.987,"LCD (LED)",63,"Available",4.5,42.5144819,"43.0"
174985,"LG","43QNED80BSA","Indonesia,South Korea",107.987,"LCD (LED)",63,"Available",4.5,42.5144819,"43.0"
174986,"LG","50NU850B6LA","Indonesia,South Korea",125.727,"LCD (LED)",76,"Available",5,49.4987199,"50.0"
174987,"LG","50NU855BPSA","Indonesia,South Korea",125.727,"LCD (LED)",76,"Available",5,49.4987199,"50.0"
174988,"LG","65NU850B6LA","Indonesia,South Korea",163.897,"LCD (LED)",100,"Available",6,64.5262489,"65.0"
174989,"LG","65NU855BPSA","Indonesia,South Korea",163.897,"LCD (LED)",100,"Available",6,64.5262489,"65.0"
174990,"LG","65QNED80B6B","Indonesia,South Korea",163.897,"LCD (LED)",140,"Available",4.5,64.5262489,"65.0"
174991,"LG","65QNED80BSA","Indonesia,South Korea",163.897,"LCD (LED)",140,"Available",4.5,64.5262489,"65.0"
174992,"LG","75MRGB86B6A","Indonesia,South Korea",189.275,"LCD (LED)",106,"Available",7,74.5175675,"75.0"
174993,"LG","75MRGB86BSA","Indonesia,South Korea",189.275,"LCD (LED)",106,"Available",7,74.5175675,"75.0"
174994,"LG","75QNED70B6A","Indonesia,South Korea",189.275,"LCD (LED)",132,"Available",6,74.5175675,"75.0"
174995,"LG","75QNED70BSA","Indonesia,South Korea",189.275,"LCD (LED)",132,"Available",6,74.5175675,"75.0"
175010,"SYLVOX","OT43A7K5GD","China",107.987,"LCD",51.6354,"Available",5,42.5144819,"43.0"
175010,"SYLVOX","OQ43A7K5GD","China",107.987,"LCD",51.6354,"Available",5,42.5144819,"43.0"
175010,"SYLVOX","OQ43A2KEGC","China",107.987,"LCD",51.6354,"Available",5,42.5144819,"43.0"
175010,"SYLVOX","OT43A2KOGD","China",107.987,"LCD",51.6354,"Available",5,42.5144819,"43.0"
175010,"SYLVOX","OQ43A2KOGD","China",107.987,"LCD",51.6354,"Available",5,42.5144819,"43.0"
175010,"SYLVOX","OT43B3K5GD","China",107.987,"LCD",51.6354,"Available",5,42.5144819,"43.0"
175010,"SYLVOX","OQ43B3K5GD","China",107.987,"LCD",51.6354,"Available",5,42.5144819,"43.0"
175010,"SYLVOX","OT43BЗKЗGD","China",107.987,"LCD",51.6354,"Available",5,42.5144819,"43.0"
175010,"SYLVOX","OQ43BЗKЗGD","China",107.987,"LCD",51.6354,"Available",5,42.5144819,"43.0"
175010,"SYLVOX","OT43A2K3GD","China",107.987,"LCD",51.6354,"Available",5,42.5144819,"43.0"
175010,"SYLVOX","O*43**K***","China",107.987,"LCD",51.6354,"Available",5,42.5144819,"43.0"
175011,"SYLVOX","OT43A7K5GF","China",107.987,"LCD",51.03,"Available",5,42.5144819,"43.0"
175011,"SYLVOX","OQ43A7K5GF","China",107.987,"LCD",51.03,"Available",5,42.5144819,"43.0"
175011,"SYLVOX","OT43A2KEGE","China",107.987,"LCD",51.03,"Available",5,42.5144819,"43.0"
175011,"SYLVOX","OQ43A2KEGE","China",107.987,"LCD",51.03,"Available",5,42.5144819,"43.0"
175011,"SYLVOX","OQ43A2KOGF","China",107.987,"LCD",51.03,"Available",5,42.5144819,"43.0"
175011,"SYLVOX","OT43A2KOGF","China",107.987,"LCD",51.03,"Available",5,42.5144819,"43.0"
175011,"SYLVOX","OT43B2K5GF","China",107.987,"LCD",51.03,"Available",5,42.5144819,"43.0"
175011,"SYLVOX","OT43A2K3GF","China",107.987,"LCD",51.03,"Available",5,42.5144819,"43.0"
175011,"SYLVOX","OQ43A2K3GF","China",107.987,"LCD",51.03,"Available",5,42.5144819,"43.0"
175011,"SYLVOX","O*43****GF","China",107.987,"LCD",51.03,"Available",5,42.5144819,"43.0"
175012,"LG","85QNED80B6A","Indonesia,South Korea",214.783,"LCD (LED)",212,"Available",5,84.5600671,"85.0"
175013,"LG","85QNED80BSA","Indonesia,South Korea",214.783,"LCD (LED)",212,"Available",5,84.5600671,"85.0"
175014,"LG","OLED65C6PSA","Indonesia,South Korea",163.896,"OLED",109,"Available",5.5,64.5258552,"65.0"
175015,"LG","OLED65C66LA","Indonesia,South Korea",163.896,"OLED",109,"Available",5.5,64.5258552,"65.0"
175037,"SYLVOX","OQ55A3K8HG","China",138.783,"LCD",65.5236,"Available",6,54.63886709999999,"55.0"
175047,"SYLVOX","OT55A7K5GF","China",138.783,"LCD",71.3472,"Available",6,54.63886709999999,"55.0"
175047,"SYLVOX","OQ55A7K5GF","China",138.783,"LCD",71.3472,"Available",6,54.63886709999999,"55.0"
175047,"SYLVOX","OT55A2KEGE","China",138.783,"LCD",71.3472,"Available",6,54.63886709999999,"55.0"
175047,"SYLVOX","OQ55A2KEGE","China",138.783,"LCD",71.3472,"Available",6,54.63886709999999,"55.0"
175047,"SYLVOX","OQ55A2KOGF","China",138.783,"LCD",71.3472,"Available",6,54.63886709999999,"55.0"
175047,"SYLVOX","OT55A2KOGF","China",138.783,"LCD",71.3472,"Available",6,54.63886709999999,"55.0"
175047,"SYLVOX","OT55B2K5GF","China",138.783,"LCD",71.3472,"Available",6,54.63886709999999,"55.0"
175047,"SYLVOX","OT55A2K3GF","China",138.783,"LCD",71.3472,"Available",6,54.63886709999999,"55.0"
175047,"SYLVOX","OQ55A2K3GF","China",138.783,"LCD",71.3472,"Available",6,54.63886709999999,"55.0"
175047,"SYLVOX","O*55**K*G*","China",138.783,"LCD",71.3472,"Available",6,54.63886709999999,"55.0"
175050,"SYLVOX","OT55A7K5GD","China",138.783,"LCD",67.434,"Available",6,54.63886709999999,"55.0"
175050,"SYLVOX","OQ55A7K5GD","China",138.783,"LCD",67.434,"Available",6,54.63886709999999,"55.0"
175050,"SYLVOX","OQ55A2KEGC","China",138.783,"LCD",67.434,"Available",6,54.63886709999999,"55.0"
175050,"SYLVOX","OT55A2KOGD","China",138.783,"LCD",67.434,"Available",6,54.63886709999999,"55.0"
175050,"SYLVOX","OQ55A2KOGD","China",138.783,"LCD",67.434,"Available",6,54.63886709999999,"55.0"
175050,"SYLVOX","OT55B3K5GD","China",138.783,"LCD",67.434,"Available",6,54.63886709999999,"55.0"
175050,"SYLVOX","OQ55B3K5GD","China",138.783,"LCD",67.434,"Available",6,54.63886709999999,"55.0"
175050,"SYLVOX","OT55BЗKЗGD","China",138.783,"LCD",67.434,"Available",6,54.63886709999999,"55.0"
175050,"SYLVOX","OQ55BЗKЗGD","China",138.783,"LCD",67.434,"Available",6,54.63886709999999,"55.0"
175050,"SYLVOX","OT55A2K3GD","China",138.783,"LCD",67.434,"Available",6,54.63886709999999,"55.0"
175053,"SYLVOX","OQ65A3K8HG","China",163.896,"LCD",93.012,"Available",6,64.5258552,"65.0"
175054,"SYLVOX","OT65A7K5GF","China",163.896,"LCD",90.0792,"Available",6,64.5258552,"65.0"
175054,"SYLVOX","OQ65A7K5GF","China",163.896,"LCD",90.0792,"Available",6,64.5258552,"65.0"
175054,"SYLVOX","OT65A2KEGE","China",163.896,"LCD",90.0792,"Available",6,64.5258552,"65.0"
175054,"SYLVOX","OQ65A2KEGE","China",163.896,"LCD",90.0792,"Available",6,64.5258552,"65.0"
175054,"SYLVOX","OQ65A2KOGF","China",163.896,"LCD",90.0792,"Available",6,64.5258552,"65.0"
175054,"SYLVOX","OT65A2KOGF","China",163.896,"LCD",90.0792,"Available",6,64.5258552,"65.0"
175054,"SYLVOX","OT65B2K5GF","China",163.896,"LCD",90.0792,"Available",6,64.5258552,"65.0"
175054,"SYLVOX","OT65A2K3GF","China",163.896,"LCD",90.0792,"Available",6,64.5258552,"65.0"
175054,"SYLVOX","OQ65A2K3GF","China",163.896,"LCD",90.0792,"Available",6,64.5258552,"65.0"
175054,"SYLVOX","O*65**K*G*","China",163.896,"LCD",90.0792,"Available",6,64.5258552,"65.0"
175056,"SYLVOX","OT65A7K5GD","China",163.896,"LCD",90.1488,"Available",6,64.5258552,"65.0"
175056,"SYLVOX","OQ65A7K5GD","China",163.896,"LCD",90.1488,"Available",6,64.5258552,"65.0"
175056,"SYLVOX","OQ65A2KEGC","China",163.896,"LCD",90.1488,"Available",6,64.5258552,"65.0"
175056,"SYLVOX","OT65A2KOGD","China",163.896,"LCD",90.1488,"Available",6,64.5258552,"65.0"
175056,"SYLVOX","OQ65A2KOGD","China",163.896,"LCD",90.1488,"Available",6,64.5258552,"65.0"
175056,"SYLVOX","OT65B3K5GD","China",163.896,"LCD",90.1488,"Available",6,64.5258552,"65.0"
175056,"SYLVOX","OQ65B3K5GD","China",163.896,"LCD",90.1488,"Available",6,64.5258552,"65.0"
175056,"SYLVOX","OT65BЗKЗGD","China",163.896,"LCD",90.1488,"Available",6,64.5258552,"65.0"
175056,"SYLVOX","OQ65BЗKЗGD","China",163.896,"LCD",90.1488,"Available",6,64.5258552,"65.0"
175056,"SYLVOX","OT65A2K3GD","China",163.896,"LCD",90.1488,"Available",6,64.5258552,"65.0"
175059,"SYLVOX","OQ75A3K8HG","China",189.34,"LCD",103.59,"Available",7,74.543158,"75.0"
175061,"SYLVOX","OT75A7K5GF","China",189.34,"LCD",124.536,"Available",6,74.543158,"75.0"
175061,"SYLVOX","OQ75A7K5GF","China",189.34,"LCD",124.536,"Available",6,74.543158,"75.0"
175061,"SYLVOX","OT75A2KEGE","China",189.34,"LCD",124.536,"Available",6,74.543158,"75.0"
175061,"SYLVOX","OQ75A2KEGE","China",189.34,"LCD",124.536,"Available",6,74.543158,"75.0"
175061,"SYLVOX","OQ75A2KOGF","China",189.34,"LCD",124.536,"Available",6,74.543158,"75.0"
175061,"SYLVOX","OT75A2KOGF","China",189.34,"LCD",124.536,"Available",6,74.543158,"75.0"
175061,"SYLVOX","OT75B2K5GF","China",189.34,"LCD",124.536,"Available",6,74.543158,"75.0"
175061,"SYLVOX","OT75A2K3GF","China",189.34,"LCD",124.536,"Available",6,74.543158,"75.0"
175061,"SYLVOX","OQ75A2K3GF","China",189.34,"LCD",124.536,"Available",6,74.543158,"75.0"
175061,"SYLVOX","O75**K*G*","China",189.34,"LCD",124.536,"Available",6,74.543158,"75.0"
175062,"SYLVOX","OT75A7K5GD","China",189.34,"LCD",119.9244,"Available",6,74.543158,"75.0"
175062,"SYLVOX","OQ75A7K5GD","China",189.34,"LCD",119.9244,"Available",6,74.543158,"75.0"
175062,"SYLVOX","OQ75A2KEGC","China",189.34,"LCD",119.9244,"Available",6,74.543158,"75.0"
175062,"SYLVOX","OT75A2KOGD","China",189.34,"LCD",119.9244,"Available",6,74.543158,"75.0"
175062,"SYLVOX","OQ75A2KOGD","China",189.34,"LCD",119.9244,"Available",6,74.543158,"75.0"
175062,"SYLVOX","OT75B3K5GD","China",189.34,"LCD",119.9244,"Available",6,74.543158,"75.0"
175062,"SYLVOX","OQ75B3K5GD","China",189.34,"LCD",119.9244,"Available",6,74.543158,"75.0"
175062,"SYLVOX","OT75BЗKЗGD","China",189.34,"LCD",119.9244,"Available",6,74.543158,"75.0"
175062,"SYLVOX","OQ75BЗKЗGD","China",189.34,"LCD",119.9244,"Available",6,74.543158,"75.0"
175062,"SYLVOX","OT75A2K3GD","China",189.34,"LCD",119.9244,"Available",6,74.543158,"75.0"
175062,"SYLVOX","O*75**K*G*","China",189.34,"LCD",119.9244,"Available",6,74.543158,"75.0"
175073,"HISENSE","32Q6SAU","China",80.131,"LCD (LED)",24.82,"Available",6,31.5475747,"32.0"
175073,"HISENSE","32Q6SNZ","China",80.131,"LCD (LED)",24.82,"Available",6,31.5475747,"32.0"
175073,"HISENSE","32Q6","China",80.131,"LCD (LED)",24.82,"Available",6,31.5475747,"32.0"
175073,"HISENSE","32Q6QNZ","China",80.131,"LCD (LED)",24.82,"Available",6,31.5475747,"32.0"
175073,"HISENSE","32Q6QAU","China",80.131,"LCD (LED)",24.82,"Available",6,31.5475747,"32.0"
175205,"AIWA","AWS700WS","China",176.528,"LCD (LED)",149.6,"Available",4.5,69.4990736,"70.0"
175207,"JVC","LT-70NQ7165A","China",176.539,"LCD (LED)",136.3,"Available",4.5,69.5034043,"70.0"
175208,"AIWA","AWS60DG","China",152.661,"LCD (LED)",102,"Available",5,60.1026357,"60.0"
175210,"EKO","K50FST","China",125.731,"LCD (LED)",55.52,"Available",6,49.5002947,"50.0"
175211,"TELEFUNKEN","TL500TQZ","China",125.731,"LCD (LED)",55.52,"Available",6,49.5002947,"50.0"
175211,"TELEFUNKEN","TL500TQZ1","China",125.731,"LCD (LED)",55.52,"Available",6,49.5002947,"50.0"
175211,"TELEFUNKEN","TL500TQZ2","China",125.731,"LCD (LED)",55.52,"Available",6,49.5002947,"50.0"
175211,"TELEFUNKEN","TL500TQZ3","China",125.731,"LCD (LED)",55.52,"Available",6,49.5002947,"50.0"
175238,"TECO","LED32BHSRC","China",80.912,"LCD (LED)",27.42,"Available",5.5,31.8550544,"32.0"
175241,"LG","50QNED70B6C","Indonesia,South Korea",125.727,"LCD (LED)",76,"Available",5,49.4987199,"50.0"
175242,"LG","50QNED70BSA","Indonesia,South Korea",125.727,"LCD (LED)",76,"Available",5,49.4987199,"50.0"
175243,"LG","50QNED80B6B","Indonesia,South Korea",125.727,"LCD (LED)",80,"Available",4.5,49.4987199,"50.0"
175244,"LG","50QNED80BSA","Indonesia,South Korea",125.727,"LCD (LED)",80,"Available",4.5,49.4987199,"50.0"
175245,"LG","55MRGB86B6A","Indonesia,South Korea",138.783,"LCD (LED)",78,"Available",5.5,54.63886709999999,"55.0"
175246,"LG","55MRGB86BSA","Indonesia,South Korea",138.783,"LCD (LED)",78,"Available",5.5,54.63886709999999,"55.0"
175247,"LG","55QNED70B6C","Indonesia,South Korea",138.783,"LCD (LED)",82,"Available",5.5,54.63886709999999,"55.0"
175248,"LG","55QNED70BSA","Indonesia,South Korea",138.783,"LCD (LED)",82,"Available",5.5,54.63886709999999,"55.0"
175249,"LG","55QNED80B6B","Indonesia,South Korea",138.783,"LCD (LED)",88,"Available",5,54.63886709999999,"55.0"
175250,"LG","55QNED80BSA","Indonesia,South Korea",138.783,"LCD (LED)",88,"Available",5,54.63886709999999,"55.0"
175251,"LG","75QNED80B6A","Indonesia,South Korea",189.275,"LCD (LED)",166,"Available",5,74.5175675,"75.0"
175252,"LG","75QNED80BSA","Indonesia,South Korea",189.275,"LCD (LED)",166,"Available",5,74.5175675,"75.0"
175253,"LG","85QNED70B6A","Indonesia,South Korea",214.783,"LCD (LED)",158,"Available",6,84.5600671,"85.0"
175254,"LG","85QNED70BSA","Indonesia,South Korea",214.783,"LCD (LED)",158,"Available",6,84.5600671,"85.0"
175400,"LG","43QNED70B6C","Indonesia,South Korea",107.987,"LCD (LED)",63,"Available",4.5,42.5144819,"43.0"
175401,"LG","43QNED70BSA","Indonesia,South Korea",107.987,"LCD (LED)",63,"Available",4.5,42.5144819,"43.0"
175402,"LG","65QNED70B6C","Indonesia,South Korea",163.897,"LCD (LED)",100,"Available",6,64.5262489,"65.0"
175403,"LG","65QNED70BSA","Indonesia,South Korea",163.897,"LCD (LED)",100,"Available",6,64.5262489,"65.0"
175404,"LG","75NU850B6LA","Indonesia,South Korea",189.275,"LCD (LED)",130,"Available",6,74.5175675,"75.0"
175405,"LG","75NU855BPSA","Indonesia,South Korea",189.275,"LCD (LED)",130,"Available",6,74.5175675,"75.0"
175406,"LG","85NU850B6LA","Indonesia,South Korea",214.783,"LCD (LED)",155,"Available",6,84.5600671,"85.0"
175407,"LG","85NU855BPSA","Indonesia,South Korea",214.783,"LCD (LED)",155,"Available",6,84.5600671,"85.0"
175408,"LG","OLED48B6PSA","Indonesia,South Korea",120.721,"OLED",78,"Available",4.5,47.5278577,"48.0"
175409,"LG","OLED48C6PSA","Indonesia,South Korea",120.721,"OLED",60,"Available",5.5,47.5278577,"48.0"
175410,"LG","OLED48C66LA","Indonesia,South Korea",120.721,"OLED",60,"Available",5.5,47.5278577,"48.0"
175411,"LG","OLED55B6PSA","Indonesia,South Korea",138.783,"OLED",90,"Available",5,54.63886709999999,"55.0"
175412,"LG","OLED55B66LA","Indonesia,South Korea",138.783,"OLED",90,"Available",5,54.63886709999999,"55.0"
175413,"LG","OLED55C6PSA","Indonesia,South Korea",138.783,"OLED",96,"Available",4.5,54.63886709999999,"55.0"
175414,"LG","OLED55C66LA","Indonesia,South Korea",138.783,"OLED",96,"Available",4.5,54.63886709999999,"55.0"
175415,"LG","OLED55G6PSB","Indonesia,South Korea",138.783,"OLED",92,"Available",5,54.63886709999999,"55.0"
175416,"LG","OLED65G6PSB","Indonesia,South Korea",163.897,"OLED",112,"Available",5.5,64.5262489,"65.0"
175417,"LG","OLED77B6PSA","Indonesia,South Korea",194.738,"OLED",138,"Available",6,76.6683506,"77.0"
175418,"LG","OLED77B66LA","Indonesia,South Korea",194.738,"OLED",138,"Available",6,76.6683506,"77.0"
175419,"LG","OLED77G6PSB","Indonesia,South Korea",194.738,"OLED",140,"Available",6,76.6683506,"77.0"
175627,"BAUHN","ATV24HDTB-0226","China",59.809,"LCD",17.9,"Available",6,23.546803299999997,"24.0"
175701,"LG","86MRGB86B6A","Indonesia,South Korea",217.443,"LCD (LED)",146,"Available",6,85.60730910000001,"86.0"
175702,"LG","86MRGB86BSA","Indonesia,South Korea",217.443,"LCD (LED)",146,"Available",6,85.60730910000001,"86.0"
175762,"Samsung","UA43M70HAW","Vietnam",107.987,"LCD (LED)",70,"Available",4,42.5144819,"43.0"
175762,"Samsung","UA43M70HAS","Vietnam",107.987,"LCD (LED)",70,"Available",4,42.5144819,"43.0"
175762,"Samsung","UA43M70HA*","Vietnam",107.987,"LCD (LED)",70,"Available",4,42.5144819,"43.0"
175763,"Samsung","UA50M70HAW","Vietnam",125.727,"LCD (LED)",73,"Available",5,49.4987199,"50.0"
175763,"Samsung","UA50M70HAS","Vietnam",125.727,"LCD (LED)",73,"Available",5,49.4987199,"50.0"
175763,"Samsung","UA50M70HA*","Vietnam",125.727,"LCD (LED)",73,"Available",5,49.4987199,"50.0"
175766,"Samsung","UA55M70HAW","Vietnam",138.783,"LCD (LED)",84,"Available",5,54.63886709999999,"55.0"
175766,"Samsung","UA55M70HAS","Vietnam",138.783,"LCD (LED)",84,"Available",5,54.63886709999999,"55.0"
175766,"Samsung","UA55M70HA*","Vietnam",138.783,"LCD (LED)",84,"Available",5,54.63886709999999,"55.0"
175767,"Samsung","UA65M70HAW","Vietnam",163.897,"LCD (LED)",111,"Available",5.5,64.5262489,"65.0"
175767,"Samsung","UA65M70HAS","Vietnam",163.897,"LCD (LED)",111,"Available",5.5,64.5262489,"65.0"
175767,"Samsung","UA65M70HA*","Vietnam",163.897,"LCD (LED)",111,"Available",5.5,64.5262489,"65.0"
175769,"Samsung","UA75M70HAW","Vietnam",189.338,"LCD (LED)",142,"Available",5.5,74.5423706,"75.0"
175769,"Samsung","UA75M70HAS","Vietnam",189.338,"LCD (LED)",142,"Available",5.5,74.5423706,"75.0"
175769,"Samsung","UA75M70HA*","Vietnam",189.338,"LCD (LED)",142,"Available",5.5,74.5423706,"75.0"
175780,"Samsung","UA85M70HAW","Vietnam",214.783,"LCD (LED)",151,"Available",6,84.5600671,"85.0"
175780,"Samsung","UA85M70HAS","Vietnam",214.783,"LCD (LED)",151,"Available",6,84.5600671,"85.0"
175780,"Samsung","UA85M70HA*","Vietnam",214.783,"LCD (LED)",151,"Available",6,84.5600671,"85.0"
175782,"Samsung","UA43U8000HW","Vietnam",107.987,"LCD (LED)",67,"Available",4,42.5144819,"43.0"
175782,"Samsung","UA43U8000HS","Vietnam",107.987,"LCD (LED)",67,"Available",4,42.5144819,"43.0"
175782,"Samsung","UA43U8500HW","Vietnam",107.987,"LCD (LED)",67,"Available",4,42.5144819,"43.0"
175782,"Samsung","UA43U8500HS","Vietnam",107.987,"LCD (LED)",67,"Available",4,42.5144819,"43.0"
175782,"Samsung","UA43U8*00H*","Vietnam",107.987,"LCD (LED)",67,"Available",4,42.5144819,"43.0"
175784,"Samsung","UA50U8000HW","Vietnam",125.727,"LCD (LED)",71,"Available",5,49.4987199,"50.0"
175784,"Samsung","UA50U8000HS","Vietnam",125.727,"LCD (LED)",71,"Available",5,49.4987199,"50.0"
175784,"Samsung","UA50U8500HW","Vietnam",125.727,"LCD (LED)",71,"Available",5,49.4987199,"50.0"
175784,"Samsung","UA50U8500HS","Vietnam",125.727,"LCD (LED)",71,"Available",5,49.4987199,"50.0"
175784,"Samsung","UA50U8*00H*","Vietnam",125.727,"LCD (LED)",71,"Available",5,49.4987199,"50.0"
175794,"LG","OLED77C6PSA","Indonesia,South Korea",194.738,"OLED",126,"Available",6,76.6683506,"77.0"
175795,"LG","OLED77C66LA","Indonesia,South Korea",194.738,"OLED",126,"Available",6,76.6683506,"77.0"
175796,"LG","OLED83G6PSB","Indonesia,South Korea",209.585,"OLED",155,"Available",6,82.5136145,"83.0"
175797,"LG","55UA8055PSA","Indonesia,South Korea",138.783,"LCD (LED)",92,"Available",5,54.63886709999999,"55.0"
175798,"LG","65UA8055PSA","Indonesia,South Korea",163.897,"LCD (LED)",118,"Available",5,64.5262489,"65.0"
175799,"LG","OLED42C6PSA","Indonesia,South Korea",105.52,"OLED",55,"Available",5,41.543223999999995,"42.0"
175800,"LG","OLED42C67LA","Indonesia,South Korea",105.52,"OLED",55,"Available",5,41.543223999999995,"42.0"
175801,"LG","OLED83B6PSA","Indonesia,South Korea",209.585,"OLED",151,"Available",6,82.5136145,"83.0"
175802,"LG","OLED83C6PSA","Indonesia,South Korea",209.585,"OLED",133,"Available",6,82.5136145,"83.0"
175803,"LG","OLED83C66LA","Indonesia,South Korea",209.585,"OLED",133,"Available",6,82.5136145,"83.0"
175804,"LG","65MRGB86B6A","Indonesia,South Korea",163.897,"LCD (LED)",99,"Available",6,64.5262489,"65.0"
175805,"LG","65MRGB86BSA","Indonesia,South Korea",163.897,"LCD (LED)",99,"Available",6,64.5262489,"65.0"
175829,"Kogan","KAQL75Q97TA","China",189.34,"LCD (LED)",179.1,"Available",4.5,74.543158,"75.0"
175829,"Kogan","KAQL75Q97TB","China",189.34,"LCD (LED)",179.1,"Available",4.5,74.543158,"75.0"
175829,"Kogan","KAQL75Q97TC","China",189.34,"LCD (LED)",179.1,"Available",4.5,74.543158,"75.0"
175829,"Kogan","KAQL75Q97TD","China",189.34,"LCD (LED)",179.1,"Available",4.5,74.543158,"75.0"
175829,"Kogan","KAQL75Q97TE","China",189.34,"LCD (LED)",179.1,"Available",4.5,74.543158,"75.0"
175829,"Kogan","KAQL75Q97T*","China",189.34,"LCD (LED)",179.1,"Available",4.5,74.543158,"75.0"
175830,"Kogan","KAQL85MQXTB","China",214.783,"LCD (LED)",255.138,"Available",3.5,84.5600671,"85.0"
175830,"Kogan","KAQL85MQXTC","China",214.783,"LCD (LED)",255.138,"Available",3.5,84.5600671,"85.0"
175830,"Kogan","KAQL85MQXTD","China",214.783,"LCD (LED)",255.138,"Available",3.5,84.5600671,"85.0"
175830,"Kogan","KAQL85MQXT*","China",214.783,"LCD (LED)",255.138,"Available",3.5,84.5600671,"85.0"
175832,"Kogan","KAQL75MQXTB","China",189.34,"LCD (LED)",214.632,"Available",3.5,74.543158,"75.0"
175832,"Kogan","KAQL75MQXTC","China",189.34,"LCD (LED)",214.632,"Available",3.5,74.543158,"75.0"
175832,"Kogan","KAQL75MQXTD","China",189.34,"LCD (LED)",214.632,"Available",3.5,74.543158,"75.0"
175832,"Kogan","KAQL75MQXT*","China",189.34,"LCD (LED)",214.632,"Available",3.5,74.543158,"75.0"
175833,"Kogan","KAQL65MQXTB","China",163.896,"LCD (LED)",197.274,"Available",2.5,64.5258552,"65.0"
175833,"Kogan","KAQL65MQXTC","China",163.896,"LCD (LED)",197.274,"Available",2.5,64.5258552,"65.0"
175833,"Kogan","KAQL65MQXTD","China",163.896,"LCD (LED)",197.274,"Available",2.5,64.5258552,"65.0"
175833,"Kogan","KAQL65MQXT*","China",163.896,"LCD (LED)",197.274,"Available",2.5,64.5258552,"65.0"
175845,"Kogan","KAQL65MQ9ZTA","China",163.896,"LCD (LED)",147.3,"Available",4,64.5258552,"65.0"
175845,"Kogan","KAQL65MQ9ZTB","China",163.896,"LCD (LED)",147.3,"Available",4,64.5258552,"65.0"
175845,"Kogan","KAQL65MQ9ZTC","China",163.896,"LCD (LED)",147.3,"Available",4,64.5258552,"65.0"
175845,"Kogan","KAQL65MQ9ZTD","China",163.896,"LCD (LED)",147.3,"Available",4,64.5258552,"65.0"
175845,"Kogan","KAQL65MQ9ZTE","China",163.896,"LCD (LED)",147.3,"Available",4,64.5258552,"65.0"
175845,"Kogan","KAQL65MQ9ZT*","China",163.896,"LCD (LED)",147.3,"Available",4,64.5258552,"65.0"
175846,"Kogan","KAQL75MQ9ZTA","China",189.34,"LCD (LED)",223.7,"Available",3.5,74.543158,"75.0"
175846,"Kogan","KAQL75MQ9ZTB","China",189.34,"LCD (LED)",223.7,"Available",3.5,74.543158,"75.0"
175846,"Kogan","KAQL75MQ9ZTC","China",189.34,"LCD (LED)",223.7,"Available",3.5,74.543158,"75.0"
175846,"Kogan","KAQL75MQ9ZTD","China",189.34,"LCD (LED)",223.7,"Available",3.5,74.543158,"75.0"
175846,"Kogan","KAQL75MQ9ZTE","China",189.34,"LCD (LED)",223.7,"Available",3.5,74.543158,"75.0"
175846,"Kogan","KAQL75MQ9ZT*","China",189.34,"LCD (LED)",223.7,"Available",3.5,74.543158,"75.0"
175847,"Kogan","KAQL100MQ9ZTA","China",252.784,"LCD (LED)",219.1,"Available",5.5,99.5210608,"100.0"
175847,"Kogan","KAQL100MQ9ZTB","China",252.784,"LCD (LED)",219.1,"Available",5.5,99.5210608,"100.0"
175847,"Kogan","KAQL100MQ9ZTC","China",252.784,"LCD (LED)",219.1,"Available",5.5,99.5210608,"100.0"
175847,"Kogan","KAQL100MQ9ZTD","China",252.784,"LCD (LED)",219.1,"Available",5.5,99.5210608,"100.0"
175847,"Kogan","KAQL100MQ9ZTE","China",252.784,"LCD (LED)",219.1,"Available",5.5,99.5210608,"100.0"
175847,"Kogan","KAQL100MQ9ZT*","China",252.784,"LCD (LED)",219.1,"Available",5.5,99.5210608,"100.0"
175849,"TELEFUNKEN","TL430TQZ","China",107.953,"LCD (LED)",58.3,"Available",5,42.5010961,"43.0"
175849,"TELEFUNKEN","TL430TQZ1","China",107.953,"LCD (LED)",58.3,"Available",5,42.5010961,"43.0"
175849,"TELEFUNKEN","TL430TQZ2","China",107.953,"LCD (LED)",58.3,"Available",5,42.5010961,"43.0"
175849,"TELEFUNKEN","TL430TQZ3","China",107.953,"LCD (LED)",58.3,"Available",5,42.5010961,"43.0"
175866,"QBELL","QTF50T","China",125.731,"LCD (LED)",55.52,"Available",6,49.5002947,"50.0"
175869,"Samsung","UA65U8000HW","Vietnam",163.897,"LCD (LED)",112,"Available",5.5,64.5262489,"65.0"
175869,"Samsung","UA65U8000HS","Vietnam",163.897,"LCD (LED)",112,"Available",5.5,64.5262489,"65.0"
175869,"Samsung","UA65U8500HW","Vietnam",163.897,"LCD (LED)",112,"Available",5.5,64.5262489,"65.0"
175869,"Samsung","UA65U8500HS","Vietnam",163.897,"LCD (LED)",112,"Available",5.5,64.5262489,"65.0"
175869,"Samsung","UA65U8*00H*","Vietnam",163.897,"LCD (LED)",112,"Available",5.5,64.5262489,"65.0"
175870,"Samsung","UA55U8000HW","Vietnam",138.783,"LCD (LED)",79,"Available",5.5,54.63886709999999,"55.0"
175870,"Samsung","UA55U8000HS","Vietnam",138.783,"LCD (LED)",79,"Available",5.5,54.63886709999999,"55.0"
175870,"Samsung","UA55U8500HW","Vietnam",138.783,"LCD (LED)",79,"Available",5.5,54.63886709999999,"55.0"
175870,"Samsung","UA55U8500HS","Vietnam",138.783,"LCD (LED)",79,"Available",5.5,54.63886709999999,"55.0"
175870,"Samsung","UA55U8*00H*","Vietnam",138.783,"LCD (LED)",79,"Available",5.5,54.63886709999999,"55.0"
175871,"Samsung","UA85U8000HW","Vietnam",214.783,"LCD (LED)",142,"Available",6,84.5600671,"85.0"
175871,"Samsung","UA85U8000HS","Vietnam",214.783,"LCD (LED)",142,"Available",6,84.5600671,"85.0"
175871,"Samsung","UA85U8500HW","Vietnam",214.783,"LCD (LED)",142,"Available",6,84.5600671,"85.0"
175871,"Samsung","UA85U8500HS","Vietnam",214.783,"LCD (LED)",142,"Available",6,84.5600671,"85.0"
175871,"Samsung","UA85U8*00H*","Vietnam",214.783,"LCD (LED)",142,"Available",6,84.5600671,"85.0"
175872,"Samsung","UA75U8000HW","Vietnam",189.338,"LCD (LED)",133,"Available",6,74.5423706,"75.0"
175872,"Samsung","UA75U8000HS","Vietnam",189.338,"LCD (LED)",133,"Available",6,74.5423706,"75.0"
175872,"Samsung","UA75U8500HW","Vietnam",189.338,"LCD (LED)",133,"Available",6,74.5423706,"75.0"
175872,"Samsung","UA75U8500HS","Vietnam",189.338,"LCD (LED)",133,"Available",6,74.5423706,"75.0"
175872,"Samsung","UA75U8*00H*","Vietnam",189.338,"LCD (LED)",133,"Available",6,74.5423706,"75.0"
175887,"Kogan","KAL50U96VA","China",125.725,"LCD (LED)",60.48,"Available",5.5,49.4979325,"50.0"
175887,"Kogan","KAL50U96VB","China",125.725,"LCD (LED)",60.48,"Available",5.5,49.4979325,"50.0"
175887,"Kogan","KAL50U96VC","China",125.725,"LCD (LED)",60.48,"Available",5.5,49.4979325,"50.0"
175887,"Kogan","KAL50U96VA, KAL50U96V,KAL50U96VC","China",125.725,"LCD (LED)",60.48,"Available",5.5,49.4979325,"50.0"
175888,"Kogan","KAL55U96VA","China",140.494,"LCD (LED)",58.7,"Available",5,55.3124878,"55.0"
175888,"Kogan","KAL55U96VB","China",140.494,"LCD (LED)",58.7,"Available",5,55.3124878,"55.0"
175888,"Kogan","KAL55U96VC","China",140.494,"LCD (LED)",58.7,"Available",5,55.3124878,"55.0"
175888,"Kogan","KAL55U96VA,KAL55U96VB,KAL55U96VC","China",140.494,"LCD (LED)",58.7,"Available",5,55.3124878,"55.0"
175903,"Samsung","QA85QN80HAW","Vietnam",214.783,"LCD (LED)",223,"Available",4.5,84.5600671,"85.0"
175903,"Samsung","QA85QN80HAS","Vietnam",214.783,"LCD (LED)",223,"Available",4.5,84.5600671,"85.0"
175903,"Samsung","QA85QN80HA*","Vietnam",214.783,"LCD (LED)",223,"Available",4.5,84.5600671,"85.0"
175915,"Samsung","QA65S85HAE","Vietnam",163.897,"LCD (LED)",128,"Available",4.5,64.5262489,"65.0"
175919,"Samsung","QA55S85HAE","Vietnam",138.783,"LCD (LED)",100,"Available",4.5,54.63886709999999,"55.0"
175922,"Samsung","QA75QN80HAW","Vietnam",189.338,"LCD (LED)",189,"Available",4,74.5423706,"75.0"
175922,"Samsung","QA75QN80HAS","Vietnam",189.338,"LCD (LED)",189,"Available",4,74.5423706,"75.0"
175922,"Samsung","QA75QN80HA*","Vietnam",189.338,"LCD (LED)",189,"Available",4,74.5423706,"75.0"
175926,"Samsung","QA55S90HAW","Vietnam",138.783,"LCD (LED)",108,"Available",4,54.63886709999999,"55.0"
175926,"Samsung","QA55S90HAS","Vietnam",138.783,"LCD (LED)",108,"Available",4,54.63886709999999,"55.0"
175926,"Samsung","QA55S90HA*","Vietnam",138.783,"LCD (LED)",108,"Available",4,54.63886709999999,"55.0"
175927,"Samsung","UA55M80HAW","Vietnam",138.783,"LCD (LED)",75,"Available",5.5,54.63886709999999,"55.0"
175927,"Samsung","UA55M80HAS","Vietnam",138.783,"LCD (LED)",75,"Available",5.5,54.63886709999999,"55.0"
175927,"Samsung","UA55M80HA*","Vietnam",138.783,"LCD (LED)",75,"Available",5.5,54.63886709999999,"55.0"
175932,"LG","86QNED86BSA","Indonesia,South Korea",217.443,"LCD (LED)",137,"Available",7,85.60730910000001,"86.0"
175933,"LG","86QNED87B6A","Indonesia,South Korea",217.443,"LCD (LED)",137,"Available",7,85.60730910000001,"86.0"
175938,"BELGIQUE","CCA-BFHD24TV","China",60.22,"LCD",17.88,"Available",6,23.708614,"24.0"
175938,"BELGIQUE","VK-2401D","China",60.22,"LCD",17.88,"Available",6,23.708614,"24.0"
175938,"BELGIQUE","CCA-BFHD**TV","China",60.22,"LCD",17.88,"Available",6,23.708614,"24.0"
175939,"BELGIQUE","CCA-BFHD32TV","China",80.376,"LCD",35.42,"Available",5,31.6440312,"32.0"
175939,"BELGIQUE","VK-3201D","China",80.376,"LCD",35.42,"Available",5,31.6440312,"32.0"
175940,"BELGIQUE","CCA-BFHD40TV","China",100.286,"LCD",69.27,"Available",3.5,39.4825982,"40.0"
175940,"BELGIQUE","VK-4001D","China",100.286,"LCD",69.27,"Available",3.5,39.4825982,"40.0"
175948,"Samsung","UA58U8000HS","Vietnam",146.068,"LCD (LED)",96,"Available",5,57.50697160000001,"58.0"
175949,"Samsung","UA70U8000HS","Vietnam",176.537,"LCD (LED)",128,"Available",5.5,69.5026169,"70.0"
175977,"Kogan","KAQL55MQ9ZTA","China",138.783,"LCD (LED)",97.4,"Available",4,54.63886709999999,"55.0"
175977,"Kogan","KAQL55MQ9ZTB","China",138.783,"LCD (LED)",97.4,"Available",4,54.63886709999999,"55.0"
175977,"Kogan","KAQL55MQ9ZTC","China",138.783,"LCD (LED)",97.4,"Available",4,54.63886709999999,"55.0"
175977,"Kogan","KAQL55MQ9ZTD","China",138.783,"LCD (LED)",97.4,"Available",4,54.63886709999999,"55.0"
175977,"Kogan","KAQL55MQ9ZTE","China",138.783,"LCD (LED)",97.4,"Available",4,54.63886709999999,"55.0"
175977,"Kogan","KAQL55MQ9ZT*","China",138.783,"LCD (LED)",97.4,"Available",4,54.63886709999999,"55.0"
176010,"TELEFUNKEN","TL320TQ1","China",80.039,"LCD (LED)",35.1,"Available",5,31.5113543,"32.0"
176010,"TELEFUNKEN","TL320QT","China",80.039,"LCD (LED)",35.1,"Available",5,31.5113543,"32.0"
176010,"TELEFUNKEN","TL320QT2","China",80.039,"LCD (LED)",35.1,"Available",5,31.5113543,"32.0"
176010,"TELEFUNKEN","TL320QT3","China",80.039,"LCD (LED)",35.1,"Available",5,31.5113543,"32.0"
176014,"Samsung","QA55QN80HAW","Vietnam",138.783,"LCD (LED)",102,"Available",4.5,54.63886709999999,"55.0"
176014,"Samsung","QA55QN80HAS","Vietnam",138.783,"LCD (LED)",102,"Available",4.5,54.63886709999999,"55.0"
176014,"Samsung","QA55QN80HA*","Vietnam",138.783,"LCD (LED)",102,"Available",4.5,54.63886709999999,"55.0"
176015,"Samsung","QA65QN80HAW","Vietnam",163.897,"LCD (LED)",153,"Available",4,64.5262489,"65.0"
176015,"Samsung","QA65QN80HAS","Vietnam",163.897,"LCD (LED)",153,"Available",4,64.5262489,"65.0"
176015,"Samsung","QA65QN80HA*","Vietnam",163.897,"LCD (LED)",153,"Available",4,64.5262489,"65.0"
176016,"Samsung","MRA75R95HAW","Vietnam",189.338,"LCD (LED)",203,"Available",4,74.5423706,"75.0"
176016,"Samsung","MRA75R95HAS","Vietnam",189.338,"LCD (LED)",203,"Available",4,74.5423706,"75.0"
176016,"Samsung","MRA75R95HA*","Vietnam",189.338,"LCD (LED)",203,"Available",4,74.5423706,"75.0"
176018,"Samsung","MRA85R95HAW","Vietnam",214.783,"LCD (LED)",260,"Available",4,84.5600671,"85.0"
176018,"Samsung","MRA85R95HAS","Vietnam",214.783,"LCD (LED)",260,"Available",4,84.5600671,"85.0"
176018,"Samsung","MRA85R95HA*","Vietnam",214.783,"LCD (LED)",260,"Available",4,84.5600671,"85.0"
176019,"Samsung","MRA65R95HAW","Vietnam",163.897,"LCD (LED)",153,"Available",4,64.5262489,"65.0"
176019,"Samsung","MRA65R95HAS","Vietnam",163.897,"LCD (LED)",153,"Available",4,64.5262489,"65.0"
176019,"Samsung","MRA65R95HA*","Vietnam",163.897,"LCD (LED)",153,"Available",4,64.5262489,"65.0"
176020,"Samsung","QA83S90HAE","Vietnam",209.585,"LCD (LED)",215,"Available",4.5,82.5136145,"83.0"
176051,"Samsung","QA77S90HAW","Vietnam",195.177,"LCD (LED)",173,"Available",5,76.8411849,"77.0"
176051,"Samsung","QA77S90HAS","Vietnam",195.177,"LCD (LED)",173,"Available",5,76.8411849,"77.0"
176051,"Samsung","QA77S90HA*","Vietnam",195.177,"LCD (LED)",173,"Available",5,76.8411849,"77.0"
176052,"LG","OLED55G66LW","Indonesia,South Korea",138.783,"OLED",92,"Available",5,54.63886709999999,"55.0"
176053,"LG","OLED65G66LW","Indonesia,South Korea",163.897,"OLED",112,"Available",5.5,64.5262489,"65.0"
176054,"LG","OLED77G66LW","Indonesia,South Korea",194.738,"OLED",140,"Available",6,76.6683506,"77.0"
176055,"LG","OLED83G66LW","Indonesia,South Korea",209.585,"OLED",155,"Available",6,82.5136145,"83.0"
176057,"Samsung","QA65S90HAW","Vietnam",163.897,"LCD (LED)",138,"Available",4.5,64.5262489,"65.0"
176057,"Samsung","QA65S90HAS","Vietnam",163.897,"LCD (LED)",138,"Available",4.5,64.5262489,"65.0"
176057,"Samsung","QA65S90HA*","Vietnam",163.897,"LCD (LED)",138,"Available",4.5,64.5262489,"65.0"
176058,"Samsung","QA50QN70HAW","Vietnam",125.727,"LCD (LED)",83,"Available",4.5,49.4987199,"50.0"
176058,"Samsung","QA50QN70HAS","Vietnam",125.727,"LCD (LED)",83,"Available",4.5,49.4987199,"50.0"
176058,"Samsung","QA50QN70HA*","Vietnam",125.727,"LCD (LED)",83,"Available",4.5,49.4987199,"50.0"
176063,"Samsung","QA65QN70HAW","Vietnam",163.897,"LCD (LED)",130,"Available",4.5,64.5262489,"65.0"
176063,"Samsung","QA65QN70HAS","Vietnam",163.897,"LCD (LED)",130,"Available",4.5,64.5262489,"65.0"
176063,"Samsung","QA65QN70HA*","Vietnam",163.897,"LCD (LED)",130,"Available",4.5,64.5262489,"65.0"
176190,"LG","55LX7BPSA","China",138.783,"LCD (LED)",76.1,"Available",5,54.63886709999999,"55.0"
176190,"LG","55LX7B6LA","China",138.783,"LCD (LED)",76.1,"Available",5,54.63886709999999,"55.0"
176190,"LG","55LX7BPUA","China",138.783,"LCD (LED)",76.1,"Available",5,54.63886709999999,"55.0"
176190,"LG","55LX7BKNA","China",138.783,"LCD (LED)",76.1,"Available",5,54.63886709999999,"55.0"
176190,"LG","55LX7B###","China",138.783,"LCD (LED)",76.1,"Available",5,54.63886709999999,"55.0"
176204,"Samsung","QA100QN80HW","Vietnam",252.784,"LCD (LED)",278,"Available",5,99.5210608,"100.0"
176204,"Samsung","QA100QN80HS","Vietnam",252.784,"LCD (LED)",278,"Available",5,99.5210608,"100.0"
176204,"Samsung","QA100QN80H*","Vietnam",252.784,"LCD (LED)",278,"Available",5,99.5210608,"100.0"
176205,"Samsung","QA55QN70HAW","Vietnam",138.783,"LCD (LED)",105,"Available",4,54.63886709999999,"55.0"
176205,"Samsung","QA55QN70HAS","Vietnam",138.783,"LCD (LED)",105,"Available",4,54.63886709999999,"55.0"
176205,"Samsung","QA55QN70HA*","Vietnam",138.783,"LCD (LED)",105,"Available",4,54.63886709999999,"55.0"
176206,"Samsung","QA43QN70HAW","Vietnam",108.012,"LCD (LED)",69,"Available",4,42.5243244,"43.0"
176206,"Samsung","QA43QN70HAS","Vietnam",108.012,"LCD (LED)",69,"Available",4,42.5243244,"43.0"
176206,"Samsung","QA43QN70HA*","Vietnam",108.012,"LCD (LED)",69,"Available",4,42.5243244,"43.0"
176207,"Samsung","QA77S95HAE","Vietnam",194.738,"LCD (LED)",213,"Available",4,76.6683506,"77.0"
176208,"Samsung","QA75LS03HWW","Vietnam",189.338,"LCD (LED)",187,"Available",4,74.5423706,"75.0"
176208,"Samsung","QA75LS03HWS","Vietnam",189.338,"LCD (LED)",187,"Available",4,74.5423706,"75.0"
176208,"Samsung","QA75LS03HW*","Vietnam",189.338,"LCD (LED)",187,"Available",4,74.5423706,"75.0"
176209,"Samsung","UA85M80HAW","Vietnam",214.783,"LCD (LED)",141,"Available",6,84.5600671,"85.0"
176209,"Samsung","UA85M80HAS","Vietnam",214.783,"LCD (LED)",141,"Available",6,84.5600671,"85.0"
176209,"Samsung","UA85M80HA*","Vietnam",214.783,"LCD (LED)",141,"Available",6,84.5600671,"85.0"
176210,"Samsung","UA75M80HAW","Vietnam",189.338,"LCD (LED)",117,"Available",6,74.5423706,"75.0"
176210,"Samsung","UA75M80HAS","Vietnam",189.338,"LCD (LED)",117,"Available",6,74.5423706,"75.0"
176210,"Samsung","UA75M80HA*","Vietnam",189.338,"LCD (LED)",117,"Available",6,74.5423706,"75.0"
176211,"Samsung","UA65M80HAW","Vietnam",163.897,"LCD (LED)",101,"Available",6,64.5262489,"65.0"
176211,"Samsung","UA65M80HAS","Vietnam",163.897,"LCD (LED)",101,"Available",6,64.5262489,"65.0"
176211,"Samsung","UA65M80HA*","Vietnam",163.897,"LCD (LED)",101,"Available",6,64.5262489,"65.0"
176217,"LG","65LX7BPSA","China",163.896,"LCD (LED)",86.6,"Available",6,64.5258552,"65.0"
176217,"LG","65LX7B6LA","China",163.896,"LCD (LED)",86.6,"Available",6,64.5258552,"65.0"
176217,"LG","65LX7BPUA","China",163.896,"LCD (LED)",86.6,"Available",6,64.5258552,"65.0"
176217,"LG","65LX7BKNA","China",163.896,"LCD (LED)",86.6,"Available",6,64.5258552,"65.0"
176217,"LG","65LX7B###","China",163.896,"LCD (LED)",86.6,"Available",6,64.5258552,"65.0"
176233,"SONY","K-43XR30M2","Thailand",107.987,"LCD (LED)",66.2,"Available",4,42.5144819,"43.0"
176236,"SONY","K-50XR30M2","Thailand",125.566,"LCD (LED)",85.5,"Available",4.5,49.4353342,"50.0"
176238,"SONY","K-55XR30M2","Thailand",138.783,"LCD (LED)",100.4,"Available",4.5,54.63886709999999,"55.0"
176248,"LG","75NU805BPSB","China,Vietnam",189.275,"LCD",118,"Available",6,74.5175675,"75.0"
176249,"LG","55NU805BPSB","China,Vietnam",138.783,"LCD",85,"Available",5,54.63886709999999,"55.0"
176250,"LG","85NU805BPSB","China,Vietnam",214.783,"LCD",160,"Available",6,84.5600671,"85.0"
176252,"LG","65NU805BPSB","China,Vietnam",163.897,"LCD",92,"Available",6,64.5262489,"65.0"
176253,"LG","98NU855BPSB","China,Vietnam",247.693,"LCD",340,"Available",4,97.51673410000001,"98.0"
176261,"SONY","K-65XR30M2","Thailand",163.897,"LCD (LED)",130.2,"Available",4.5,64.5262489,"65.0"
176262,"SONY","K-75XR30M2","Thailand",189.338,"LCD (LED)",172,"Available",4.5,74.5423706,"75.0"
176263,"SONY","K-85XR30M2","Thailand",214.783,"LCD (LED)",166.9,"Available",6,84.5600671,"85.0"
176267,"SONY","K-65XR70M2","China",163.878,"LCD (LED)",129.4,"Available",4.5,64.51876859999999,"65.0"
176268,"SONY","K-55XR70M2","China",138.798,"LCD (LED)",105.9,"Available",4,54.6447726,"55.0"
176269,"SONY","K-50XR70M2","China",125.725,"LCD (LED)",105.8,"Available",3.5,49.4979325,"50.0"
176284,"SONY","K-100XR30M2","Thailand",252.769,"LCD (LED)",191.6,"Available",6,99.5151553,"100.0"
176304,"SKYWORTH","43Q5600H","China",107.956,"LCD (LED)",38.7,"Available",6,42.5022772,"43.0"
176330,"Kogan","KAL65U96VA","China",163.851,"LCD (LED)",122.82,"Available",4.5,64.5081387,"65.0"
176330,"Kogan","KAL65U96VB","China",163.851,"LCD (LED)",122.82,"Available",4.5,64.5081387,"65.0"
176330,"Kogan","KAL65U96VC","China",163.851,"LCD (LED)",122.82,"Available",4.5,64.5081387,"65.0"
176330,"Kogan","KAL65U96VA, KAL65U96VB, KAL65U96VC","China",163.851,"LCD (LED)",122.82,"Available",4.5,64.5081387,"65.0"
176375,"LG","OLED97G6PSA","Indonesia,South Korea",245.145,"OLED",228,"Available",5.5,96.5135865,"97.0"
176376,"LG","OLED97G66LW","Indonesia,South Korea",245.145,"OLED",228,"Available",5.5,96.5135865,"97.0"
176377,"LG","100MRGB96B6","Indonesia,South Korea",252.784,"LCD (LED)",200,"Available",6,99.5210608,"100.0"
176378,"LG","100MRGB96BS","Indonesia,South Korea",252.784,"LCD (LED)",200,"Available",6,99.5210608,"100.0"
176379,"LG","100QNED86BS","Indonesia,South Korea",252.784,"LCD (LED)",230,"Available",6,99.5210608,"100.0"
176380,"LG","100QNED87B6","Indonesia,South Korea",252.784,"LCD (LED)",230,"Available",6,99.5210608,"100.0"
176385,"SONY","K-65XR90M2","Malaysia,China",163.878,"LCD (LED)",151.4,"Available",4,64.51876859999999,"65.0"
176403,"Samsung","QA65S95HAW","Vietnam",163.897,"LCD (LED)",151,"Available",4,64.5262489,"65.0"
176403,"Samsung","QA65S95HAS","Vietnam",163.897,"LCD (LED)",151,"Available",4,64.5262489,"65.0"
176403,"Samsung","QA65S95HA*","Vietnam",163.897,"LCD (LED)",151,"Available",4,64.5262489,"65.0"
176404,"Samsung","QA75QN70HAW","Vietnam",189.338,"LCD (LED)",138,"Available",5.5,74.5423706,"75.0"
176404,"Samsung","QA75QN70HAS","Vietnam",189.338,"LCD (LED)",138,"Available",5.5,74.5423706,"75.0"
176404,"Samsung","QA75QN70HA*","Vietnam",189.338,"LCD (LED)",138,"Available",5.5,74.5423706,"75.0"
176406,"Samsung","QA77S85HAE","Vietnam",194.738,"LCD (LED)",137,"Available",6,76.6683506,"77.0"
176407,"Samsung","QA83S85HAE","Vietnam",209.585,"LCD (LED)",185,"Available",5,82.5136145,"83.0"
176408,"Samsung","QA83S95HAE","Vietnam",209.585,"LCD (LED)",247,"Available",4,82.5136145,"83.0"
176409,"Samsung","QA85LS03HWW","Vietnam",214.783,"LCD (LED)",219,"Available",4.5,84.5600671,"85.0"
176409,"Samsung","QA85LS03HWS","Vietnam",214.783,"LCD (LED)",219,"Available",4.5,84.5600671,"85.0"
176409,"Samsung","QA85LS03HW*","Vietnam",214.783,"LCD (LED)",219,"Available",4.5,84.5600671,"85.0"
176412,"Samsung","QA50QN80HAW","Vietnam",125.727,"LCD (LED)",99,"Available",3.5,49.4987199,"50.0"
176412,"Samsung","QA50QN80HAS","Vietnam",125.727,"LCD (LED)",99,"Available",3.5,49.4987199,"50.0"
176412,"Samsung","QA50QN80HA*","Vietnam",125.727,"LCD (LED)",99,"Available",3.5,49.4987199,"50.0"
176432,"Samsung","QA48S90HAE","Vietnam",120.721,"LCD (LED)",78,"Available",4.5,47.5278577,"48.0"
176435,"Samsung","MRA65R85HAS","Vietnam",163.897,"LCD (LED)",147,"Available",4,64.5262489,"65.0"
176435,"Samsung","MRA65R85HAW","Vietnam",163.897,"LCD (LED)",147,"Available",4,64.5262489,"65.0"
176435,"Samsung","MRA65R85HA*","Vietnam",163.897,"LCD (LED)",147,"Available",4,64.5262489,"65.0"
176436,"Samsung","MRA85R85HAW","Vietnam",214.783,"LCD (LED)",234,"Available",4.5,84.5600671,"85.0"
176436,"Samsung","MRA85R85HAS","Vietnam",214.783,"LCD (LED)",234,"Available",4.5,84.5600671,"85.0"
176436,"Samsung","MRA85R85HA*","Vietnam",214.783,"LCD (LED)",234,"Available",4.5,84.5600671,"85.0"
176437,"Samsung","QA65LS03HWW","Vietnam",163.897,"LCD (LED)",153,"Available",4,64.5262489,"65.0"
176437,"Samsung","QA65LS03HWS","Vietnam",163.897,"LCD (LED)",153,"Available",4,64.5262489,"65.0"
176437,"Samsung","QA65LS03HW*","Vietnam",163.897,"LCD (LED)",153,"Available",4,64.5262489,"65.0"
176439,"Kogan","KAL32R98VA","China",79.967,"LCD (LED)",38.1,"Available",4,31.4830079,"32.0"
176439,"Kogan","KAL32R98VB","China",79.967,"LCD (LED)",38.1,"Available",4,31.4830079,"32.0"
176439,"Kogan","KAL32R98VC","China",79.967,"LCD (LED)",38.1,"Available",4,31.4830079,"32.0"
176439,"Kogan","KAL32R98VA, KAL32R98VB,KAL32R98VC","China",79.967,"LCD (LED)",38.1,"Available",4,31.4830079,"32.0"
176452,"MYVI","UR-LED2406DVD","China",60.357,"LCD",22.1,"Available",5,23.7625509,"24.0"
176458,"MYVI","UR-LED3206DVD","China",80.524,"LCD",42.9,"Available",4,31.7022988,"32.0"
176477,"coocaa","75X66CH","China",189.338,"LCD (LED)",105.7,"Available",6,74.5423706,"75.0"
176478,"coocaa","65X66CH","China",163.897,"LCD (LED)",79.1,"Available",6,64.5262489,"65.0"
176579,"Samsung","MRA75R85HAW","Vietnam",189.338,"LCD (LED)",180,"Available",4.5,74.5423706,"75.0"
176579,"Samsung","MRA75R85HAS","Vietnam",189.338,"LCD (LED)",180,"Available",4.5,74.5423706,"75.0"
176579,"Samsung","MRA75R85HA*","Vietnam",189.338,"LCD (LED)",180,"Available",4.5,74.5423706,"75.0"
176585,"Samsung","QA55LS03HWW","Vietnam",138.783,"LCD (LED)",111,"Available",4,54.63886709999999,"55.0"
176585,"Samsung","QA55LS03HWS","Vietnam",138.783,"LCD (LED)",111,"Available",4,54.63886709999999,"55.0"
176585,"Samsung","QA55LS03HW*","Vietnam",138.783,"LCD (LED)",111,"Available",4,54.63886709999999,"55.0"
176594,"Samsung","QA42S90HAE","Vietnam",105.52,"LCD (LED)",66,"Available",4,41.543223999999995,"42.0"
176595,"Samsung","QA48S85HAE","Vietnam",120.712,"LCD (LED)",86,"Available",4,47.5243144,"48.0"
176599,"Samsung","QA55S95HAW","Vietnam",138.783,"LCD (LED)",105,"Available",4,54.63886709999999,"55.0"
176599,"Samsung","QA55S95HAS","Vietnam",138.783,"LCD (LED)",105,"Available",4,54.63886709999999,"55.0"
176599,"Samsung","QA55S95HA*","Vietnam",138.783,"LCD (LED)",105,"Available",4,54.63886709999999,"55.0"
176624,"Samsung","QA85QN70HAW","Vietnam",214.783,"LCD (LED)",196,"Available",5,84.5600671,"85.0"
176624,"Samsung","QA85QN70HAS","Vietnam",214.783,"LCD (LED)",196,"Available",5,84.5600671,"85.0"
176624,"Samsung","QA85QN70HA*","Vietnam",214.783,"LCD (LED)",196,"Available",5,84.5600671,"85.0"
176625,"Samsung","QA55LS03HEW","Vietnam",138.783,"LCD (LED)",110,"Available",4,54.63886709999999,"55.0"
176629,"Samsung","UA55M1EHAW","Vietnam",138.783,"LCD (LED)",84,"Available",5,54.63886709999999,"55.0"
176629,"Samsung","UA55M1EHAS","Vietnam",138.783,"LCD (LED)",84,"Available",5,54.63886709999999,"55.0"
176629,"Samsung","UA55M1EHA*","Vietnam",138.783,"LCD (LED)",84,"Available",5,54.63886709999999,"55.0"
176666,"Samsung","UA65M1EHAW","Vietnam",163.897,"LCD (LED)",111,"Available",5.5,64.5262489,"65.0"
176666,"Samsung","UA65M1EHAS","Vietnam",163.897,"LCD (LED)",111,"Available",5.5,64.5262489,"65.0"
176666,"Samsung","UA65M1EHA*","Vietnam",163.897,"LCD (LED)",111,"Available",5.5,64.5262489,"65.0"
176697,"Samsung","UA75M1EHAW","Vietnam",189.338,"LCD (LED)",142,"Available",5.5,74.5423706,"75.0"
176697,"Samsung","UA75M1EHAS","Vietnam",189.338,"LCD (LED)",142,"Available",5.5,74.5423706,"75.0"
176697,"Samsung","UA75M1EHA*","Vietnam",189.338,"LCD (LED)",142,"Available",5.5,74.5423706,"75.0"
176699,"Samsung","UA85M1EHAW","Vietnam",214.783,"LCD (LED)",151,"Available",6,84.5600671,"85.0"
176717,"LG","50NU805BPSC","China",125.727,"LCD (LED)",75,"Available",5,49.4987199,"50.0"
176718,"LG","43NU805BPSC","China",107.987,"LCD (LED)",58,"Available",5,42.5144819,"43.0"
176722,"LG","32LB650B6LA","Indonesia,South Korea",80.043,"LCD (LED)",29,"Available",5.5,31.5129291,"32.0"
176749,"Kogan","KAQL85MQ9TA","China",214.783,"LCD (LED)",227.8,"Available",4.5,84.5600671,"85.0"
176749,"Kogan","KAQL85MQ9TB","China",214.783,"LCD (LED)",227.8,"Available",4.5,84.5600671,"85.0"
176749,"Kogan","KAQL85MQ9TC","China",214.783,"LCD (LED)",227.8,"Available",4.5,84.5600671,"85.0"
176749,"Kogan","KAQL85MQ9TD","China",214.783,"LCD (LED)",227.8,"Available",4.5,84.5600671,"85.0"
176749,"Kogan","KAQL85MQ9TE","China",214.783,"LCD (LED)",227.8,"Available",4.5,84.5600671,"85.0"
176749,"Kogan","KAQL85MQ9T*","China",214.783,"LCD (LED)",227.8,"Available",4.5,84.5600671,"85.0"
176754,"coocaa","43Q56CH","China",107.956,"LCD (LED)",37.6,"Available",6,42.5022772,"43.0"
176764,"AIWA","AWB757DW","China",189.34,"LCD",140.14,"Available",5.5,74.543158,"75.0"
176765,"AIWA","AWB243DH","China",59.824,"LCD",23.45,"Available",4,23.552708799999998,"24.0"
176785,"LG","32LB655BPSA","Indonesia,South Korea",80.043,"LCD (LED)",29,"Available",5.5,31.5129291,"32.0"
176854,"Samsung","MRA55R85HAW","Vietnam",138.783,"LCD (LED)",112,"Available",4,54.63886709999999,"55.0"
176854,"Samsung","MRA55R85HAS","Vietnam",138.783,"LCD (LED)",112,"Available",4,54.63886709999999,"55.0"
176854,"Samsung","MRA55R85HA*","Vietnam",138.783,"LCD (LED)",112,"Available",4,54.63886709999999,"55.0"
176887,"TCL","55C7L","China",138.711,"LCD (LED)",96.7,"Available",4,54.6105207,"55.0"
176895,"FFALCON","FF65U65A","China",163.829,"LCD (LED)",56.2,"Available",6,64.4994773,"65.0"
176896,"TCL","75P7LS","China",189.306,"LCD (LED)",97.6,"Available",6,74.5297722,"75.0"
176899,"TCL","85C7L","China",214.783,"LCD (LED)",193.2,"Available",5,84.5600671,"85.0"
176902,"TCL","98C7L","China",247.604,"LCD (LED)",190.9,"Available",6,97.4816948,"98.0"
176904,"TCL","75C8L","China",189.306,"LCD (LED)",157.4,"Available",4.5,74.5297722,"75.0"
176908,"TCL","43P7LS","China",107.95,"LCD (LED)",57,"Available",4,42.499915,"43.0"
176910,"TCL","50P7LS","China",125.638,"LCD (LED)",58.6,"Available",5.5,49.4636806,"50.0"
176912,"TCL","55P7LS","China",138.711,"LCD (LED)",54.8,"Available",6,54.6105207,"55.0"
176916,"TCL","85P7LS","China",214.783,"LCD (LED)",186.5,"Available",4.5,84.5600671,"85.0"
176918,"FFALCON","FF43U65A","China",107.95,"LCD (LED)",42.4,"Available",5.5,42.499915,"43.0"
176920,"FFALCON","FF50U65A","China",125.638,"LCD (LED)",50,"Available",6,49.4636806,"50.0"
176921,"FFALCON","FF55U65A","China",138.711,"LCD (LED)",49.6,"Available",6,54.6105207,"55.0"
176925,"FFALCON","FF75U65A","China",189.306,"LCD (LED)",96.8,"Available",6,74.5297722,"75.0"
176927,"TCL","75X11L","China",189.306,"LCD (LED)",211.6,"Available",3.5,74.5297722,"75.0"
177059,"Samsung","QA75LS03HEW","Vietnam",189.338,"LCD (LED)",175,"Available",4.5,74.5423706,"75.0"
177068,"TCL","75C7L","China",189.306,"LCD (LED)",129.1,"Available",5,74.5297722,"75.0"
177069,"TCL","65C7L","China",163.829,"LCD (LED)",99.5,"Available",4.5,64.4994773,"65.0"
177119,"BAUHN","ATV55UHDW-0426","China",138.401,"LCD",71.6,"Available",6,54.4884737,"55.0"
177301,"Samsung","QA40Q5FAAW","Vietnam",100.333,"LCD (LED)",41,"Available",5.5,39.5011021,"40.0"
177301,"Samsung","QA40Q5FAAS","Vietnam",100.333,"LCD (LED)",41,"Available",5.5,39.5011021,"40.0"
177301,"Samsung","QA40Q5FAA*","Vietnam",100.333,"LCD (LED)",41,"Available",5.5,39.5011021,"40.0"
177302,"Samsung","QA43Q5FAAW","Vietnam",107.987,"LCD (LED)",48,"Available",5.5,42.5144819,"43.0"
177302,"Samsung","QA43Q5FAAS","Vietnam",107.987,"LCD (LED)",48,"Available",5.5,42.5144819,"43.0"
177302,"Samsung","QA43Q5FAA*","Vietnam",107.987,"LCD (LED)",48,"Available",5.5,42.5144819,"43.0"
177730,"HISENSE","40A4SAU","China",100.332,"LCD (LED)",28.17,"Available",7,39.50070839999999,"40.0"
177730,"HISENSE","40A4SNZ","China",100.332,"LCD (LED)",28.17,"Available",7,39.50070839999999,"40.0"
177730,"HISENSE","40A4S","China",100.332,"LCD (LED)",28.17,"Available",7,39.50070839999999,"40.0"
177731,"HISENSE","32A4SAU","China",80.039,"LCD (LED)",22.07,"Available",6,31.5113543,"32.0"
177731,"HISENSE","32A4SNZ","China",80.039,"LCD (LED)",22.07,"Available",6,31.5113543,"32.0"
177731,"HISENSE","32A4S","China",80.039,"LCD (LED)",22.07,"Available",6,31.5113543,"32.0"
177829,"AIWA","AWB657QW","China",163.896,"LCD (LED)",106.434,"Available",5.5,64.5258552,"65.0"
177907,"BAUHN","ATV50UHDW-0326","China",125.727,"LCD",61.7,"Available",6,49.4987199,"50.0"
177908,"BAUHN","ATV70UHDW-0326","China",176.541,"LCD",108.3,"Available",6,69.50419169999999,"70.0"
178184,"HISENSE","40Q6SAU","China",100.332,"LCD (LED)",30.63,"Available",7,39.50070839999999,"40.0"
178184,"HISENSE","40Q6SNZ","China",100.332,"LCD (LED)",30.63,"Available",7,39.50070839999999,"40.0"
178184,"HISENSE","40Q6S","China",100.332,"LCD (LED)",30.63,"Available",7,39.50070839999999,"40.0"
178185,"HISENSE","43Q6SAU","China",107.95,"LCD (LED)",49.62,"Available",5.5,42.499915,"43.0"
178185,"HISENSE","43Q6SNZ","China",107.95,"LCD (LED)",49.62,"Available",5.5,42.499915,"43.0"
178185,"HISENSE","43Q6S series","China",107.95,"LCD (LED)",49.62,"Available",5.5,42.499915,"43.0"
178186,"HISENSE","50Q6SAU","China",125.731,"LCD (LED)",50.32,"Available",6,49.5002947,"50.0"
178186,"HISENSE","50Q6SNZ","China",125.731,"LCD (LED)",50.32,"Available",6,49.5002947,"50.0"
178186,"HISENSE","50Q6S series","China",125.731,"LCD (LED)",50.32,"Available",6,49.5002947,"50.0"
178187,"HISENSE","55Q6SAU","China",138.783,"LCD (LED)",52.49,"Available",7,54.63886709999999,"55.0"
178187,"HISENSE","55Q6SNZ","China",138.783,"LCD (LED)",52.49,"Available",7,54.63886709999999,"55.0"
178187,"HISENSE","55Q6S series","China",138.783,"LCD (LED)",52.49,"Available",7,54.63886709999999,"55.0"
178188,"HISENSE","65Q6SAU","China",163.896,"LCD (LED)",69.23,"Available",7,64.5258552,"65.0"
178188,"HISENSE","65Q6SNZ","China",163.896,"LCD (LED)",69.23,"Available",7,64.5258552,"65.0"
178188,"HISENSE","65Q6S series","China",163.896,"LCD (LED)",69.23,"Available",7,64.5258552,"65.0"
178189,"HISENSE","75Q6SAU","China",189.34,"LCD (LED)",102.05,"Available",7,74.543158,"75.0"
178189,"HISENSE","75Q6SNZ","China",189.34,"LCD (LED)",102.05,"Available",7,74.543158,"75.0"
178189,"HISENSE","75Q6S series","China",189.34,"LCD (LED)",102.05,"Available",7,74.543158,"75.0"
178190,"HISENSE","85Q6SAU","China",214.783,"LCD (LED)",129.96,"Available",7,84.5600671,"85.0"
178190,"HISENSE","85Q6SNZ","China",214.783,"LCD (LED)",129.96,"Available",7,84.5600671,"85.0"
178190,"HISENSE","85Q6S series","China",214.783,"LCD (LED)",129.96,"Available",7,84.5600671,"85.0"
178191,"HISENSE","55U7SAU","China",138.783,"LCD (LED)",87.25,"Available",5,54.63886709999999,"55.0"
178191,"HISENSE","55U7SNZ","China",138.783,"LCD (LED)",87.25,"Available",5,54.63886709999999,"55.0"
178191,"HISENSE","55U7S series","China",138.783,"LCD (LED)",87.25,"Available",5,54.63886709999999,"55.0"
178192,"HISENSE","100U7SAU","China",252.784,"LCD (LED)",215.17,"Available",6,99.5210608,"100.0"
178192,"HISENSE","100U7SNZ","China",252.784,"LCD (LED)",215.17,"Available",6,99.5210608,"100.0"
178192,"HISENSE","100U7S series","China",252.784,"LCD (LED)",215.17,"Available",6,99.5210608,"100.0"
178193,"HISENSE","85U7SAU","China",214.783,"LCD (LED)",174.17,"Available",5.5,84.5600671,"85.0"
178193,"HISENSE","85U7SNZ","China",214.783,"LCD (LED)",174.17,"Available",5.5,84.5600671,"85.0"
178193,"HISENSE","85U7S series","China",214.783,"LCD (LED)",174.17,"Available",5.5,84.5600671,"85.0"
178194,"HISENSE","75U7SAU","China",189.34,"LCD (LED)",135.5,"Available",5.5,74.543158,"75.0"
178194,"HISENSE","75U7SNZ","China",189.34,"LCD (LED)",135.5,"Available",5.5,74.543158,"75.0"
178194,"HISENSE","75U7S series","China",189.34,"LCD (LED)",135.5,"Available",5.5,74.543158,"75.0"
178197,"HISENSE","55S7SAU","China",138.783,"LCD (LED)",79.6,"Available",5.5,54.63886709999999,"55.0"
178197,"HISENSE","55S7SNZ","China",138.783,"LCD (LED)",79.6,"Available",5.5,54.63886709999999,"55.0"
178197,"HISENSE","55S7S","China",138.783,"LCD (LED)",79.6,"Available",5.5,54.63886709999999,"55.0"
178199,"HISENSE","65S7SAU","China",163.896,"LCD (LED)",88.52,"Available",6,64.5258552,"65.0"
178199,"HISENSE","65S7SNZ","China",163.896,"LCD (LED)",88.52,"Available",6,64.5258552,"65.0"
178199,"HISENSE","65S7S","China",163.896,"LCD (LED)",88.52,"Available",6,64.5258552,"65.0"
178201,"HISENSE","65UR9SAU","China",163.896,"LCD (LED)",138.43,"Available",4.5,64.5258552,"65.0"
178201,"HISENSE","65UR9SNZ","China",163.896,"LCD (LED)",138.43,"Available",4.5,64.5258552,"65.0"
178201,"HISENSE","65UR9S Series","China",163.896,"LCD (LED)",138.43,"Available",4.5,64.5258552,"65.0"
178202,"HISENSE","75UR9SAU","China",189.34,"LCD (LED)",135.5,"Available",5.5,74.543158,"75.0"
178202,"HISENSE","75UR9SNZ","China",189.34,"LCD (LED)",135.5,"Available",5.5,74.543158,"75.0"
178202,"HISENSE","75UR9S Series","China",189.34,"LCD (LED)",135.5,"Available",5.5,74.543158,"75.0"
178203,"HISENSE","85UR9SAU","China",214.783,"LCD (LED)",182.87,"Available",5.5,84.5600671,"85.0"
178203,"HISENSE","85UR9SNZ","China",214.783,"LCD (LED)",182.87,"Available",5.5,84.5600671,"85.0"
178203,"HISENSE","85UR9S","China",214.783,"LCD (LED)",182.87,"Available",5.5,84.5600671,"85.0"
178204,"HISENSE","75U85AU","China",189.34,"LCD (LED)",141.6,"Available",5.5,74.543158,"75.0"
178204,"HISENSE","75U85NZ","China",189.34,"LCD (LED)",141.6,"Available",5.5,74.543158,"75.0"
178204,"HISENSE","75U85 Series","China",189.34,"LCD (LED)",141.6,"Available",5.5,74.543158,"75.0"
178205,"HISENSE","85U85AU","China",214.783,"LCD (LED)",187.48,"Available",5,84.5600671,"85.0"
178205,"HISENSE","85U85NZ","China",214.783,"LCD (LED)",187.48,"Available",5,84.5600671,"85.0"
178205,"HISENSE","85U85","China",214.783,"LCD (LED)",187.48,"Available",5,84.5600671,"85.0"
178250,"BAUHN","ATV40FHDW-0426","China",100.333,"LCD (LED)",40.5,"Available",6,39.5011021,"40.0"
