_id,Submit_ID,Brand_Reg,Model_No,Family Name,SoldIn,Country,screensize,Screen_Area,Screen_Tech,Pasv_stnd_power,Act_stnd_power,Act_stnd_time,Avg_mode_power,Star,SRI,Labelled energy consumption (kWh/year),SubmitStatus,ExpDate,GrandDate,Product Class,Availability Status,Star2,Product Website,Representative Brand URL,Star Rating Index,Star Image Large,Star Image Small,Power supply,Tuner Type,What test standard was used,Registration Number,Regulatory Standard
1,136372,HISENSE,65A7G,,"Australia,New Zealand",China,163.896,11478.122496000002,LCD (LED),0.296,0.0,0.0,107.54,N/A,N/A,458.0,Approved,2026-04-12,,Single product class,Available,5.0,http://global.hisense.com/,http://www.hisense.com.au,5.07670145267907,https://reg.energyrating.gov.au/static/common/images/star_ratings_2014/EnergyStarRating_5_Star.eps,https://reg.energyrating.gov.au/static/common/images/star_ratings_2014/Star-rating-5.png,Internal,Analogue/Digital,AS/NZS 62087.1:2010,ATV4442,Greenhouse and Energy Minimum Standards (Televisions) Determination 2013
2,136391,HISENSE,50A7G,,"Australia,New Zealand",China,125.731,6754.867344,LCD (LED),0.304,0.0,0.0,61.76,N/A,N/A,254.0,Approved,2026-04-12,,Single product class,Available,5.5,http://global.hisense.com/,http://www.hisense.com.au,5.519365722220251,https://reg.energyrating.gov.au/static/common/images/star_ratings_2014/EnergyStarRating_5.5_Star.eps,https://reg.energyrating.gov.au/static/common/images/star_ratings_2014/Star-rating-5.5.png,Internal,Analogue/Digital,AS/NZS 62087.1:2010,ATV4440,Greenhouse and Energy Minimum Standards (Televisions) Determination 2013
3,136407,HISENSE,55A7G,,"Australia,New Zealand",China,138.783,8230.118400000001,LCD (LED),0.296,0.0,0.0,75.31,N/A,N/A,304.0,Approved,2026-04-12,,Single product class,Available,5.5,http://global.hisense.com/,http://www.hisense.com.au,5.52322847238293,https://reg.energyrating.gov.au/static/common/images/star_ratings_2014/EnergyStarRating_5.5_Star.eps,https://reg.energyrating.gov.au/static/common/images/star_ratings_2014/Star-rating-5.5.png,Internal,Analogue/Digital,AS/NZS 62087.1:2010,ATV4441,Greenhouse and Energy Minimum Standards (Televisions) Determination 2013
4,136650,HISENSE,32A4G,,"Australia,New Zealand",China,80.04,2736.7587940000003,LCD (LED),0.35,0.0,0.0,25.93,N/A,N/A,104.0,Approved,2026-04-12,,Single product class,Available,6.0,http://global.hisense.com/,http://www.hisense.com.au,6.051110422730285,https://reg.energyrating.gov.au/static/common/images/star_ratings_2014/EnergyStarRating_6_Star.eps,https://reg.energyrating.gov.au/static/common/images/star_ratings_2014/Star-rating-6.png,Internal,Analogue/Digital,AS/NZS 62087.1:2010,ATV4443,Greenhouse and Energy Minimum Standards (Televisions) Determination 2013
5,136653,HISENSE,55U7G,,"Australia,New Zealand",China,138.548,8211.7476,LCD (LED),0.45,0.0,0.0,96.71,N/A,N/A,380.0,Approved,2026-04-26,,Single product class,Available,4.5,http://global.hisense.com/,http://www.hisense.com.au,4.514000251781598,https://reg.energyrating.gov.au/static/common/images/star_ratings_2014/EnergyStarRating_4.5_Star.eps,https://reg.energyrating.gov.au/static/common/images/star_ratings_2014/Star-rating-4.5.png,Internal,Analogue/Digital,AS/NZS 62087.1:2010,ATV4455,Greenhouse and Energy Minimum Standards (Televisions) Determination 2013
6,136722,HISENSE,75A7G,,"Australia,New Zealand",China,189.274,15307.855004000001,LCD (LED),0.304,0.0,0.0,125.66,N/A,N/A,528.0,Approved,2026-04-26,,Single product class,Available,5.5,http://global.hisense.com/,http://www.hisense.com.au,5.664686296385817,https://reg.energyrating.gov.au/static/common/images/star_ratings_2014/EnergyStarRating_5.5_Star.eps,https://reg.energyrating.gov.au/static/common/images/star_ratings_2014/Star-rating-5.5.png,Internal,Analogue/Digital,AS/NZS 62087.1:2010,ATV4453,Greenhouse and Energy Minimum Standards (Televisions) Determination 2013
7,136860,EKO,K70USW,,Australia,China,176.566,13118.7698,LCD (LED),0.32,0.4,4.0,139.54,N/A,N/A,572.0,Approved,2026-04-15,,Single product class,Unavailable,4.5,http://www.ayonz.com/,,4.646994909492895,https://reg.energyrating.gov.au/static/common/images/star_ratings_2014/EnergyStarRating_4.5_Star.eps,https://reg.energyrating.gov.au/static/common/images/star_ratings_2014/Star-rating-4.5.png,Internal,Analogue/Digital,AS/NZS 62087.1:2010,ATV4445,Greenhouse and Energy Minimum Standards (Televisions) Determination 2013
8,136903,SAMSUNG ELECTRONICS,QA65QN700AW,QA65QN700A,"Australia,Fiji,New Zealand",Vietnam,163.829,11466.84,LCD (LED),0.5,0.0,0.0,220.0,N/A,N/A,806.0,Approved,2026-03-29,,Single product class,Available,2.5,,http://www.samsung.com.au,2.5395839059836804,https://reg.energyrating.gov.au/static/common/images/star_ratings_2014/EnergyStarRating_2.5_Star.eps,https://reg.energyrating.gov.au/static/common/images/star_ratings_2014/Star-rating-2.5.png,Internal,Digital,,ATV4431,Greenhouse and Energy Minimum Standards (Televisions) Determination 2013
9,136903,SAMSUNG ELECTRONICS,QA65QN700AS,QA65QN700A,"Australia,Fiji,New Zealand",Vietnam,163.829,11466.84,LCD (LED),0.5,0.0,0.0,220.0,N/A,N/A,806.0,Approved,2026-03-29,,Single product class,Available,2.5,,http://www.samsung.com.au,2.5395839059836804,https://reg.energyrating.gov.au/static/common/images/star_ratings_2014/EnergyStarRating_2.5_Star.eps,https://reg.energyrating.gov.au/static/common/images/star_ratings_2014/Star-rating-2.5.png,Internal,Digital,,ATV4431,Greenhouse and Energy Minimum Standards (Televisions) Determination 2013
10,136903,SAMSUNG ELECTRONICS,QA65QN700A,QA65QN700A,"Australia,Fiji,New Zealand",Vietnam,163.829,11466.84,LCD (LED),0.5,0.0,0.0,220.0,N/A,N/A,806.0,Approved,2026-03-29,,Single product class,Available,2.5,,http://www.samsung.com.au,2.5395839059836804,https://reg.energyrating.gov.au/static/common/images/star_ratings_2014/EnergyStarRating_2.5_Star.eps,https://reg.energyrating.gov.au/static/common/images/star_ratings_2014/Star-rating-2.5.png,Internal,Digital,,ATV4431,Greenhouse and Energy Minimum Standards (Televisions) Determination 2013
11,136913,LOEWE,LOEWE,LOEWE,Australia,Germany,108.037,4983.18,LCD (LED),0.26,36.6,1.0,73.7,N/A,N/A,284.0,Approved,2026-04-19,,Single product class,Unavailable,3.5,,,3.803059082465918,https://reg.energyrating.gov.au/static/common/images/star_ratings_2014/EnergyStarRating_3.5_Star.eps,https://reg.energyrating.gov.au/static/common/images/star_ratings_2014/Star-rating-3.5.png,Internal,Analogue/Digital,AS/NZS 62087.1:2010,ATV4448,Greenhouse and Energy Minimum Standards (Televisions) Determination 2013
12,136914,SAMSUNG ELECTRONICS,QA75QN700AW,QA75QN700A,"Australia,Fiji,New Zealand",Vietnam,189.306,15312.0,LCD (LED),0.5,0.0,0.0,242.0,N/A,N/A,886.0,Approved,2026-03-29,,Single product class,Available,3.0,,http://www.samsung.com.au,3.3461708500067613,https://reg.energyrating.gov.au/static/common/images/star_ratings_2014/EnergyStarRating_3_Star.eps,https://reg.energyrating.gov.au/static/common/images/star_ratings_2014/Star-rating-3.png,Internal,Digital,,ATV4432,Greenhouse and Energy Minimum Standards (Televisions) Determination 2013
13,136914,SAMSUNG ELECTRONICS,QA75QN700AS,QA75QN700A,"Australia,Fiji,New Zealand",Vietnam,189.306,15312.0,LCD (LED),0.5,0.0,0.0,242.0,N/A,N/A,886.0,Approved,2026-03-29,,Single product class,Available,3.0,,http://www.samsung.com.au,3.3461708500067613,https://reg.energyrating.gov.au/static/common/images/star_ratings_2014/EnergyStarRating_3_Star.eps,https://reg.energyrating.gov.au/static/common/images/star_ratings_2014/Star-rating-3.png,Internal,Digital,,ATV4432,Greenhouse and Energy Minimum Standards (Televisions) Determination 2013
14,136914,SAMSUNG ELECTRONICS,QA75QN700A,QA75QN700A,"Australia,Fiji,New Zealand",Vietnam,189.306,15312.0,LCD (LED),0.5,0.0,0.0,242.0,N/A,N/A,886.0,Approved,2026-03-29,,Single product class,Available,3.0,,http://www.samsung.com.au,3.3461708500067613,https://reg.energyrating.gov.au/static/common/images/star_ratings_2014/EnergyStarRating_3_Star.eps,https://reg.energyrating.gov.au/static/common/images/star_ratings_2014/Star-rating-3.png,Internal,Digital,,ATV4432,Greenhouse and Energy Minimum Standards (Televisions) Determination 2013
15,136915,LOEWE,LOEWE,LOEWE,Australia,Germany,125.725,6751.36,LCD (LED),0.27,32.3,1.0,95.9,N/A,N/A,364.0,Approved,2026-04-20,,Single product class,Unavailable,3.5,,,3.904754114686561,https://reg.energyrating.gov.au/static/common/images/star_ratings_2014/EnergyStarRating_3.5_Star.eps,https://reg.energyrating.gov.au/static/common/images/star_ratings_2014/Star-rating-3.5.png,Internal,Analogue/Digital,AS/NZS 62087.1:2010,ATV4449,Greenhouse and Energy Minimum Standards (Televisions) Determination 2013
16,136962,HISENSE,75U7G,,"Australia,New Zealand",China,189.34,15318.517823999999,LCD (LED),0.297,0.0,0.0,173.3,N/A,N/A,684.0,Approved,2026-04-26,,Single product class,Available,4.5,http://global.hisense.com/,http://www.hisense.com.au,4.507602579376243,https://reg.energyrating.gov.au/static/common/images/star_ratings_2014/EnergyStarRating_4.5_Star.eps,https://reg.energyrating.gov.au/static/common/images/star_ratings_2014/Star-rating-4.5.png,Internal,Analogue/Digital,AS/NZS 62087.1:2010,ATV4454,Greenhouse and Energy Minimum Standards (Televisions) Determination 2013
17,136970,PHILIPS,55HFL2899T/79,,"Australia,Fiji,New Zealand",China,138.783,8230.118400000001,LCD (LED),0.22,9.0,0.166,57.0,N/A,N/A,238.0,Approved,2026-04-23,,Single product class,Available,6.0,https://www.westan.net.nz,https://www.philips.com.au/,6.620087540427892,https://reg.energyrating.gov.au/static/common/images/star_ratings_2014/EnergyStarRating_6_Star.eps,https://reg.energyrating.gov.au/static/common/images/star_ratings_2014/Star-rating-6.png,Internal,Analogue/Digital,AS/NZS 62087.1:2010,ATV4450,Greenhouse and Energy Minimum Standards (Televisions) Determination 2013
18,137016,PHILIPS,65HFL2899T/79,,"Australia,Fiji,New Zealand",China,163.896,11478.122496000002,LCD (LED),0.26,11.6,0.166,70.4,N/A,N/A,295.0,Approved,2026-04-23,,Single product class,Available,7.0,https://www.westan.net.nz,https://www.philips.com.au/,7.048050502129969,https://reg.energyrating.gov.au/static/common/images/star_ratings_2014/EnergyStarRating_7_Star.eps,https://reg.energyrating.gov.au/static/common/images/star_ratings_2014/Star-rating-7.png,Internal,Analogue/Digital,AS/NZS 62087.1:2010,ATV4451,Greenhouse and Energy Minimum Standards (Televisions) Determination 2013
19,137043,HISENSE,55U8G,,Australia,China,138.783,8230.118400000001,LCD (LED),0.346,0.0,0.0,111.93,N/A,N/A,468.0,Approved,2026-04-26,,Single product class,Available,3.5,,http://www.hisense.com.au,3.5897619125363893,https://reg.energyrating.gov.au/static/common/images/star_ratings_2014/EnergyStarRating_3.5_Star.eps,https://reg.energyrating.gov.au/static/common/images/star_ratings_2014/Star-rating-3.5.png,Internal,Analogue/Digital,AS/NZS 62087.1:2010,ATV4456,Greenhouse and Energy Minimum Standards (Televisions) Determination 2013
20,137047,Linsar,LS70UHDNF,,Australia,China,176.563,13320.853056,LCD (LED),0.573,0.622,14.0,111.08,N/A,N/A,429.0,Approved,2026-05-03,,Single product class,Available,6.0,,,6.001278565074133,https://reg.energyrating.gov.au/static/common/images/star_ratings_2014/EnergyStarRating_6_Star.eps,https://reg.energyrating.gov.au/static/common/images/star_ratings_2014/Star-rating-6.png,Internal,Analogue/Digital,AS/NZS 62087.1:2010,ATV4471,Greenhouse and Energy Minimum Standards (Televisions) Determination 2013
21,137053,HISENSE,65U8G,,"Australia,New Zealand",China,163.896,11478.122496000002,LCD,0.368,0.0,0.0,151.23,N/A,N/A,638.0,Approved,2026-05-21,,Single product class,Available,3.5,,http://www.hisense.com.au,3.5912491629830012,https://reg.energyrating.gov.au/static/common/images/star_ratings_2014/EnergyStarRating_3.5_Star.eps,https://reg.energyrating.gov.au/static/common/images/star_ratings_2014/Star-rating-3.5.png,Internal,Analogue/Digital,AS/NZS 62087.1:2010,ATV4488,Greenhouse and Energy Minimum Standards (Televisions) Determination 2013
22,137088,FURRION,FDFD24A0D,,"Australia,Fiji,New Zealand",China,60.468,1562.555,LCD,-,-,-,22.0,N/A,N/A,85.0,Approved,2026-04-08,,Single product class,Available,5.0,,,5.082021380470149,https://reg.energyrating.gov.au/static/common/images/star_ratings_2014/EnergyStarRating_5_Star.eps,https://reg.energyrating.gov.au/static/common/images/star_ratings_2014/Star-rating-5.png,Internal,Analogue/Digital,AS/NZS 62087.1:2010,ATV4437,Greenhouse and Energy Minimum Standards (Televisions) Determination 2013
23,137098,HISENSE,75U90G,,"Australia,New Zealand",China,189.34,15318.517823999999,LCD (LED),0.354,0.0,0.0,284.19,N/A,N/A,1190.0,Approved,2026-05-20,,Single product class,Available,2.0,,http://www.hisense.com.au,2.0260131934329992,https://reg.energyrating.gov.au/static/common/images/star_ratings_2014/EnergyStarRating_2_Star.eps,https://reg.energyrating.gov.au/static/common/images/star_ratings_2014/Star-rating-2.png,Internal,Analogue/Digital,AS/NZS 62087.1:2010,ATV4487,Greenhouse and Energy Minimum Standards (Televisions) Determination 2013
24,137162,CHiQ,U50G7H,,"Australia,Fiji,New Zealand",China,125.725,6751.36,LCD (LED),-,-,-,72.0,N/A,N/A,265.0,Approved,2026-04-06,,Single product class,Available,5.0,,https://www.chiq.com.au/,5.32726460078863,https://reg.energyrating.gov.au/static/common/images/star_ratings_2014/EnergyStarRating_5_Star.eps,https://reg.energyrating.gov.au/static/common/images/star_ratings_2014/Star-rating-5.png,Internal,unknown,AS/NZS 62087.1:2010,ATV4434,Greenhouse and Energy Minimum Standards (Televisions) Determination 2013
25,137163,CHiQ,U55G7H,,"Australia,Fiji,New Zealand",China,138.711,8221.2,LCD (LED),-,-,-,95.0,N/A,N/A,349.0,Approved,2026-04-07,,Single product class,Available,4.5,,https://www.chiq.com.au/,4.900116709532181,https://reg.energyrating.gov.au/static/common/images/star_ratings_2014/EnergyStarRating_4.5_Star.eps,https://reg.energyrating.gov.au/static/common/images/star_ratings_2014/Star-rating-4.5.png,Internal,unknown,AS/NZS 62087.1:2010,ATV4436,Greenhouse and Energy Minimum Standards (Televisions) Determination 2013
26,137164,CHiQ,U65G7H,,"Australia,Fiji,New Zealand",China,163.829,11466.84,LCD (LED),-,-,-,138.0,N/A,N/A,506.0,Approved,2026-04-06,,Single product class,Available,4.5,,https://www.chiq.com.au/,4.62589592565582,https://reg.energyrating.gov.au/static/common/images/star_ratings_2014/EnergyStarRating_4.5_Star.eps,https://reg.energyrating.gov.au/static/common/images/star_ratings_2014/Star-rating-4.5.png,Internal,unknown,AS/NZS 62087.1:2010,ATV4435,Greenhouse and Energy Minimum Standards (Televisions) Determination 2013
27,137166,HISENSE,65U7G,,"Australia,New Zealand",China,163.896,11478.122496000002,LCD (LED),0.28,0.0,0.0,119.45,N/A,N/A,492.0,Approved,2026-05-24,,Single product class,Available,4.5,http://global.hisense.com/,http://www.hisense.com.au,4.755789053658901,https://reg.energyrating.gov.au/static/common/images/star_ratings_2014/EnergyStarRating_4.5_Star.eps,https://reg.energyrating.gov.au/static/common/images/star_ratings_2014/Star-rating-4.5.png,Internal,Analogue/Digital,AS/NZS 62087.1:2010,ATV4491,Greenhouse and Energy Minimum Standards (Televisions) Determination 2013
28,137205,HISENSE,43A7G,,"Australia,New Zealand",China,107.986,4982.795156,LCD (LED),0.32,0.0,0.0,57.75,N/A,N/A,240.0,Approved,2026-05-21,,Single product class,Available,4.5,http://global.hisense.com/,http://www.hisense.com.au,4.557136890445541,https://reg.energyrating.gov.au/static/common/images/star_ratings_2014/EnergyStarRating_4.5_Star.eps,https://reg.energyrating.gov.au/static/common/images/star_ratings_2014/Star-rating-4.5.png,Internal,Analogue/Digital,AS/NZS 62087.1:2010,ATV4489,Greenhouse and Energy Minimum Standards (Televisions) Determination 2013
29,137247,LG,70UP8050PVB,,"Australia,New Zealand","Indonesia,South Korea",176.564,13320.7184,LCD (LED),0.4,0.0,0.0,153.0,N/A,N/A,561.0,Approved,2026-04-09,,Single product class,Available,4.5,,,4.799031899995404,https://reg.energyrating.gov.au/static/common/images/star_ratings_2014/EnergyStarRating_4.5_Star.eps,https://reg.energyrating.gov.au/static/common/images/star_ratings_2014/Star-rating-4.5.png,Internal,Analogue/Digital,AS/NZS 62087.1:2010,ATV4438,Greenhouse and Energy Minimum Standards (Televisions) Determination 2013
30,137248,LG,32LT662MBTB,,"Australia,New Zealand","Indonesia,South Korea",80.043,2737.0770999999995,LCD (LED),0.4,0.0,0.0,33.0,N/A,N/A,123.0,Approved,2026-04-09,,Single product class,Available,5.0,,,5.299572454875552,https://reg.energyrating.gov.au/static/common/images/star_ratings_2014/EnergyStarRating_5_Star.eps,https://reg.energyrating.gov.au/static/common/images/star_ratings_2014/Star-rating-5.png,Internal,Analogue/Digital,AS/NZS 62087.1:2010,ATV4439,Greenhouse and Energy Minimum Standards (Televisions) Determination 2013
31,137271,HISENSE,40A4G,,"Australia,New Zealand",China,100.332,4261.934154240001,LCD (LED),0.5,0.0,0.0,31.27,N/A,N/A,135.0,Approved,2026-05-21,,Single product class,Available,6.0,http://global.hisense.com/,http://www.hisense.com.au,6.527728250552346,https://reg.energyrating.gov.au/static/common/images/star_ratings_2014/EnergyStarRating_6_Star.eps,https://reg.energyrating.gov.au/static/common/images/star_ratings_2014/Star-rating-6.png,Internal,Analogue/Digital,AS/NZS 62087.1:2010,ATV4490,Greenhouse and Energy Minimum Standards (Televisions) Determination 2013
32,137363,HISENSE,85U7G,,"Australia,New Zealand",China,214.783,19712.16,LCD (LED),0.28,0.0,0.0,227.42,N/A,N/A,952.0,Approved,2026-05-20,,Single product class,Available,4.0,http://global.hisense.com/,,4.112224590866406,https://reg.energyrating.gov.au/static/common/images/star_ratings_2014/EnergyStarRating_4_Star.eps,https://reg.energyrating.gov.au/static/common/images/star_ratings_2014/Star-rating-4.png,Internal,Analogue/Digital,AS/NZS 62087.1:2010,ATV4486,Greenhouse and Energy Minimum Standards (Televisions) Determination 2013
33,137382,EKO,K75USG,K75USG,Australia,China,189.442,15337.79,LCD (LED),0.34,0.46,7.0,191.4,N/A,N/A,758.0,Approved,2026-04-16,,Single product class,Available,4.0,http://www.ayonz.com/,,4.052634931284711,https://reg.energyrating.gov.au/static/common/images/star_ratings_2014/EnergyStarRating_4_Star.eps,https://reg.energyrating.gov.au/static/common/images/star_ratings_2014/Star-rating-4.png,Internal,Analogue/Digital,AS/NZS 62087.1:2010,ATV4446,Greenhouse and Energy Minimum Standards (Televisions) Determination 2013
34,137382,EKO,K750USG,K75USG,Australia,China,189.442,15337.79,LCD (LED),0.34,0.46,7.0,191.4,N/A,N/A,758.0,Approved,2026-04-16,,Single product class,Available,4.0,http://www.ayonz.com/,,4.052634931284711,https://reg.energyrating.gov.au/static/common/images/star_ratings_2014/EnergyStarRating_4_Star.eps,https://reg.energyrating.gov.au/static/common/images/star_ratings_2014/Star-rating-4.png,Internal,Analogue/Digital,AS/NZS 62087.1:2010,ATV4446,Greenhouse and Energy Minimum Standards (Televisions) Determination 2013
35,137383,EKO,K550USG,,Australia,China,138.897,8252.2,LCD (LED),0.34,0.34,7.0,72.3,N/A,N/A,273.0,Approved,2026-04-16,,Single product class,Available,6.0,http://www.ayonz.com/,,6.016298854719112,https://reg.energyrating.gov.au/static/common/images/star_ratings_2014/EnergyStarRating_6_Star.eps,https://reg.energyrating.gov.au/static/common/images/star_ratings_2014/Star-rating-6.png,Internal,Analogue/Digital,AS/NZS 62087.1:2010,ATV4447,Greenhouse and Energy Minimum Standards (Televisions) Determination 2013
36,137506,kogan,KALED32RH9210STB,KALED32RH9210STB,"Australia,Fiji,New Zealand",China,79.967,2732.2400000000002,LCD (LED),0.3,0.0,0.0,28.0,N/A,N/A,104.0,Approved,2026-04-23,,Single product class,Available,6.0,,,6.04521473860549,https://reg.energyrating.gov.au/static/common/images/star_ratings_2014/EnergyStarRating_6_Star.eps,https://reg.energyrating.gov.au/static/common/images/star_ratings_2014/Star-rating-6.png,Internal,Analogue/Digital,AS/NZS 62087.1:2010,ATV4452,Greenhouse and Energy Minimum Standards (Televisions) Determination 2013
37,137506,kogan,KALED32RH9220STB,KALED32RH9210STB,"Australia,Fiji,New Zealand",China,79.967,2732.2400000000002,LCD (LED),0.3,0.0,0.0,28.0,N/A,N/A,104.0,Approved,2026-04-23,,Single product class,Available,6.0,,,6.04521473860549,https://reg.energyrating.gov.au/static/common/images/star_ratings_2014/EnergyStarRating_6_Star.eps,https://reg.energyrating.gov.au/static/common/images/star_ratings_2014/Star-rating-6.png,Internal,Analogue/Digital,AS/NZS 62087.1:2010,ATV4452,Greenhouse and Energy Minimum Standards (Televisions) Determination 2013
38,137536,HISENSE,85U8G,,"Australia,New Zealand",China,214.783,19712.16,LCD (LED),0.292,0.0,0.0,228.29,N/A,N/A,952.0,Approved,2026-06-09,,Single product class,Available,4.0,http://global.hisense.com/,http://www.hisense.com.au,4.112224590866406,https://reg.energyrating.gov.au/static/common/images/star_ratings_2014/EnergyStarRating_4_Star.eps,https://reg.energyrating.gov.au/static/common/images/star_ratings_2014/Star-rating-4.png,Internal,Analogue/Digital,AS/NZS 62087.1:2010,ATV4511,Greenhouse and Energy Minimum Standards (Televisions) Determination 2013
39,137550,JVC,AV-HQ507115A,,"Australia,Fiji",China,125.731,6754.867344,LCD (LED),-,-,-,56.97,N/A,N/A,256.0,Approved,2026-05-11,,Single product class,Available,5.0,,,5.484217148959526,https://reg.energyrating.gov.au/static/common/images/star_ratings_2014/EnergyStarRating_5_Star.eps,https://reg.energyrating.gov.au/static/common/images/star_ratings_2014/Star-rating-5.png,Internal,Analogue/Digital,AS/NZS 62087.1:2010,ATV4479,Greenhouse and Energy Minimum Standards (Televisions) Determination 2013
40,137492,CAIXUN,LE-32K1,"LE-32K1, LE-32S1, LE-32F2","Australia,New Zealand",China,80.19,2747.07,LCD,0.37,0.0,0.0,25.21,N/A,N/A,98.0,Approved,2026-04-30,,Single product class,Available,6.0,,,6.330835824725629,https://reg.energyrating.gov.au/static/common/images/star_ratings_2014/EnergyStarRating_6_Star.eps,https://reg.energyrating.gov.au/static/common/images/star_ratings_2014/Star-rating-6.png,Internal,Digital,AS/NZS 62087.1:2010,ATV4470,Greenhouse and Energy Minimum Standards (Televisions) Determination 2013
41,137492,CAIXUN,LE-32S1,"LE-32K1, LE-32S1, LE-32F2","Australia,New Zealand",China,80.19,2747.07,LCD,0.37,0.0,0.0,25.21,N/A,N/A,98.0,Approved,2026-04-30,,Single product class,Available,6.0,,,6.330835824725629,https://reg.energyrating.gov.au/static/common/images/star_ratings_2014/EnergyStarRating_6_Star.eps,https://reg.energyrating.gov.au/static/common/images/star_ratings_2014/Star-rating-6.png,Internal,Digital,AS/NZS 62087.1:2010,ATV4470,Greenhouse and Energy Minimum Standards (Televisions) Determination 2013
42,137492,CAIXUN,LE-32F2,"LE-32K1, LE-32S1, LE-32F2","Australia,New Zealand",China,80.19,2747.07,LCD,0.37,0.0,0.0,25.21,N/A,N/A,98.0,Approved,2026-04-30,,Single product class,Available,6.0,,,6.330835824725629,https://reg.energyrating.gov.au/static/common/images/star_ratings_2014/EnergyStarRating_6_Star.eps,https://reg.energyrating.gov.au/static/common/images/star_ratings_2014/Star-rating-6.png,Internal,Digital,AS/NZS 62087.1:2010,ATV4470,Greenhouse and Energy Minimum Standards (Televisions) Determination 2013
43,137492,CAIXUN,"LE-32K1, LE-32S1, LE-32F2","LE-32K1, LE-32S1, LE-32F2","Australia,New Zealand",China,80.19,2747.07,LCD,0.37,0.0,0.0,25.21,N/A,N/A,98.0,Approved,2026-04-30,,Single product class,Available,6.0,,,6.330835824725629,https://reg.energyrating.gov.au/static/common/images/star_ratings_2014/EnergyStarRating_6_Star.eps,https://reg.energyrating.gov.au/static/common/images/star_ratings_2014/Star-rating-6.png,Internal,Digital,AS/NZS 62087.1:2010,ATV4470,Greenhouse and Energy Minimum Standards (Televisions) Determination 2013
44,137575,CAIXUN,LE-43N1,"LE-43N1, LE-43F2, LE-43S1","Australia,Fiji,New Zealand",Australia,107.988,4973.76,LCD,0.41,0.0,0.0,59.24,N/A,N/A,220.0,Approved,2026-04-28,,Single product class,Available,4.5,,,4.9399410860390915,https://reg.energyrating.gov.au/static/common/images/star_ratings_2014/EnergyStarRating_4.5_Star.eps,https://reg.energyrating.gov.au/static/common/images/star_ratings_2014/Star-rating-4.5.png,Internal,Digital,AS/NZS 62087.1:2010,ATV4465,Greenhouse and Energy Minimum Standards (Televisions) Determination 2013
45,137575,CAIXUN,LE-43F2,"LE-43N1, LE-43F2, LE-43S1","Australia,Fiji,New Zealand",Australia,107.988,4973.76,LCD,0.41,0.0,0.0,59.24,N/A,N/A,220.0,Approved,2026-04-28,,Single product class,Available,4.5,,,4.9399410860390915,https://reg.energyrating.gov.au/static/common/images/star_ratings_2014/EnergyStarRating_4.5_Star.eps,https://reg.energyrating.gov.au/static/common/images/star_ratings_2014/Star-rating-4.5.png,Internal,Digital,AS/NZS 62087.1:2010,ATV4465,Greenhouse and Energy Minimum Standards (Televisions) Determination 2013
46,137575,CAIXUN,LE-43S1,"LE-43N1, LE-43F2, LE-43S1","Australia,Fiji,New Zealand",Australia,107.988,4973.76,LCD,0.41,0.0,0.0,59.24,N/A,N/A,220.0,Approved,2026-04-28,,Single product class,Available,4.5,,,4.9399410860390915,https://reg.energyrating.gov.au/static/common/images/star_ratings_2014/EnergyStarRating_4.5_Star.eps,https://reg.energyrating.gov.au/static/common/images/star_ratings_2014/Star-rating-4.5.png,Internal,Digital,AS/NZS 62087.1:2010,ATV4465,Greenhouse and Energy Minimum Standards (Televisions) Determination 2013
47,137575,CAIXUN,"LE-43N1, LE-43F2, LE-43S1","LE-43N1, LE-43F2, LE-43S1","Australia,Fiji,New Zealand",Australia,107.988,4973.76,LCD,0.41,0.0,0.0,59.24,N/A,N/A,220.0,Approved,2026-04-28,,Single product class,Available,4.5,,,4.9399410860390915,https://reg.energyrating.gov.au/static/common/images/star_ratings_2014/EnergyStarRating_4.5_Star.eps,https://reg.energyrating.gov.au/static/common/images/star_ratings_2014/Star-rating-4.5.png,Internal,Digital,AS/NZS 62087.1:2010,ATV4465,Greenhouse and Energy Minimum Standards (Televisions) Determination 2013
48,137578,CAIXUN,LE-40N1,"LE-40N1, LE-40F2, LE-40S1","Australia,New Zealand",Australia,100.266,4262.22,LCD,0.39,0.0,0.0,38.82,N/A,N/A,155.0,Approved,2026-04-29,,Single product class,Available,5.5,,,5.9088766847059,https://reg.energyrating.gov.au/static/common/images/star_ratings_2014/EnergyStarRating_5.5_Star.eps,https://reg.energyrating.gov.au/static/common/images/star_ratings_2014/Star-rating-5.5.png,Internal,Digital,AS/NZS 62087.1:2010,ATV4467,Greenhouse and Energy Minimum Standards (Televisions) Determination 2013
49,137578,CAIXUN,LE-40F2,"LE-40N1, LE-40F2, LE-40S1","Australia,New Zealand",Australia,100.266,4262.22,LCD,0.39,0.0,0.0,38.82,N/A,N/A,155.0,Approved,2026-04-29,,Single product class,Available,5.5,,,5.9088766847059,https://reg.energyrating.gov.au/static/common/images/star_ratings_2014/EnergyStarRating_5.5_Star.eps,https://reg.energyrating.gov.au/static/common/images/star_ratings_2014/Star-rating-5.5.png,Internal,Digital,AS/NZS 62087.1:2010,ATV4467,Greenhouse and Energy Minimum Standards (Televisions) Determination 2013
50,137578,CAIXUN,LE-40S1,"LE-40N1, LE-40F2, LE-40S1","Australia,New Zealand",Australia,100.266,4262.22,LCD,0.39,0.0,0.0,38.82,N/A,N/A,155.0,Approved,2026-04-29,,Single product class,Available,5.5,,,5.9088766847059,https://reg.energyrating.gov.au/static/common/images/star_ratings_2014/EnergyStarRating_5.5_Star.eps,https://reg.energyrating.gov.au/static/common/images/star_ratings_2014/Star-rating-5.5.png,Internal,Digital,AS/NZS 62087.1:2010,ATV4467,Greenhouse and Energy Minimum Standards (Televisions) Determination 2013
51,137578,CAIXUN,"LE-40N1, LE-40F2, LE-40S1","LE-40N1, LE-40F2, LE-40S1","Australia,New Zealand",Australia,100.266,4262.22,LCD,0.39,0.0,0.0,38.82,N/A,N/A,155.0,Approved,2026-04-29,,Single product class,Available,5.5,,,5.9088766847059,https://reg.energyrating.gov.au/static/common/images/star_ratings_2014/EnergyStarRating_5.5_Star.eps,https://reg.energyrating.gov.au/static/common/images/star_ratings_2014/Star-rating-5.5.png,Internal,Digital,AS/NZS 62087.1:2010,ATV4467,Greenhouse and Energy Minimum Standards (Televisions) Determination 2013
52,137608,JVC,AV-HQ557115A,,"Australia,Fiji",China,138.783,8230.118400000001,LCD (LED),-,-,-,63.94,N/A,N/A,320.0,Approved,2026-05-11,,Single product class,Available,5.0,,,5.293361671010193,https://reg.energyrating.gov.au/static/common/images/star_ratings_2014/EnergyStarRating_5_Star.eps,https://reg.energyrating.gov.au/static/common/images/star_ratings_2014/Star-rating-5.png,Internal,Analogue/Digital,AS/NZS 62087.1:2010,ATV4480,Greenhouse and Energy Minimum Standards (Televisions) Determination 2013
53,137622,PHILIPS,19HFL5014W/12,19HFL5014W/12,"Australia,Fiji,New Zealand",China,47.013,944.1791999999999,LCD (LED),0.31,0.0,0.0,14.61,N/A,N/A,61.0,Approved,2026-04-28,,Single product class,Available,5.0,,,5.138385828243317,https://reg.energyrating.gov.au/static/common/images/star_ratings_2014/EnergyStarRating_5_Star.eps,https://reg.energyrating.gov.au/static/common/images/star_ratings_2014/Star-rating-5.png,EPS,Analogue/Digital,AS/NZS 62087.1:2010,ATV4466,Greenhouse and Energy Minimum Standards (Televisions) Determination 2013
54,137622,PHILIPS,19HFL5114W/12,19HFL5014W/12,"Australia,Fiji,New Zealand",China,47.013,944.1791999999999,LCD (LED),0.31,0.0,0.0,14.61,N/A,N/A,61.0,Approved,2026-04-28,,Single product class,Available,5.0,,,5.138385828243317,https://reg.energyrating.gov.au/static/common/images/star_ratings_2014/EnergyStarRating_5_Star.eps,https://reg.energyrating.gov.au/static/common/images/star_ratings_2014/Star-rating-5.png,EPS,Analogue/Digital,AS/NZS 62087.1:2010,ATV4466,Greenhouse and Energy Minimum Standards (Televisions) Determination 2013
55,137678,LG,43UR640S0TD,,"Australia,New Zealand","Indonesia,South Korea",107.987,4982.7128,LCD (LED),0.4,0.0,0.0,79.0,N/A,N/A,291.0,Approved,2026-04-26,,Single product class,Available,3.5,,,3.693572453361716,https://reg.energyrating.gov.au/static/common/images/star_ratings_2014/EnergyStarRating_3.5_Star.eps,https://reg.energyrating.gov.au/static/common/images/star_ratings_2014/Star-rating-3.5.png,Internal,Analogue/Digital,AS/NZS 62087.1:2010,ATV4457,Greenhouse and Energy Minimum Standards (Televisions) Determination 2013
56,137679,LG,50UR640S0TD,,"Australia,New Zealand","Indonesia,South Korea",125.727,6754.5112,LCD (LED),0.4,0.0,0.0,95.0,N/A,N/A,349.0,Approved,2026-04-27,,Single product class,Available,4.0,,,4.095235713771112,https://reg.energyrating.gov.au/static/common/images/star_ratings_2014/EnergyStarRating_4_Star.eps,https://reg.energyrating.gov.au/static/common/images/star_ratings_2014/Star-rating-4.png,Internal,Analogue/Digital,AS/NZS 62087.1:2010,ATV4461,Greenhouse and Energy Minimum Standards (Televisions) Determination 2013
57,137680,LG,55UR640S0TD,,"Australia,New Zealand","Indonesia,South Korea",138.783,8230.118400000001,LCD (LED),0.4,0.0,0.0,113.0,N/A,N/A,415.0,Approved,2026-04-26,,Single product class,Available,4.0,,,4.1283827912446815,https://reg.energyrating.gov.au/static/common/images/star_ratings_2014/EnergyStarRating_4_Star.eps,https://reg.energyrating.gov.au/static/common/images/star_ratings_2014/Star-rating-4.png,Internal,Analogue/Digital,AS/NZS 62087.1:2010,ATV4458,Greenhouse and Energy Minimum Standards (Televisions) Determination 2013
58,137681,LG,65UR640S0TD,,"Australia,New Zealand","Indonesia,South Korea",163.897,11477.9975,LCD (LED),0.4,0.0,0.0,156.0,N/A,N/A,572.0,Approved,2026-04-27,,Single product class,Available,4.0,,,4.080571070608947,https://reg.energyrating.gov.au/static/common/images/star_ratings_2014/EnergyStarRating_4_Star.eps,https://reg.energyrating.gov.au/static/common/images/star_ratings_2014/Star-rating-4.png,Internal,Analogue/Digital,AS/NZS 62087.1:2010,ATV4462,Greenhouse and Energy Minimum Standards (Televisions) Determination 2013
59,137682,LG,75UR640S0TD,,"Australia,New Zealand","Indonesia,South Korea",189.275,15307.5663,LCD (LED),0.4,0.0,0.0,180.0,N/A,N/A,659.0,Approved,2026-04-26,,Single product class,Available,4.5,,,4.67140065385891,https://reg.energyrating.gov.au/static/common/images/star_ratings_2014/EnergyStarRating_4.5_Star.eps,https://reg.energyrating.gov.au/static/common/images/star_ratings_2014/Star-rating-4.5.png,Internal,Analogue/Digital,AS/NZS 62087.1:2010,ATV4459,Greenhouse and Energy Minimum Standards (Televisions) Determination 2013
60,137683,LG,86UR640S0TD,,"Australia,New Zealand","Indonesia,South Korea",217.425,20200.7,LCD (LED),0.4,0.0,0.0,241.0,N/A,N/A,882.0,Approved,2026-04-27,,Single product class,Available,4.5,,,4.560476220481952,https://reg.energyrating.gov.au/static/common/images/star_ratings_2014/EnergyStarRating_4.5_Star.eps,https://reg.energyrating.gov.au/static/common/images/star_ratings_2014/Star-rating-4.5.png,Internal,Analogue/Digital,AS/NZS 62087.1:2010,ATV4463,Greenhouse and Energy Minimum Standards (Televisions) Determination 2013
61,137725,LOEWE,BILD v.65,,Australia,Germany,163.878,11481.120000000003,OLED,0.35,60.3,1.0,135.0,N/A,N/A,517.0,Approved,2026-04-28,,Single product class,Available,4.5,,,4.534774123722858,https://reg.energyrating.gov.au/static/common/images/star_ratings_2014/EnergyStarRating_4.5_Star.eps,https://reg.energyrating.gov.au/static/common/images/star_ratings_2014/Star-rating-4.5.png,Internal,Analogue/Digital,AS/NZS 62087.1:2010,ATV4464,Greenhouse and Energy Minimum Standards (Televisions) Determination 2013
62,137740,TOSHIBA,50C350KP,,"Australia,New Zealand",China,125.731,6754.867344,LCD (LED),0.267,0.0,0.0,66.16,N/A,N/A,280.0,Approved,2026-05-27,,Single product class,Available,5.0,http://global.hisense.com/,https://hisense.com.au/,5.082627418214837,https://reg.energyrating.gov.au/static/common/images/star_ratings_2014/EnergyStarRating_5_Star.eps,https://reg.energyrating.gov.au/static/common/images/star_ratings_2014/Star-rating-5.png,Internal,Analogue/Digital,AS/NZS 62087.1:2010,ATV4500,Greenhouse and Energy Minimum Standards (Televisions) Determination 2013
63,137744,TOSHIBA,43C350KP,,"Australia,New Zealand",China,107.986,4982.795156,LCD (LED),0.312,0.0,0.0,63.45,N/A,N/A,269.0,Approved,2026-06-09,,Single product class,Available,4.0,http://global.hisense.com/,https://hisense.com.au/,4.045930290084405,https://reg.energyrating.gov.au/static/common/images/star_ratings_2014/EnergyStarRating_4_Star.eps,https://reg.energyrating.gov.au/static/common/images/star_ratings_2014/Star-rating-4.png,Internal,Analogue/Digital,AS/NZS 62087.1:2010,ATV4510,Greenhouse and Energy Minimum Standards (Televisions) Determination 2013
64,137749,TOSHIBA,55C350KP,,"Australia,New Zealand",China,138.783,8230.118400000001,LCD (LED),0.302,0.0,0.0,81.49,N/A,N/A,339.0,Approved,2026-05-26,,Single product class,Available,5.0,http://global.hisense.com/,https://hisense.com.au/,5.034877339973175,https://reg.energyrating.gov.au/static/common/images/star_ratings_2014/EnergyStarRating_5_Star.eps,https://reg.energyrating.gov.au/static/common/images/star_ratings_2014/Star-rating-5.png,Internal,Analogue/Digital,AS/NZS 62087.1:2010,ATV4496,Greenhouse and Energy Minimum Standards (Televisions) Determination 2013
65,137751,TOSHIBA,65C350KP,,"Australia,New Zealand",China,163.896,11478.122496000002,LCD (LED),0.273,0.0,0.0,107.27,N/A,N/A,453.0,Approved,2026-06-10,,Single product class,Available,5.0,http://global.hisense.com/,https://hisense.com.au/,5.125894264062151,https://reg.energyrating.gov.au/static/common/images/star_ratings_2014/EnergyStarRating_5_Star.eps,https://reg.energyrating.gov.au/static/common/images/star_ratings_2014/Star-rating-5.png,Internal,Analogue/Digital,AS/NZS 62087.1:2010,ATV4513,Greenhouse and Energy Minimum Standards (Televisions) Determination 2013
66,137868,VEON,VN50U22021,,"Australia,Fiji,New Zealand","China,Indonesia",125.731,6754.867344,LCD (LED),0.38,0.39,4.0,93.82,N/A,N/A,380.0,Approved,2026-04-29,,Single product class,Available,3.5,,,3.714083950332262,https://reg.energyrating.gov.au/static/common/images/star_ratings_2014/EnergyStarRating_3.5_Star.eps,https://reg.energyrating.gov.au/static/common/images/star_ratings_2014/Star-rating-3.5.png,Internal,Analogue/Digital,AS/NZS 62087.1:2010,ATV4469,Greenhouse and Energy Minimum Standards (Televisions) Determination 2013
67,137949,LG,65QNED91TPA,,"Australia,New Zealand","Indonesia,South Korea",163.897,11477.9975,LCD (LED),0.4,0.0,0.0,120.0,N/A,N/A,440.0,Approved,2026-05-04,,Single product class,Available,5.0,,,5.256335563565565,https://reg.energyrating.gov.au/static/common/images/star_ratings_2014/EnergyStarRating_5_Star.eps,https://reg.energyrating.gov.au/static/common/images/star_ratings_2014/Star-rating-5.png,Internal,Analogue/Digital,AS/NZS 62087.1:2010,ATV4474,Greenhouse and Energy Minimum Standards (Televisions) Determination 2013
68,137950,LG,65QNED96TPA,,"Australia,New Zealand","Indonesia,South Korea",163.897,11477.9975,LCD (LED),0.4,0.0,0.0,164.0,N/A,N/A,601.0,Approved,2026-05-03,,Single product class,Available,3.5,,,3.8589382120112505,https://reg.energyrating.gov.au/static/common/images/star_ratings_2014/EnergyStarRating_3.5_Star.eps,https://reg.energyrating.gov.au/static/common/images/star_ratings_2014/Star-rating-3.5.png,Internal,Analogue/Digital,AS/NZS 62087.1:2010,ATV4472,Greenhouse and Energy Minimum Standards (Televisions) Determination 2013
69,137951,LG,65QNED99TPB,,"Australia,New Zealand","Indonesia,South Korea",163.897,11477.9975,LCD (LED),0.4,0.0,0.0,220.0,N/A,N/A,805.0,Approved,2026-05-04,,Single product class,Available,2.5,,,2.5492550902622355,https://reg.energyrating.gov.au/static/common/images/star_ratings_2014/EnergyStarRating_2.5_Star.eps,https://reg.energyrating.gov.au/static/common/images/star_ratings_2014/Star-rating-2.5.png,Internal,Analogue/Digital,AS/NZS 62087.1:2010,ATV4473,Greenhouse and Energy Minimum Standards (Televisions) Determination 2013
70,137962,BAUHN,ATV75UHDW-0621,,"Australia,Fiji,New Zealand",China,189.273,15307.690038000002,LCD (LED),0.37,0.38,4.0,106.97,N/A,N/A,393.0,Approved,2026-05-25,,Single product class,Available,6.0,,http://www.tempoaustralia.com,6.987943746291522,https://reg.energyrating.gov.au/static/common/images/star_ratings_2014/EnergyStarRating_6_Star.eps,https://reg.energyrating.gov.au/static/common/images/star_ratings_2014/Star-rating-6.png,Internal,Analogue/Digital,AS/NZS 62087.1:2010,ATV4493,Greenhouse and Energy Minimum Standards (Televisions) Determination 2013
71,138090,JVC,AV-HQ657115A,,"Australia,Fiji",China,163.897,11477.9975,LCD (LED),-,-,-,91.7,N/A,N/A,430.0,Approved,2026-05-13,,Single product class,Available,5.0,,,5.359361253034525,https://reg.energyrating.gov.au/static/common/images/star_ratings_2014/EnergyStarRating_5_Star.eps,https://reg.energyrating.gov.au/static/common/images/star_ratings_2014/Star-rating-5.png,Internal,Analogue/Digital,AS/NZS 62087.1:2010,ATV4484,Greenhouse and Energy Minimum Standards (Televisions) Determination 2013
72,138101,TEAC,LE70L521,,"Australia,Fiji,New Zealand",China,176.57,13119.418367999999,LCD (LED),-,-,-,149.34,N/A,N/A,560.0,Approved,2026-05-12,,Single product class,Available,4.5,,,4.742221229851546,https://reg.energyrating.gov.au/static/common/images/star_ratings_2014/EnergyStarRating_4.5_Star.eps,https://reg.energyrating.gov.au/static/common/images/star_ratings_2014/Star-rating-4.5.png,Internal,Analogue/Digital,AS/NZS 62087.1:2010,ATV4481,Greenhouse and Energy Minimum Standards (Televisions) Determination 2013
73,138118,EKO,K650USG,,Australia,China,163.791,11473.08,LCD (LED),0.37,0.37,7.0,134.4,N/A,N/A,580.0,Approved,2026-05-10,,Single product class,Available,4.0,http://www.ayonz.com/,,4.016518199742423,https://reg.energyrating.gov.au/static/common/images/star_ratings_2014/EnergyStarRating_4_Star.eps,https://reg.energyrating.gov.au/static/common/images/star_ratings_2014/Star-rating-4.png,Internal,Analogue/Digital,AS/NZS 62087.1:2010,ATV4475,Greenhouse and Energy Minimum Standards (Televisions) Determination 2013
74,138150,EKO,K700USG,,"Australia,Fiji",China,176.505,13319.08,LCD (LED),0.343,0.451,7.0,160.0,N/A,N/A,640.0,Approved,2026-05-10,,Single product class,Available,4.0,http://www.ayonz.com/,,4.208093332227213,https://reg.energyrating.gov.au/static/common/images/star_ratings_2014/EnergyStarRating_4_Star.eps,https://reg.energyrating.gov.au/static/common/images/star_ratings_2014/Star-rating-4.png,Internal,Analogue/Digital,AS/NZS 62087.1:2010,ATV4476,Greenhouse and Energy Minimum Standards (Televisions) Determination 2013
75,138186,EKO,K85USW,,Australia,China,214.637,19656.0,LCD (LED),0.35,0.0,0.0,305.2,N/A,N/A,1116.0,Approved,2026-05-10,,Single product class,Available,3.0,http://www.ayonz.com/,,3.3875961767535685,https://reg.energyrating.gov.au/static/common/images/star_ratings_2014/EnergyStarRating_3_Star.eps,https://reg.energyrating.gov.au/static/common/images/star_ratings_2014/Star-rating-3.png,Internal,Analogue/Digital,AS/NZS 62087.1:2010,ATV4477,Greenhouse and Energy Minimum Standards (Televisions) Determination 2013
76,138187,BLAUPUNKT,BP50WOS,,Australia,China,125.727,6754.5112,LCD (LED),0.38,0.0,0.0,78.3,N/A,N/A,288.0,Approved,2026-05-13,,Single product class,Available,4.5,http://www.ayonz.com/,,4.956167795092916,https://reg.energyrating.gov.au/static/common/images/star_ratings_2014/EnergyStarRating_4.5_Star.eps,https://reg.energyrating.gov.au/static/common/images/star_ratings_2014/Star-rating-4.5.png,Internal,Analogue/Digital,AS/NZS 62087.1:2010,ATV4483,Greenhouse and Energy Minimum Standards (Televisions) Determination 2013
77,138188,EKO,K58USW,,Australia,China,146.059,9161.78,LCD (LED),0.39,0.0,0.0,102.9,N/A,N/A,378.0,Approved,2026-05-10,,Single product class,Available,4.5,http://www.ayonz.com/,,4.991584760760885,https://reg.energyrating.gov.au/static/common/images/star_ratings_2014/EnergyStarRating_4.5_Star.eps,https://reg.energyrating.gov.au/static/common/images/star_ratings_2014/Star-rating-4.5.png,Internal,Analogue/Digital,AS/NZS 62087.1:2010,ATV4478,Greenhouse and Energy Minimum Standards (Televisions) Determination 2013
78,138443,SAMSUNG ELECTRONICS,QA65LS01TAW,QA65LS01TAW,"Australia,Fiji,New Zealand",Vietnam,163.829,11466.84,LCD (LED),0.5,0.0,0.0,125.0,N/A,N/A,459.0,Approved,2026-05-26,,Single product class,Available,5.0,,http://www.samsung.com.au,5.062773705241075,https://reg.energyrating.gov.au/static/common/images/star_ratings_2014/EnergyStarRating_5_Star.eps,https://reg.energyrating.gov.au/static/common/images/star_ratings_2014/Star-rating-5.png,Internal,Digital,,ATV4494,Greenhouse and Energy Minimum Standards (Televisions) Determination 2013
79,138443,SAMSUNG ELECTRONICS,QA65LS01TAS,QA65LS01TAW,"Australia,Fiji,New Zealand",Vietnam,163.829,11466.84,LCD (LED),0.5,0.0,0.0,125.0,N/A,N/A,459.0,Approved,2026-05-26,,Single product class,Available,5.0,,http://www.samsung.com.au,5.062773705241075,https://reg.energyrating.gov.au/static/common/images/star_ratings_2014/EnergyStarRating_5_Star.eps,https://reg.energyrating.gov.au/static/common/images/star_ratings_2014/Star-rating-5.png,Internal,Digital,,ATV4494,Greenhouse and Energy Minimum Standards (Televisions) Determination 2013
80,138457,Kogan,KALED70UN8910SGA,,"Australia,New Zealand",China,176.564,13320.7184,LCD,-,-,-,140.1,N/A,N/A,515.0,Approved,2026-05-20,,Single product class,Available,5.0,,,5.182435338522252,https://reg.energyrating.gov.au/static/common/images/star_ratings_2014/EnergyStarRating_5_Star.eps,https://reg.energyrating.gov.au/static/common/images/star_ratings_2014/Star-rating-5.png,Internal,Analogue/Digital,AS/NZS 62087.1:2010,ATV4485,Greenhouse and Energy Minimum Standards (Televisions) Determination 2013
81,138574,HISENSE,75U8G,,"Australia,New Zealand",China,189.274,15307.855004000001,LCD (LED),-,-,-,169.86,N/A,N/A,683.0,Approved,2026-06-09,,Single product class,Available,4.5,http://global.hisense.com/,http://www.hisense.com.au,4.5111751402328695,https://reg.energyrating.gov.au/static/common/images/star_ratings_2014/EnergyStarRating_4.5_Star.eps,https://reg.energyrating.gov.au/static/common/images/star_ratings_2014/Star-rating-4.5.png,Internal,Analogue/Digital,AS/NZS 62087.1:2010,ATV4512,Greenhouse and Energy Minimum Standards (Televisions) Determination 2013
82,138575,VEON,VN55WOS2021,,"Australia,Fiji,New Zealand",China,138.783,8230.118400000001,LCD (LED),0.362,0.36,4.0,104.9,N/A,N/A,404.0,Approved,2026-05-31,,Single product class,Available,4.0,,,4.248770058146791,https://reg.energyrating.gov.au/static/common/images/star_ratings_2014/EnergyStarRating_4_Star.eps,https://reg.energyrating.gov.au/static/common/images/star_ratings_2014/Star-rating-4.png,Internal,Analogue/Digital,AS/NZS 62087.1:2010,ATV4507,Greenhouse and Energy Minimum Standards (Televisions) Determination 2013
83,138576,VEON,VN58U22021N,,"Australia,Fiji,New Zealand","China,Indonesia",146.13,9168.05952,LCD (LED),0.37,0.37,4.0,115.41,N/A,N/A,450.0,Approved,2026-05-24,,Single product class,Available,4.0,,,4.213086541630442,https://reg.energyrating.gov.au/static/common/images/star_ratings_2014/EnergyStarRating_4_Star.eps,https://reg.energyrating.gov.au/static/common/images/star_ratings_2014/Star-rating-4.png,Internal,Analogue/Digital,AS/NZS 62087.1:2010,ATV4492,Greenhouse and Energy Minimum Standards (Televisions) Determination 2013
84,138617,SAMSUNG ELECTRONICS,QA55QN700AS,,"Australia,Fiji,New Zealand",Vietnam,138.711,8221.2,LCD (LED),0.5,0.0,0.0,198.0,N/A,N/A,726.0,Approved,2026-05-28,,Single product class,Available,1.5,,http://www.samsung.com.au,1.61757464946179,https://reg.energyrating.gov.au/static/common/images/star_ratings_2014/EnergyStarRating_1.5_Star.eps,https://reg.energyrating.gov.au/static/common/images/star_ratings_2014/Star-rating-1.5.png,Internal,Digital,,ATV4502,Greenhouse and Energy Minimum Standards (Televisions) Determination 2013
85,138623,EKO,K65USW,,Australia,China,163.888,11477.194,LCD (LED),0.32,0.0,0.0,127.8,N/A,N/A,510.0,Approved,2026-05-26,,Single product class,Available,4.5,http://www.ayonz.com/,,4.594420943933631,https://reg.energyrating.gov.au/static/common/images/star_ratings_2014/EnergyStarRating_4.5_Star.eps,https://reg.energyrating.gov.au/static/common/images/star_ratings_2014/Star-rating-4.5.png,Internal,Analogue/Digital,AS/NZS 62087.1:2010,ATV4497,Greenhouse and Energy Minimum Standards (Televisions) Determination 2013
86,138660,Gorilla,GSTV42TV1,,"Australia,Fiji,New Zealand",China,105.348,4675.4400000000005,LCD (LED),0.58,0.0,0.0,43.0,N/A,N/A,160.0,Approved,2026-05-27,,Single product class,Available,6.0,,,6.12503142348359,https://reg.energyrating.gov.au/static/common/images/star_ratings_2014/EnergyStarRating_6_Star.eps,https://reg.energyrating.gov.au/static/common/images/star_ratings_2014/Star-rating-6.png,Internal,Analogue/Digital,AS/NZS 62087.1:2010,ATV4501,Greenhouse and Energy Minimum Standards (Televisions) Determination 2013
87,138766,Gorilla,GSTV32TV3,,"Australia,Fiji,New Zealand",China,79.967,2732.2400000000002,LCD (LED),0.35,0.0,0.0,28.0,N/A,N/A,104.0,Approved,2026-05-31,,Single product class,Available,6.0,,,6.04521473860549,https://reg.energyrating.gov.au/static/common/images/star_ratings_2014/EnergyStarRating_6_Star.eps,https://reg.energyrating.gov.au/static/common/images/star_ratings_2014/Star-rating-6.png,Internal,Analogue/Digital,AS/NZS 62087.1:2010,ATV4506,Greenhouse and Energy Minimum Standards (Televisions) Determination 2013
88,138861,KONIC,KUD65MD686AS2,,New Zealand,China,163.896,11478.122496000002,LCD,0.41,0.0,0.0,122.59,8.0,8.157471882033347,450.0,Approved,2121-06-02,,Single product class,Available,5.0,,,5.155671251474673,https://reg.energyrating.gov.au/static/common/images/star_ratings_2014/EnergyStarRating_5_Star.eps,https://reg.energyrating.gov.au/static/common/images/star_ratings_2014/Star-rating-5.png,Internal,Digital,AS/NZS 62087.1:2010,ZTV0579,AS/NZS 62087.2.2:2011
89,138937,SHARP,8T-C70DW1X,,"Australia,Fiji,New Zealand",Malaysia,176.586,13323.988699999998,LCD (LED),0.24,8.5,0.5,178.0,N/A,N/A,653.0,Approved,2026-07-05,,Single product class,Available,4.0,,,4.119545498871114,https://reg.energyrating.gov.au/static/common/images/star_ratings_2014/EnergyStarRating_4_Star.eps,https://reg.energyrating.gov.au/static/common/images/star_ratings_2014/Star-rating-4.png,Internal,Analogue/Digital,AS/NZS 62087.1:2010,ATV4548,Greenhouse and Energy Minimum Standards (Televisions) Determination 2013
90,138939,SHARP,4T-C70CK3X,,"Australia,Fiji,New Zealand",Malaysia,176.815,13360.47,LCD (LED),0.49,7.46,0.5,157.82,N/A,N/A,580.0,Approved,2026-07-05,,Single product class,Available,4.5,,,4.662455826012662,https://reg.energyrating.gov.au/static/common/images/star_ratings_2014/EnergyStarRating_4.5_Star.eps,https://reg.energyrating.gov.au/static/common/images/star_ratings_2014/Star-rating-4.5.png,Internal,Analogue/Digital,AS/NZS 62087.1:2010,ATV4549,Greenhouse and Energy Minimum Standards (Televisions) Determination 2013
91,138941,SHARP,4T-C60CK1X,,"Australia,Fiji,New Zealand",Malaysia,152.663,9958.2104,LCD (LED),0.49,7.14,0.5,128.8,N/A,N/A,474.0,Approved,2026-07-05,,Single product class,Available,4.0,,,4.325413975647905,https://reg.energyrating.gov.au/static/common/images/star_ratings_2014/EnergyStarRating_4_Star.eps,https://reg.energyrating.gov.au/static/common/images/star_ratings_2014/Star-rating-4.png,Internal,Analogue/Digital,AS/NZS 62087.1:2010,ATV4550,Greenhouse and Energy Minimum Standards (Televisions) Determination 2013
92,138942,SHARP,2T-C32BG1X,,"Australia,Fiji,New Zealand",Malaysia,80.034,2736.6848,LCD (LED),0.24,4.3,0.5,33.52,N/A,N/A,125.0,Approved,2026-06-17,,Single product class,Available,5.0,,,5.226778437929547,https://reg.energyrating.gov.au/static/common/images/star_ratings_2014/EnergyStarRating_5_Star.eps,https://reg.energyrating.gov.au/static/common/images/star_ratings_2014/Star-rating-5.png,Internal,Analogue/Digital,AS/NZS 62087.1:2010,ATV4520,Greenhouse and Energy Minimum Standards (Televisions) Determination 2013
93,138959,CHiQ,L32G7H,,"Australia,Fiji,New Zealand",China,79.967,2732.2400000000002,LCD (LED),0.3,0.0,0.0,28.0,N/A,N/A,104.0,Approved,2026-06-07,,Single product class,Available,6.0,,https://www.chiq.com.au/,6.04521473860549,https://reg.energyrating.gov.au/static/common/images/star_ratings_2014/EnergyStarRating_6_Star.eps,https://reg.energyrating.gov.au/static/common/images/star_ratings_2014/Star-rating-6.png,Internal,unknown,AS/NZS 62087.1:2010,ATV4508,Greenhouse and Energy Minimum Standards (Televisions) Determination 2013
94,138960,CHiQ,U43G7H,,"Australia,Fiji,New Zealand",China,107.863,4972.599999999999,LCD (LED),-,-,-,65.0,N/A,N/A,240.0,Approved,2026-06-07,,Single product class,Available,4.5,,https://www.chiq.com.au/,4.549090282769516,https://reg.energyrating.gov.au/static/common/images/star_ratings_2014/EnergyStarRating_4.5_Star.eps,https://reg.energyrating.gov.au/static/common/images/star_ratings_2014/Star-rating-4.5.png,Internal,unknown,AS/NZS 62087.1:2010,ATV4509,Greenhouse and Energy Minimum Standards (Televisions) Determination 2013
95,139006,BAUHN,ATV65UHDW-1021,,Australia,China,163.896,11478.122496000002,LCD (LED),0.3594,0.361848,14.0,95.274,N/A,N/A,367.0,Approved,2026-07-26,,Single product class,Available,6.0,,http://www.tempoaustralia.com,6.0693688847202,https://reg.energyrating.gov.au/static/common/images/star_ratings_2014/EnergyStarRating_6_Star.eps,https://reg.energyrating.gov.au/static/common/images/star_ratings_2014/Star-rating-6.png,Internal,Analogue/Digital,AS/NZS 62087.1:2010,ATV4561,Greenhouse and Energy Minimum Standards (Televisions) Determination 2013
96,139111,SAMSUNG ELECTRONICS,QA85LS03AAW,QA85LS03AAW,"Australia,Fiji,New Zealand",Vietnam,214.783,19712.16,LCD (LED),0.5,0.0,0.0,225.0,N/A,N/A,824.0,Approved,2026-06-16,,Single product class,Available,4.5,,http://www.samsung.com.au,4.759317029933,https://reg.energyrating.gov.au/static/common/images/star_ratings_2014/EnergyStarRating_4.5_Star.eps,https://reg.energyrating.gov.au/static/common/images/star_ratings_2014/Star-rating-4.5.png,Internal,Digital,,ATV4519,Greenhouse and Energy Minimum Standards (Televisions) Determination 2013
97,139111,SAMSUNG ELECTRONICS,QA85LS03AAS,QA85LS03AAW,"Australia,Fiji,New Zealand",Vietnam,214.783,19712.16,LCD (LED),0.5,0.0,0.0,225.0,N/A,N/A,824.0,Approved,2026-06-16,,Single product class,Available,4.5,,http://www.samsung.com.au,4.759317029933,https://reg.energyrating.gov.au/static/common/images/star_ratings_2014/EnergyStarRating_4.5_Star.eps,https://reg.energyrating.gov.au/static/common/images/star_ratings_2014/Star-rating-4.5.png,Internal,Digital,,ATV4519,Greenhouse and Energy Minimum Standards (Televisions) Determination 2013
98,139113,HISENSE,85U80G,,"Australia,New Zealand",China,214.783,19712.16,LCD (LED),0.35,0.0,0.0,270.3,N/A,N/A,1088.0,Approved,2026-07-23,,Single product class,Available,3.5,http://global.hisense.com/,http://www.hisense.com.au,3.5138143216110955,https://reg.energyrating.gov.au/static/common/images/star_ratings_2014/EnergyStarRating_3.5_Star.eps,https://reg.energyrating.gov.au/static/common/images/star_ratings_2014/Star-rating-3.5.png,Internal,Analogue/Digital,AS/NZS 62087.1:2010,ATV4558,Greenhouse and Energy Minimum Standards (Televisions) Determination 2013
99,139121,SAMSUNG ELECTRONICS,HG55Q60AAAW,,"Australia,Fiji,New Zealand",Vietnam,138.711,8221.2,LCD (LED),0.5,0.0,0.0,84.0,N/A,N/A,310.0,Approved,2026-06-16,,Single product class,Available,5.0,,http://www.samsung.com.au,5.431163311709696,https://reg.energyrating.gov.au/static/common/images/star_ratings_2014/EnergyStarRating_5_Star.eps,https://reg.energyrating.gov.au/static/common/images/star_ratings_2014/Star-rating-5.png,Internal,Digital,,ATV4518,Greenhouse and Energy Minimum Standards (Televisions) Determination 2013
100,139124,SAMSUNG ELECTRONICS,HG65Q60AAAW,,"Australia,Fiji,New Zealand",Vietnam,163.829,11466.84,LCD (LED),0.5,0.0,0.0,104.0,N/A,N/A,383.0,Approved,2026-06-15,,Single product class,Available,5.5,,http://www.samsung.com.au,5.873978957706609,https://reg.energyrating.gov.au/static/common/images/star_ratings_2014/EnergyStarRating_5.5_Star.eps,https://reg.energyrating.gov.au/static/common/images/star_ratings_2014/Star-rating-5.5.png,Internal,Digital,,ATV4517,Greenhouse and Energy Minimum Standards (Televisions) Determination 2013
101,139126,SAMSUNG ELECTRONICS,HG75Q60AAAW,,"Australia,Fiji,New Zealand",Vietnam,189.306,15312.0,LCD (LED),0.5,0.0,0.0,195.0,N/A,N/A,715.0,Approved,2026-06-15,,Single product class,Available,4.0,,http://www.samsung.com.au,4.307141519551798,https://reg.energyrating.gov.au/static/common/images/star_ratings_2014/EnergyStarRating_4_Star.eps,https://reg.energyrating.gov.au/static/common/images/star_ratings_2014/Star-rating-4.png,Internal,Digital,,ATV4516,Greenhouse and Energy Minimum Standards (Televisions) Determination 2013
102,139219,SAMSUNG ELECTRONICS,HG43Q60AAAW,,"Australia,Fiji,New Zealand",Vietnam,107.95,4977.889999999999,LCD (LED),0.5,0.0,0.0,69.0,N/A,N/A,255.0,Approved,2026-06-21,,Single product class,Available,4.0,,http://www.samsung.com.au,4.281582860753533,https://reg.energyrating.gov.au/static/common/images/star_ratings_2014/EnergyStarRating_4_Star.eps,https://reg.energyrating.gov.au/static/common/images/star_ratings_2014/Star-rating-4.png,Internal,Digital,,ATV4522,Greenhouse and Energy Minimum Standards (Televisions) Determination 2013
103,139223,SAMSUNG ELECTRONICS,HG50Q60AAAW,,"Australia,Fiji,New Zealand",Vietnam,125.725,6751.36,LCD (LED),0.5,0.0,0.0,78.0,N/A,N/A,288.0,Approved,2026-06-21,,Single product class,Available,4.5,,http://www.samsung.com.au,4.954273072870684,https://reg.energyrating.gov.au/static/common/images/star_ratings_2014/EnergyStarRating_4.5_Star.eps,https://reg.energyrating.gov.au/static/common/images/star_ratings_2014/Star-rating-4.5.png,Internal,Digital,,ATV4521,Greenhouse and Energy Minimum Standards (Televisions) Determination 2013
104,139282,HISENSE,65U80G,,"Australia,New Zealand",China,163.896,11478.122496000002,LCD (LED),0.33,0.0,0.0,194.11,N/A,N/A,812.0,Approved,2026-06-24,,Single product class,Available,2.5,http://global.hisense.com/,http://www.hisense.com.au,2.5105006699319685,https://reg.energyrating.gov.au/static/common/images/star_ratings_2014/EnergyStarRating_2.5_Star.eps,https://reg.energyrating.gov.au/static/common/images/star_ratings_2014/Star-rating-2.5.png,Internal,Analogue/Digital,AS/NZS 62087.1:2010,ATV4523,Greenhouse and Energy Minimum Standards (Televisions) Determination 2013
105,139131,KOGAN,KALED19PRIZB,,"Australia,Fiji,New Zealand",China,47.013,944.1791999999999,LCD (LED),0.24952398,0.24755196,14.0,16.1448,N/A,N/A,62.0,Approved,2026-06-25,,Single product class,Available,5.0,,,5.065515602883841,https://reg.energyrating.gov.au/static/common/images/star_ratings_2014/EnergyStarRating_5_Star.eps,https://reg.energyrating.gov.au/static/common/images/star_ratings_2014/Star-rating-5.png,Internal,Analogue/Digital,AS/NZS 62087.1:2010,ATV4530,Greenhouse and Energy Minimum Standards (Televisions) Determination 2013
106,139597,SAMSUNG ELECTRONICS,QA55Q60ABW,QA55Q60ABW,"Australia,Fiji,New Zealand",Vietnam,138.798,8228.0,LCD (LED),0.5,0.0,0.0,88.0,N/A,N/A,324.0,Approved,2026-06-28,,Single product class,Available,5.0,,http://www.samsung.com.au,5.236627970976682,https://reg.energyrating.gov.au/static/common/images/star_ratings_2014/EnergyStarRating_5_Star.eps,https://reg.energyrating.gov.au/static/common/images/star_ratings_2014/Star-rating-5.png,Internal,Digital,,ATV4534,Greenhouse and Energy Minimum Standards (Televisions) Determination 2013
107,139597,SAMSUNG ELECTRONICS,QA55Q60ABS,QA55Q60ABW,"Australia,Fiji,New Zealand",Vietnam,138.798,8228.0,LCD (LED),0.5,0.0,0.0,88.0,N/A,N/A,324.0,Approved,2026-06-28,,Single product class,Available,5.0,,http://www.samsung.com.au,5.236627970976682,https://reg.energyrating.gov.au/static/common/images/star_ratings_2014/EnergyStarRating_5_Star.eps,https://reg.energyrating.gov.au/static/common/images/star_ratings_2014/Star-rating-5.png,Internal,Digital,,ATV4534,Greenhouse and Energy Minimum Standards (Televisions) Determination 2013
108,139598,SAMSUNG ELECTRONICS,QA65Q60ABW,QA65Q60ABW,"Australia,Fiji,New Zealand",Vietnam,163.829,11466.84,LCD (LED),0.5,0.0,0.0,117.0,N/A,N/A,430.0,Approved,2026-06-25,,Single product class,Available,5.0,,http://www.samsung.com.au,5.355253595377076,https://reg.energyrating.gov.au/static/common/images/star_ratings_2014/EnergyStarRating_5_Star.eps,https://reg.energyrating.gov.au/static/common/images/star_ratings_2014/Star-rating-5.png,Internal,Digital,,ATV4529,Greenhouse and Energy Minimum Standards (Televisions) Determination 2013
109,139598,SAMSUNG ELECTRONICS,QA65Q60ABS,QA65Q60ABW,"Australia,Fiji,New Zealand",Vietnam,163.829,11466.84,LCD (LED),0.5,0.0,0.0,117.0,N/A,N/A,430.0,Approved,2026-06-25,,Single product class,Available,5.0,,http://www.samsung.com.au,5.355253595377076,https://reg.energyrating.gov.au/static/common/images/star_ratings_2014/EnergyStarRating_5_Star.eps,https://reg.energyrating.gov.au/static/common/images/star_ratings_2014/Star-rating-5.png,Internal,Digital,,ATV4529,Greenhouse and Energy Minimum Standards (Televisions) Determination 2013
110,139600,SAMSUNG ELECTRONICS,QA75Q60ABW,QA75Q60ABW,"Australia,Fiji,New Zealand",Vietnam,189.306,15312.0,LCD (LED),0.5,0.0,0.0,155.0,N/A,N/A,569.0,Approved,2026-06-25,,Single product class,Available,5.0,,http://www.samsung.com.au,5.330707323817691,https://reg.energyrating.gov.au/static/common/images/star_ratings_2014/EnergyStarRating_5_Star.eps,https://reg.energyrating.gov.au/static/common/images/star_ratings_2014/Star-rating-5.png,Internal,Digital,,ATV4528,Greenhouse and Energy Minimum Standards (Televisions) Determination 2013
111,139600,SAMSUNG ELECTRONICS,QA75Q60ABS,QA75Q60ABW,"Australia,Fiji,New Zealand",Vietnam,189.306,15312.0,LCD (LED),0.5,0.0,0.0,155.0,N/A,N/A,569.0,Approved,2026-06-25,,Single product class,Available,5.0,,http://www.samsung.com.au,5.330707323817691,https://reg.energyrating.gov.au/static/common/images/star_ratings_2014/EnergyStarRating_5_Star.eps,https://reg.energyrating.gov.au/static/common/images/star_ratings_2014/Star-rating-5.png,Internal,Digital,,ATV4528,Greenhouse and Energy Minimum Standards (Televisions) Determination 2013
112,139602,SAMSUNG ELECTRONICS,QA85Q60ABW,QA85Q60ABW,"Australia,Fiji,New Zealand",Vietnam,214.783,19712.16,LCD (LED),0.5,0.0,0.0,176.0,N/A,N/A,645.0,Approved,2026-06-25,,Single product class,Available,5.5,,http://www.samsung.com.au,5.856907400218116,https://reg.energyrating.gov.au/static/common/images/star_ratings_2014/EnergyStarRating_5.5_Star.eps,https://reg.energyrating.gov.au/static/common/images/star_ratings_2014/Star-rating-5.5.png,Internal,Digital,,ATV4527,Greenhouse and Energy Minimum Standards (Televisions) Determination 2013
113,139602,SAMSUNG ELECTRONICS,QA85Q60ABS,QA85Q60ABW,"Australia,Fiji,New Zealand",Vietnam,214.783,19712.16,LCD (LED),0.5,0.0,0.0,176.0,N/A,N/A,645.0,Approved,2026-06-25,,Single product class,Available,5.5,,http://www.samsung.com.au,5.856907400218116,https://reg.energyrating.gov.au/static/common/images/star_ratings_2014/EnergyStarRating_5.5_Star.eps,https://reg.energyrating.gov.au/static/common/images/star_ratings_2014/Star-rating-5.5.png,Internal,Digital,,ATV4527,Greenhouse and Energy Minimum Standards (Televisions) Determination 2013
114,139606,SAMSUNG ELECTRONICS,QA50Q60ABS,,"Australia,Fiji,New Zealand",Vietnam,125.725,6751.36,LCD (LED),0.5,0.0,0.0,82.0,N/A,N/A,302.0,Approved,2026-06-25,,Single product class,Available,4.5,,http://www.samsung.com.au,4.74155557796945,https://reg.energyrating.gov.au/static/common/images/star_ratings_2014/EnergyStarRating_4.5_Star.eps,https://reg.energyrating.gov.au/static/common/images/star_ratings_2014/Star-rating-4.5.png,Internal,Digital,,ATV4526,Greenhouse and Energy Minimum Standards (Televisions) Determination 2013
115,139607,SAMSUNG ELECTRONICS,QA43Q60ABS,,"Australia,Fiji,New Zealand",Vietnam,107.95,4977.889999999999,LCD (LED),0.5,0.0,0.0,72.0,N/A,N/A,266.0,Approved,2026-06-28,,Single product class,Available,4.0,,http://www.samsung.com.au,4.092320104225092,https://reg.energyrating.gov.au/static/common/images/star_ratings_2014/EnergyStarRating_4_Star.eps,https://reg.energyrating.gov.au/static/common/images/star_ratings_2014/Star-rating-4.png,Internal,Digital,,ATV4533,Greenhouse and Energy Minimum Standards (Televisions) Determination 2013
116,139689,TOSHIBA,75C350KP,,"Australia,New Zealand",China,189.274,15307.826135039999,LCD (LED),0.387,0.0,0.0,131.33,N/A,N/A,547.0,Approved,2026-07-23,,Single product class,Available,5.5,http://global.hisense.com/,https://hisense.com.au/,5.50624872605241,https://reg.energyrating.gov.au/static/common/images/star_ratings_2014/EnergyStarRating_5.5_Star.eps,https://reg.energyrating.gov.au/static/common/images/star_ratings_2014/Star-rating-5.5.png,Internal,Analogue/Digital,AS/NZS 62087.1:2010,ATV4559,Greenhouse and Energy Minimum Standards (Televisions) Determination 2013
117,139660,SMTV,LED-43JIL0421-1,,"Australia,Fiji,New Zealand",China,107.912,4982.0,LCD (LED),0.38,0.0,0.0,50.909,N/A,N/A,188.0,Approved,2026-06-29,,Single product class,Available,5.5,,,5.65085899801826,https://reg.energyrating.gov.au/static/common/images/star_ratings_2014/EnergyStarRating_5.5_Star.eps,https://reg.energyrating.gov.au/static/common/images/star_ratings_2014/Star-rating-5.5.png,Internal,Digital,AS/NZS 62087.1:2010,ATV4535,Greenhouse and Energy Minimum Standards (Televisions) Determination 2013
118,139699,EKO,K400FSG,,"Australia,Fiji,New Zealand",China,100.332,4261.934154240001,LCD (LED),0.63,0.0,0.0,41.5,N/A,N/A,155.0,Approved,2026-07-05,,Single product class,Available,5.5,http://www.ayonz.com/,,5.908618544413956,https://reg.energyrating.gov.au/static/common/images/star_ratings_2014/EnergyStarRating_5.5_Star.eps,https://reg.energyrating.gov.au/static/common/images/star_ratings_2014/Star-rating-5.5.png,Internal,Analogue/Digital,AS/NZS 62087.1:2010,ATV4547,Greenhouse and Energy Minimum Standards (Televisions) Determination 2013
119,139702,JVC,LT-55N7125A,,"Australia,Fiji,New Zealand",China,139.022,8253.72,LCD,0.38,0.0,0.0,106.02,N/A,N/A,430.0,Approved,2026-07-09,,Single product class,Available,3.5,,,3.9810903951176293,https://reg.energyrating.gov.au/static/common/images/star_ratings_2014/EnergyStarRating_3.5_Star.eps,https://reg.energyrating.gov.au/static/common/images/star_ratings_2014/Star-rating-3.5.png,Internal,Analogue/Digital,AS/NZS 62087.1:2010,ATV4553,Greenhouse and Energy Minimum Standards (Televisions) Determination 2013
120,139791,AKAI,AK5821S6WOS,,"Australia,Fiji,New Zealand",China,146.068,9162.865152,LCD (LED),0.27,0.37,4.0,76.37,N/A,N/A,301.0,Approved,2026-07-05,,Single product class,Available,6.0,,http://www.tempoaustralia.com.au,6.012873325950687,https://reg.energyrating.gov.au/static/common/images/star_ratings_2014/EnergyStarRating_6_Star.eps,https://reg.energyrating.gov.au/static/common/images/star_ratings_2014/Star-rating-6.png,Internal,Analogue/Digital,AS/NZS 62087.1:2010,ATV4551,Greenhouse and Energy Minimum Standards (Televisions) Determination 2013
121,139792,SHARP,2T-C42BG1X,,"Australia,Fiji,New Zealand",Malaysia,105.415,4682.5925,LCD (LED),0.34,4.3,0.5,47.72,N/A,N/A,177.0,Approved,2026-07-05,,Single product class,Available,5.5,,,5.678474523916174,https://reg.energyrating.gov.au/static/common/images/star_ratings_2014/EnergyStarRating_5.5_Star.eps,https://reg.energyrating.gov.au/static/common/images/star_ratings_2014/Star-rating-5.5.png,Internal,Analogue/Digital,AS/NZS 62087.1:2010,ATV4536,Greenhouse and Energy Minimum Standards (Televisions) Determination 2013
122,139816,AKAI,AK6521S6WOS,,"Australia,Fiji,New Zealand",China,163.896,11478.122496000002,LCD (LED),0.28,0.36,4.0,92.66,N/A,N/A,371.0,Approved,2026-07-13,,Single product class,Available,6.0,,http://www.tempoaustralia.com.au,6.0207893291425405,https://reg.energyrating.gov.au/static/common/images/star_ratings_2014/EnergyStarRating_6_Star.eps,https://reg.energyrating.gov.au/static/common/images/star_ratings_2014/Star-rating-6.png,Internal,Analogue/Digital,AS/NZS 62087.1:2010,ATV4554,Greenhouse and Energy Minimum Standards (Televisions) Determination 2013
123,139901,KONKA,KUD55WT808AN,55AN,New Zealand,China,138.783,8230.118400000001,LCD (LED),0.28,0.28,0.0,92.33,8.0,8.023434912912322,340.0,Approved,2121-07-21,,Single product class,Available,5.0,,,5.02167727117258,https://reg.energyrating.gov.au/static/common/images/star_ratings_2014/EnergyStarRating_5_Star.eps,https://reg.energyrating.gov.au/static/common/images/star_ratings_2014/Star-rating-5.png,Internal,unknown,AS/NZS 62087.1:2010,ZTV0582,AS/NZS 62087.2.2:2011
124,139901,KONKA,UDG55NR680ANTS,55AN,New Zealand,China,138.783,8230.118400000001,LCD (LED),0.28,0.28,0.0,92.33,8.0,8.023434912912322,340.0,Approved,2121-07-21,,Single product class,Available,5.0,,,5.02167727117258,https://reg.energyrating.gov.au/static/common/images/star_ratings_2014/EnergyStarRating_5_Star.eps,https://reg.energyrating.gov.au/static/common/images/star_ratings_2014/Star-rating-5.png,Internal,unknown,AS/NZS 62087.1:2010,ZTV0582,AS/NZS 62087.2.2:2011
125,139901,KONKA,55AN,55AN,New Zealand,China,138.783,8230.118400000001,LCD (LED),0.28,0.28,0.0,92.33,8.0,8.023434912912322,340.0,Approved,2121-07-21,,Single product class,Available,5.0,,,5.02167727117258,https://reg.energyrating.gov.au/static/common/images/star_ratings_2014/EnergyStarRating_5_Star.eps,https://reg.energyrating.gov.au/static/common/images/star_ratings_2014/Star-rating-5.png,Internal,unknown,AS/NZS 62087.1:2010,ZTV0582,AS/NZS 62087.2.2:2011
126,139909,HISENSE,85A7G,,"Australia,New Zealand",China,214.783,19712.16,LCD (LED),0.37,0.0,0.0,172.02,N/A,N/A,698.0,Approved,2026-07-23,,Single product class,Available,5.5,http://global.hisense.com/,http://www.hisense.com.au,5.503015094115111,https://reg.energyrating.gov.au/static/common/images/star_ratings_2014/EnergyStarRating_5.5_Star.eps,https://reg.energyrating.gov.au/static/common/images/star_ratings_2014/Star-rating-5.5.png,Internal,Analogue/Digital,AS/NZS 62087.1:2010,ATV4560,Greenhouse and Energy Minimum Standards (Televisions) Determination 2013
127,139965,SAMSUNG ELECTRONICS,UA70AU7000W,UA70AU7000,"Australia,Fiji,New Zealand",Vietnam,176.497,13104.539999999999,LCD (LED),0.5,0.0,0.0,135.0,N/A,N/A,496.0,Approved,2026-07-22,,Single product class,Available,5.0,,http://www.samsung.com.au,5.281262908225567,https://reg.energyrating.gov.au/static/common/images/star_ratings_2014/EnergyStarRating_5_Star.eps,https://reg.energyrating.gov.au/static/common/images/star_ratings_2014/Star-rating-5.png,Internal,Digital,,ATV4556,Greenhouse and Energy Minimum Standards (Televisions) Determination 2013
128,139965,SAMSUNG ELECTRONICS,UA70AU7000S,UA70AU7000,"Australia,Fiji,New Zealand",Vietnam,176.497,13104.539999999999,LCD (LED),0.5,0.0,0.0,135.0,N/A,N/A,496.0,Approved,2026-07-22,,Single product class,Available,5.0,,http://www.samsung.com.au,5.281262908225567,https://reg.energyrating.gov.au/static/common/images/star_ratings_2014/EnergyStarRating_5_Star.eps,https://reg.energyrating.gov.au/static/common/images/star_ratings_2014/Star-rating-5.png,Internal,Digital,,ATV4556,Greenhouse and Energy Minimum Standards (Televisions) Determination 2013
129,139965,SAMSUNG ELECTRONICS,UA70AU7000,UA70AU7000,"Australia,Fiji,New Zealand",Vietnam,176.497,13104.539999999999,LCD (LED),0.5,0.0,0.0,135.0,N/A,N/A,496.0,Approved,2026-07-22,,Single product class,Available,5.0,,http://www.samsung.com.au,5.281262908225567,https://reg.energyrating.gov.au/static/common/images/star_ratings_2014/EnergyStarRating_5_Star.eps,https://reg.energyrating.gov.au/static/common/images/star_ratings_2014/Star-rating-5.png,Internal,Digital,,ATV4556,Greenhouse and Energy Minimum Standards (Televisions) Determination 2013
130,140034,KONKA,UDG50NR680ANTS,50AN,New Zealand,China,125.731,6754.867344,LCD (LED),0.37,0.37,0.0,75.43,8.0,8.100386884120589,279.0,Approved,2121-07-21,,Single product class,Available,5.0,,,5.0986611387808685,https://reg.energyrating.gov.au/static/common/images/star_ratings_2014/EnergyStarRating_5_Star.eps,https://reg.energyrating.gov.au/static/common/images/star_ratings_2014/Star-rating-5.png,Internal,unknown,AS/NZS 62087.1:2010,ZTV0583,AS/NZS 62087.2.2:2011
131,140034,KONKA,KUD50WT808AN,50AN,New Zealand,China,125.731,6754.867344,LCD (LED),0.37,0.37,0.0,75.43,8.0,8.100386884120589,279.0,Approved,2121-07-21,,Single product class,Available,5.0,,,5.0986611387808685,https://reg.energyrating.gov.au/static/common/images/star_ratings_2014/EnergyStarRating_5_Star.eps,https://reg.energyrating.gov.au/static/common/images/star_ratings_2014/Star-rating-5.png,Internal,unknown,AS/NZS 62087.1:2010,ZTV0583,AS/NZS 62087.2.2:2011
132,140034,KONKA,50AN,50AN,New Zealand,China,125.731,6754.867344,LCD (LED),0.37,0.37,0.0,75.43,8.0,8.100386884120589,279.0,Approved,2121-07-21,,Single product class,Available,5.0,,,5.0986611387808685,https://reg.energyrating.gov.au/static/common/images/star_ratings_2014/EnergyStarRating_5_Star.eps,https://reg.energyrating.gov.au/static/common/images/star_ratings_2014/Star-rating-5.png,Internal,unknown,AS/NZS 62087.1:2010,ZTV0583,AS/NZS 62087.2.2:2011
133,140041,METZ,65MXD9500A,,"Australia,Fiji,New Zealand","China,Indonesia",164.249,11554.4,OLED,0.38,0.38,4.0,139.4,N/A,N/A,586.0,Approved,2026-07-09,,Single product class,Available,4.0,,,4.000233788824486,https://reg.energyrating.gov.au/static/common/images/star_ratings_2014/EnergyStarRating_4_Star.eps,https://reg.energyrating.gov.au/static/common/images/star_ratings_2014/Star-rating-4.png,Internal,Analogue/Digital,AS/NZS 62087.1:2010,ATV4552,Greenhouse and Energy Minimum Standards (Televisions) Determination 2013
134,140042,METZ,55MXD9500A,,"Australia,Fiji,New Zealand","China,Indonesia",138.554,8167.5,OLED,0.39,0.4,4.0,103.3,N/A,N/A,424.0,Approved,2026-07-15,,Single product class,Available,4.0,,,4.000700737851957,https://reg.energyrating.gov.au/static/common/images/star_ratings_2014/EnergyStarRating_4_Star.eps,https://reg.energyrating.gov.au/static/common/images/star_ratings_2014/Star-rating-4.png,Internal,Analogue/Digital,AS/NZS 62087.1:2010,ATV4555,Greenhouse and Energy Minimum Standards (Televisions) Determination 2013
135,140075,SAMSUNG ELECTRONICS,UA40T6500AS,,"Australia,Fiji,New Zealand",Vietnam,100.305,4258.3,LCD (LED),0.5,0.0,0.0,59.0,N/A,N/A,218.0,Approved,2026-07-23,,Single product class,Available,4.0,,http://www.samsung.com.au,4.376857615002824,https://reg.energyrating.gov.au/static/common/images/star_ratings_2014/EnergyStarRating_4_Star.eps,https://reg.energyrating.gov.au/static/common/images/star_ratings_2014/Star-rating-4.png,Internal,Digital,,ATV4557,Greenhouse and Energy Minimum Standards (Televisions) Determination 2013
136,140130,PHILIPS,24HFL3011T/12,,"Australia,Fiji,New Zealand",Poland,59.687,1523.6000000000001,LCD (LED),-,-,-,17.38,N/A,N/A,65.0,Approved,2027-08-21,,Single product class,Available,6.0,https://www.westan.net.nz,https://www.philips.com.au/,6.206406424105242,https://reg.energyrating.gov.au/static/common/images/star_ratings_2014/EnergyStarRating_6_Star.eps,https://reg.energyrating.gov.au/static/common/images/star_ratings_2014/Star-rating-6.png,Internal,Analogue/Digital,AS/NZS 62087.1:2010,ATV5188,Greenhouse and Energy Minimum Standards (Televisions) Determination 2013
137,140286,PHILIPS,43HFL5011T/12,,"Australia,Fiji,New Zealand",Poland,108.037,4983.18,LCD (LED),-,-,-,43.23,N/A,N/A,160.0,Approved,2027-08-21,,Single product class,Available,6.0,https://www.westan.net.nz,https://www.philips.com.au/,6.374499841331531,https://reg.energyrating.gov.au/static/common/images/star_ratings_2014/EnergyStarRating_6_Star.eps,https://reg.energyrating.gov.au/static/common/images/star_ratings_2014/Star-rating-6.png,Internal,Analogue/Digital,AS/NZS 62087.1:2010,ATV5189,Greenhouse and Energy Minimum Standards (Televisions) Determination 2013
138,140289,PHILIPS,49HFL5011T/12,,"Australia,Fiji,New Zealand",Poland,123.17,6476.22,LCD (LED),-,-,-,47.37,N/A,N/A,175.0,Approved,2027-08-22,,Single product class,Available,7.0,https://www.westan.net.nz,https://www.philips.com.au/,7.01820175064728,https://reg.energyrating.gov.au/static/common/images/star_ratings_2014/EnergyStarRating_7_Star.eps,https://reg.energyrating.gov.au/static/common/images/star_ratings_2014/Star-rating-7.png,Internal,Analogue/Digital,AS/NZS 62087.1:2010,ATV5190,Greenhouse and Energy Minimum Standards (Televisions) Determination 2013
139,140292,PHILIPS,55HFL5011T/12,,"Australia,Fiji,New Zealand",Poland,138.935,8246.909999999998,LCD (LED),-,-,-,54.84,N/A,N/A,202.0,Approved,2027-08-21,,Single product class,Available,7.0,https://www.westan.net.nz,https://www.philips.com.au/,7.363472126667125,https://reg.energyrating.gov.au/static/common/images/star_ratings_2014/EnergyStarRating_7_Star.eps,https://reg.energyrating.gov.au/static/common/images/star_ratings_2014/Star-rating-7.png,Internal,Analogue/Digital,AS/NZS 62087.1:2010,ATV5186,Greenhouse and Energy Minimum Standards (Televisions) Determination 2013
140,140296,PHILIPS,65HFL7111T/12,,"Australia,Fiji,New Zealand",Poland,163.655,11450.779999999999,LCD (LED),-,-,-,131.3,N/A,N/A,483.0,Approved,2027-08-21,,Single product class,Available,4.5,https://www.westan.net.nz,https://www.philips.com.au/,4.8284525181425515,https://reg.energyrating.gov.au/static/common/images/star_ratings_2014/EnergyStarRating_4.5_Star.eps,https://reg.energyrating.gov.au/static/common/images/star_ratings_2014/Star-rating-4.5.png,Internal,Analogue/Digital,AS/NZS 62087.1:2010,ATV5185,Greenhouse and Energy Minimum Standards (Televisions) Determination 2013
141,140297,PHILIPS,55HFL7011T/12,,"Australia,Fiji,New Zealand",Poland,138.798,8228.0,LCD (LED),-,-,-,140.3,N/A,N/A,514.0,Approved,2027-08-28,,Single product class,Available,3.0,https://www.westan.net.nz,https://www.philips.com.au/,3.1685433369151603,https://reg.energyrating.gov.au/static/common/images/star_ratings_2014/EnergyStarRating_3_Star.eps,https://reg.energyrating.gov.au/static/common/images/star_ratings_2014/Star-rating-3.png,Internal,Analogue/Digital,AS/NZS 62087.1:2010,ATV5200,Greenhouse and Energy Minimum Standards (Televisions) Determination 2013
142,140332,SAMSUNG ELECTRONICS,QA98QN90AAW,QA98QN90AAW,"Australia,Fiji,New Zealand",Vietnam,247.691,26210.260000000002,LCD (LED),0.5,0.0,0.0,308.0,N/A,N/A,1127.0,Approved,2026-08-03,,Single product class,Available,4.5,,http://www.samsung.com.au,4.594530914578515,https://reg.energyrating.gov.au/static/common/images/star_ratings_2014/EnergyStarRating_4.5_Star.eps,https://reg.energyrating.gov.au/static/common/images/star_ratings_2014/Star-rating-4.5.png,Internal,Digital,,ATV4565,Greenhouse and Energy Minimum Standards (Televisions) Determination 2013
143,140332,SAMSUNG ELECTRONICS,QA98QN90AAS,QA98QN90AAW,"Australia,Fiji,New Zealand",Vietnam,247.691,26210.260000000002,LCD (LED),0.5,0.0,0.0,308.0,N/A,N/A,1127.0,Approved,2026-08-03,,Single product class,Available,4.5,,http://www.samsung.com.au,4.594530914578515,https://reg.energyrating.gov.au/static/common/images/star_ratings_2014/EnergyStarRating_4.5_Star.eps,https://reg.energyrating.gov.au/static/common/images/star_ratings_2014/Star-rating-4.5.png,Internal,Digital,,ATV4565,Greenhouse and Energy Minimum Standards (Televisions) Determination 2013
144,140334,EKO,K55USW,,Australia,China,138.783,8230.118400000001,LCD (LED),0.35,0.0,0.0,84.82,N/A,N/A,312.0,Approved,2026-08-06,,Single product class,Available,5.0,http://www.ayonz.com/,,5.406821405047677,https://reg.energyrating.gov.au/static/common/images/star_ratings_2014/EnergyStarRating_5_Star.eps,https://reg.energyrating.gov.au/static/common/images/star_ratings_2014/Star-rating-5.png,Internal,Digital,AS/NZS 62087.1:2010,ATV4568,Greenhouse and Energy Minimum Standards (Televisions) Determination 2013
145,140365,AKAI,AK5021S6WOS,,"Australia,Fiji,New Zealand",China,125.731,6754.867344,LCD (LED),0.27,0.35,4.0,55.35,N/A,N/A,225.0,Approved,2026-08-23,,Single product class,Available,6.0,,http://www.tempoaustralia.com.au,6.062665602947731,https://reg.energyrating.gov.au/static/common/images/star_ratings_2014/EnergyStarRating_6_Star.eps,https://reg.energyrating.gov.au/static/common/images/star_ratings_2014/Star-rating-6.png,Internal,Analogue/Digital,AS/NZS 62087.1:2010,ATV4579,Greenhouse and Energy Minimum Standards (Televisions) Determination 2013
146,140373,AKAI,AK7521S6WOS,,"Australia,Fiji,New Zealand",China,189.273,15307.690038000002,LCD (LED),0.37,0.38,4.0,106.97,N/A,N/A,404.0,Approved,2026-08-06,,Single product class,Available,6.0,,http://www.tempoaustralia.com.au,6.864232951472192,https://reg.energyrating.gov.au/static/common/images/star_ratings_2014/EnergyStarRating_6_Star.eps,https://reg.energyrating.gov.au/static/common/images/star_ratings_2014/Star-rating-6.png,Internal,Analogue/Digital,AS/NZS 62087.1:2010,ATV4567,Greenhouse and Energy Minimum Standards (Televisions) Determination 2013
147,140426,TOSHIBA,55Z770KP,,"Australia,New Zealand",China,138.783,8230.118400000001,LCD (LED),0.39,0.0,0.0,103.48,N/A,N/A,426.0,Approved,2026-07-30,,Single product class,Available,4.0,http://global.hisense.com/,https://hisense.com.au/,4.0111451391386845,https://reg.energyrating.gov.au/static/common/images/star_ratings_2014/EnergyStarRating_4_Star.eps,https://reg.energyrating.gov.au/static/common/images/star_ratings_2014/Star-rating-4.png,Internal,Analogue/Digital,AS/NZS 62087.1:2010,ATV4563,Greenhouse and Energy Minimum Standards (Televisions) Determination 2013
148,140441,EKO,K32HSW,,Australia,China,80.039,2736.70931232,LCD (LED),0.44,0.0,0.0,36.95,N/A,N/A,138.0,Approved,2026-08-12,,Single product class,Available,4.5,http://www.ayonz.com/,,4.783418926009876,https://reg.energyrating.gov.au/static/common/images/star_ratings_2014/EnergyStarRating_4.5_Star.eps,https://reg.energyrating.gov.au/static/common/images/star_ratings_2014/Star-rating-4.5.png,Internal,Digital,AS/NZS 62087.1:2010,ATV4570,Greenhouse and Energy Minimum Standards (Televisions) Determination 2013
149,140455,TOSHIBA,65Z770KP,,"Australia,New Zealand",China,163.896,11478.122496000002,LCD (LED),0.36,0.0,0.0,132.81,N/A,N/A,520.0,Approved,2026-08-24,,Single product class,Available,4.5,http://global.hisense.com/,https://hisense.com.au/,4.507742024035239,https://reg.energyrating.gov.au/static/common/images/star_ratings_2014/EnergyStarRating_4.5_Star.eps,https://reg.energyrating.gov.au/static/common/images/star_ratings_2014/Star-rating-4.5.png,Internal,Analogue/Digital,AS/NZS 62087.1:2010,ATV4580,Greenhouse and Energy Minimum Standards (Televisions) Determination 2013
150,140475,DGTEC,DG65UHDOS,,"Australia,Fiji,New Zealand",China,163.897,11477.9975,LCD (LED),-,-,-,96.3,N/A,N/A,371.0,Approved,2026-08-16,,Single product class,Available,6.0,,,6.020743332915293,https://reg.energyrating.gov.au/static/common/images/star_ratings_2014/EnergyStarRating_6_Star.eps,https://reg.energyrating.gov.au/static/common/images/star_ratings_2014/Star-rating-6.png,Internal,Analogue/Digital,AS/NZS 62087.1:2010,ATV4572,Greenhouse and Energy Minimum Standards (Televisions) Determination 2013
151,140494,AKAI,AK7021S6WOS,,"Australia,Fiji,New Zealand",China,176.592,13327.74,LCD,0.51,0.0,0.0,100.2,N/A,N/A,372.0,Approved,2026-08-04,,Single product class,Available,6.0,,http://www.tempoaustralia.com.au,6.642364202133211,https://reg.energyrating.gov.au/static/common/images/star_ratings_2014/EnergyStarRating_6_Star.eps,https://reg.energyrating.gov.au/static/common/images/star_ratings_2014/Star-rating-6.png,Internal,Analogue/Digital,AS/NZS 62087.1:2010,ATV4566,Greenhouse and Energy Minimum Standards (Televisions) Determination 2013
152,140695,BLAUPUNKT,BP65WOS,,Australia,China,163.888,11477.194,LCD (LED),0.32,0.0,0.0,127.8,N/A,N/A,510.0,Approved,2026-08-11,,Single product class,Available,4.5,http://www.ayonz.com/,,4.594420943933631,https://reg.energyrating.gov.au/static/common/images/star_ratings_2014/EnergyStarRating_4.5_Star.eps,https://reg.energyrating.gov.au/static/common/images/star_ratings_2014/Star-rating-4.5.png,Internal,Digital,AS/NZS 62087.1:2010,ATV4569,Greenhouse and Energy Minimum Standards (Televisions) Determination 2013
153,140714,Altius,AT24CFHD-BCF,,"Australia,Fiji,New Zealand",China,59.774,1526.53,LCD (LED),0.33,0.0,0.0,18.0,N/A,N/A,68.0,Approved,2026-08-18,,Single product class,Available,6.0,,,6.010103150137152,https://reg.energyrating.gov.au/static/common/images/star_ratings_2014/EnergyStarRating_6_Star.eps,https://reg.energyrating.gov.au/static/common/images/star_ratings_2014/Star-rating-6.png,Internal,Digital,AS/NZS 62087.1:2010,ATV4574,Greenhouse and Energy Minimum Standards (Televisions) Determination 2013
154,140827,MYVI,UR-LED2401DVD,,"Australia,New Zealand",China,60.319,1559.25,LCD,0.29,0.0,0.0,21.96,N/A,N/A,85.0,Approved,2026-08-16,,Single product class,Available,5.0,,,5.075471344694654,https://reg.energyrating.gov.au/static/common/images/star_ratings_2014/EnergyStarRating_5_Star.eps,https://reg.energyrating.gov.au/static/common/images/star_ratings_2014/Star-rating-5.png,Internal,Digital,AS/NZS 62087.1:2010,ATV4571,Greenhouse and Energy Minimum Standards (Televisions) Determination 2013
155,140849,Sharp,8T-C60DW1X,,New Zealand,Malaysia,152.663,9958.2104,LCD (LED),0.24,7.2,0.5,138.0,7.0,7.025581677049677,507.0,Approved,2121-08-13,,Single product class,Available,4.0,http://www.sharp.net.nz/,http://www.sharp.net.nz/,4.023797901601759,https://reg.energyrating.gov.au/static/common/images/star_ratings_2014/EnergyStarRating_4_Star.eps,https://reg.energyrating.gov.au/static/common/images/star_ratings_2014/Star-rating-4.png,Internal,Analogue/Digital,AS/NZS 62087.1:2010,ZTV0586,AS/NZS 62087.2.2:2011
156,140924,Altius,LS24C12V,,"Australia,Fiji,New Zealand",China,59.774,1526.53,LCD (LED),0.33,0.0,0.0,18.0,N/A,N/A,68.0,Approved,2026-08-18,,Single product class,Available,6.0,,,6.010103150137152,https://reg.energyrating.gov.au/static/common/images/star_ratings_2014/EnergyStarRating_6_Star.eps,https://reg.energyrating.gov.au/static/common/images/star_ratings_2014/Star-rating-6.png,Internal,Digital,AS/NZS 62087.1:2010,ATV4575,Greenhouse and Energy Minimum Standards (Televisions) Determination 2013
157,140930,HISENSE,50A6G,,"Australia,New Zealand",China,125.731,6754.867344,LCD (LED),0.29,0.0,0.0,67.65,N/A,N/A,284.0,Approved,2026-08-25,,Single product class,Available,5.0,,http://www.hisense.com.au,5.0190601095993035,https://reg.energyrating.gov.au/static/common/images/star_ratings_2014/EnergyStarRating_5_Star.eps,https://reg.energyrating.gov.au/static/common/images/star_ratings_2014/Star-rating-5.png,Internal,Analogue/Digital,AS/NZS 62087.1:2010,ATV4584,Greenhouse and Energy Minimum Standards (Televisions) Determination 2013
158,140942,EKO,K32HSW,,Australia,China,80.054,2736.1600000000003,LCD (LED),0.32,0.0,0.0,34.47,N/A,N/A,134.0,Approved,2026-08-30,,Single product class,Available,4.5,http://www.ayonz.com/,,4.91451861715169,https://reg.energyrating.gov.au/static/common/images/star_ratings_2014/EnergyStarRating_4.5_Star.eps,https://reg.energyrating.gov.au/static/common/images/star_ratings_2014/Star-rating-4.5.png,Internal,Digital,AS/NZS 62087.1:2010,ATV4592,Greenhouse and Energy Minimum Standards (Televisions) Determination 2013
159,140943,EKO,K320HSG,,Australia,China,80.039,2736.7112736,LCD (LED),-,-,-,25.92,N/A,N/A,110.0,Approved,2026-09-01,,Single product class,Available,5.5,http://www.ayonz.com/,,5.799687998815937,https://reg.energyrating.gov.au/static/common/images/star_ratings_2014/EnergyStarRating_5.5_Star.eps,https://reg.energyrating.gov.au/static/common/images/star_ratings_2014/Star-rating-5.5.png,Internal,Analogue/Digital,AS/NZS 62087.1:2010,ATV4593,Greenhouse and Energy Minimum Standards (Televisions) Determination 2013
160,140955,HISENSE,58A6G,,"Australia,New Zealand",China,146.068,9162.865152,LCD (LED),0.29,0.0,0.0,80.04,N/A,N/A,335.0,Approved,2026-08-25,,Single product class,Available,5.5,http://global.hisense.com/,http://www.hisense.com.au,5.533270548071191,https://reg.energyrating.gov.au/static/common/images/star_ratings_2014/EnergyStarRating_5.5_Star.eps,https://reg.energyrating.gov.au/static/common/images/star_ratings_2014/Star-rating-5.5.png,Internal,Analogue/Digital,AS/NZS 62087.1:2010,ATV4582,Greenhouse and Energy Minimum Standards (Televisions) Determination 2013
161,140988,HISENSE,75U9G,,"Australia,New Zealand",China,189.274,15307.855004000001,LCD (LED),0.27,0.0,0.0,167.08,N/A,N/A,683.0,Approved,2026-08-25,,Single product class,Available,4.5,http://global.hisense.com/,http://www.hisense.com.au,4.5111751402328695,https://reg.energyrating.gov.au/static/common/images/star_ratings_2014/EnergyStarRating_4.5_Star.eps,https://reg.energyrating.gov.au/static/common/images/star_ratings_2014/Star-rating-4.5.png,Internal,Analogue/Digital,AS/NZS 62087.1:2010,ATV4583,Greenhouse and Energy Minimum Standards (Televisions) Determination 2013
162,140992,JVC,JV75ID7A2021Q,,New Zealand,China,189.268,15319.210000000001,LCD (LED),0.34,0.45,7.0,126.0,7.0,7.049269210318353,758.0,Approved,2121-08-24,,Single product class,Available,4.0,,https://www.thewarehouse.co.nz/,4.047440238919245,https://reg.energyrating.gov.au/static/common/images/star_ratings_2014/EnergyStarRating_4_Star.eps,https://reg.energyrating.gov.au/static/common/images/star_ratings_2014/Star-rating-4.png,Internal,Analogue/Digital,AS/NZS 62087.1:2010,ZTV0588,AS/NZS 62087.2.2:2011
163,140994,JVC,JV58ID7A2021UN,,New Zealand,China,145.865,9142.279999999999,LCD (LED),0.35,0.47,7.0,105.8,7.0,7.027372338232088,468.0,Approved,2121-08-20,,Single product class,Available,4.0,,https://www.thewarehouse.co.nz/,4.025599758439423,https://reg.energyrating.gov.au/static/common/images/star_ratings_2014/EnergyStarRating_4_Star.eps,https://reg.energyrating.gov.au/static/common/images/star_ratings_2014/Star-rating-4.png,Internal,Analogue/Digital,AS/NZS 62087.1:2010,ZTV0587,AS/NZS 62087.2.2:2011
164,141051,BLAUPUNKT,BP4000F,,Australia,China,100.441,4271.9400000000005,LCD (LED),-,-,-,50.28,N/A,N/A,190.0,Approved,2026-09-01,,Single product class,Unavailable,5.0,http://www.ayonz.com/,,5.005233286368337,https://reg.energyrating.gov.au/static/common/images/star_ratings_2014/EnergyStarRating_5_Star.eps,https://reg.energyrating.gov.au/static/common/images/star_ratings_2014/Star-rating-5.png,Internal,Digital,AS/NZS 62087.1:2010,ATV4595,Greenhouse and Energy Minimum Standards (Televisions) Determination 2013
165,141068,HISENSE,65U9G,,"Australia,New Zealand",China,163.896,11478.122496000002,LCD (LED),0.33,0.0,0.0,152.07,N/A,N/A,649.0,Approved,2026-10-18,,Single product class,Available,3.5,http://global.hisense.com/,http://www.hisense.com.au,3.514641825425533,https://reg.energyrating.gov.au/static/common/images/star_ratings_2014/EnergyStarRating_3.5_Star.eps,https://reg.energyrating.gov.au/static/common/images/star_ratings_2014/Star-rating-3.5.png,Internal,Analogue/Digital,AS/NZS 62087.1:2010,ATV4635,Greenhouse and Energy Minimum Standards (Televisions) Determination 2013
166,141093,HISENSE,70A6G,,"Australia,New Zealand",China,176.57,13119.418367999999,LCD (LED),0.32,0.0,0.0,106.02,N/A,N/A,422.0,Approved,2026-10-21,,Single product class,Available,6.0,http://global.hisense.com/,http://www.hisense.com.au,6.01015601007195,https://reg.energyrating.gov.au/static/common/images/star_ratings_2014/EnergyStarRating_6_Star.eps,https://reg.energyrating.gov.au/static/common/images/star_ratings_2014/Star-rating-6.png,Internal,Analogue/Digital,AS/NZS 62087.1:2010,ATV4644,Greenhouse and Energy Minimum Standards (Televisions) Determination 2013
167,141104,LG,50UR765H0VA,,"Australia,New Zealand","Indonesia,South Korea",125.727,6754.5112,LCD (LED),0.4,0.0,0.0,78.0,N/A,N/A,287.0,Approved,2026-08-30,,Single product class,Available,4.5,,,4.971755359043742,https://reg.energyrating.gov.au/static/common/images/star_ratings_2014/EnergyStarRating_4.5_Star.eps,https://reg.energyrating.gov.au/static/common/images/star_ratings_2014/Star-rating-4.5.png,Internal,Analogue/Digital,AS/NZS 62087.1:2010,ATV4590,Greenhouse and Energy Minimum Standards (Televisions) Determination 2013
168,141105,LG,55UR765H0VA,,"Australia,New Zealand","Indonesia,South Korea",138.783,8230.118400000001,LCD (LED),0.4,0.0,0.0,80.0,N/A,N/A,295.0,Approved,2026-08-30,,Single product class,Available,5.5,,,5.657905656148303,https://reg.energyrating.gov.au/static/common/images/star_ratings_2014/EnergyStarRating_5.5_Star.eps,https://reg.energyrating.gov.au/static/common/images/star_ratings_2014/Star-rating-5.5.png,Internal,Analogue/Digital,AS/NZS 62087.1:2010,ATV4591,Greenhouse and Energy Minimum Standards (Televisions) Determination 2013
169,141106,LG,65UR765H0VD,,"Australia,New Zealand","Indonesia,South Korea",163.897,11477.9975,LCD (LED),0.4,0.0,0.0,115.0,N/A,N/A,422.0,Approved,2026-08-30,,Single product class,Available,5.0,,,5.443521850734936,https://reg.energyrating.gov.au/static/common/images/star_ratings_2014/EnergyStarRating_5_Star.eps,https://reg.energyrating.gov.au/static/common/images/star_ratings_2014/Star-rating-5.png,Internal,Analogue/Digital,AS/NZS 62087.1:2010,ATV4589,Greenhouse and Energy Minimum Standards (Televisions) Determination 2013
170,141108,LG,75UR765H0VD,,"Australia,New Zealand","Indonesia,South Korea",189.275,15307.5663,LCD (LED),0.4,0.0,0.0,140.0,N/A,N/A,514.0,Approved,2026-08-30,,Single product class,Available,5.5,,,5.785034758827632,https://reg.energyrating.gov.au/static/common/images/star_ratings_2014/EnergyStarRating_5.5_Star.eps,https://reg.energyrating.gov.au/static/common/images/star_ratings_2014/Star-rating-5.5.png,Internal,Analogue/Digital,AS/NZS 62087.1:2010,ATV4588,Greenhouse and Energy Minimum Standards (Televisions) Determination 2013
171,141142,VEON,VN50WOS2021,,"Australia,Fiji,New Zealand",China,125.725,6751.36,LCD (LED),0.37,0.4,7.0,92.8,N/A,N/A,370.0,Approved,2026-08-26,,Single product class,Available,3.5,,,3.8314867587390524,https://reg.energyrating.gov.au/static/common/images/star_ratings_2014/EnergyStarRating_3.5_Star.eps,https://reg.energyrating.gov.au/static/common/images/star_ratings_2014/Star-rating-3.5.png,Internal,unknown,AS/NZS 62087.1:2010,ATV4586,Greenhouse and Energy Minimum Standards (Televisions) Determination 2013
172,141193,KOGAN,KALED42RT9220SVA,,"Australia,Fiji,New Zealand",China,105.415,4682.676096,LCD (LED),0.31,0.45,0.0,41.38,N/A,N/A,159.0,Approved,2026-09-06,,Single product class,Available,6.0,,,6.159156396551919,https://reg.energyrating.gov.au/static/common/images/star_ratings_2014/EnergyStarRating_6_Star.eps,https://reg.energyrating.gov.au/static/common/images/star_ratings_2014/Star-rating-6.png,Internal,Digital,AS/NZS 62087.1:2010,ATV4597,Greenhouse and Energy Minimum Standards (Televisions) Determination 2013
173,141284,PHILIPS,50PUT7906/75,50PUT7906/79,"Australia,New Zealand",China,125.741,6756.2235,LCD (LED),0.35,0.0,0.0,93.12,N/A,N/A,376.0,Approved,2026-09-16,,Single product class,Available,3.5,,,3.762321958542641,https://reg.energyrating.gov.au/static/common/images/star_ratings_2014/EnergyStarRating_3.5_Star.eps,https://reg.energyrating.gov.au/static/common/images/star_ratings_2014/Star-rating-3.5.png,Internal,Analogue/Digital,AS/NZS 62087.1:2010,ATV4606,Greenhouse and Energy Minimum Standards (Televisions) Determination 2013
174,141284,PHILIPS,50PUT7906/79,50PUT7906/79,"Australia,New Zealand",China,125.741,6756.2235,LCD (LED),0.35,0.0,0.0,93.12,N/A,N/A,376.0,Approved,2026-09-16,,Single product class,Available,3.5,,,3.762321958542641,https://reg.energyrating.gov.au/static/common/images/star_ratings_2014/EnergyStarRating_3.5_Star.eps,https://reg.energyrating.gov.au/static/common/images/star_ratings_2014/Star-rating-3.5.png,Internal,Analogue/Digital,AS/NZS 62087.1:2010,ATV4606,Greenhouse and Energy Minimum Standards (Televisions) Determination 2013
175,141291,PHILIPS,70PUT7906/79,70PUT7906/79,"Australia,Fiji,New Zealand",China,176.566,13118.7698,LCD (LED),0.32,0.0,0.0,146.3,N/A,N/A,589.0,Approved,2026-09-10,,Single product class,Available,4.5,,,4.515746696854434,https://reg.energyrating.gov.au/static/common/images/star_ratings_2014/EnergyStarRating_4.5_Star.eps,https://reg.energyrating.gov.au/static/common/images/star_ratings_2014/Star-rating-4.5.png,Internal,Analogue/Digital,AS/NZS 62087.1:2010,ATV4600,Greenhouse and Energy Minimum Standards (Televisions) Determination 2013
176,141291,PHILIPS,70PUT7906/75,70PUT7906/79,"Australia,Fiji,New Zealand",China,176.566,13118.7698,LCD (LED),0.32,0.0,0.0,146.3,N/A,N/A,589.0,Approved,2026-09-10,,Single product class,Available,4.5,,,4.515746696854434,https://reg.energyrating.gov.au/static/common/images/star_ratings_2014/EnergyStarRating_4.5_Star.eps,https://reg.energyrating.gov.au/static/common/images/star_ratings_2014/Star-rating-4.5.png,Internal,Analogue/Digital,AS/NZS 62087.1:2010,ATV4600,Greenhouse and Energy Minimum Standards (Televisions) Determination 2013
177,141293,PHILIPS,65PUT7906/79,65PUT7906/79,"Australia,New Zealand",China,163.897,11477.9975,LCD (LED),0.45,0.0,0.0,128.4,N/A,N/A,518.0,Approved,2026-09-21,,Single product class,Available,4.5,,,4.524965490865716,https://reg.energyrating.gov.au/static/common/images/star_ratings_2014/EnergyStarRating_4.5_Star.eps,https://reg.energyrating.gov.au/static/common/images/star_ratings_2014/Star-rating-4.5.png,Internal,Analogue/Digital,AS/NZS 62087.1:2010,ATV4609,Greenhouse and Energy Minimum Standards (Televisions) Determination 2013
178,141293,PHILIPS,65PUT7906/75,65PUT7906/79,"Australia,New Zealand",China,163.897,11477.9975,LCD (LED),0.45,0.0,0.0,128.4,N/A,N/A,518.0,Approved,2026-09-21,,Single product class,Available,4.5,,,4.524965490865716,https://reg.energyrating.gov.au/static/common/images/star_ratings_2014/EnergyStarRating_4.5_Star.eps,https://reg.energyrating.gov.au/static/common/images/star_ratings_2014/Star-rating-4.5.png,Internal,Analogue/Digital,AS/NZS 62087.1:2010,ATV4609,Greenhouse and Energy Minimum Standards (Televisions) Determination 2013
179,141305,BLAUPUNKT,BP85WOS,,Australia,China,214.783,19712.16,LCD,0.43,0.0,0.0,306.3,N/A,N/A,1170.0,Approved,2026-09-16,,Single product class,Available,3.0,http://www.ayonz.com/,,3.1881826824802952,https://reg.energyrating.gov.au/static/common/images/star_ratings_2014/EnergyStarRating_3_Star.eps,https://reg.energyrating.gov.au/static/common/images/star_ratings_2014/Star-rating-3.png,Internal,Analogue/Digital,AS/NZS 62087.1:2010,ATV4602,Greenhouse and Energy Minimum Standards (Televisions) Determination 2013
180,141307,BLAUPUNKT,BP75WOS,,Australia,China,189.321,15316.949999999999,LCD,0.35,0.0,0.0,219.0,N/A,N/A,810.0,Approved,2026-09-16,,Single product class,Available,3.5,http://www.ayonz.com/,,3.7494618775851736,https://reg.energyrating.gov.au/static/common/images/star_ratings_2014/EnergyStarRating_3.5_Star.eps,https://reg.energyrating.gov.au/static/common/images/star_ratings_2014/Star-rating-3.5.png,Internal,Analogue/Digital,AS/NZS 62087.1:2010,ATV4603,Greenhouse and Energy Minimum Standards (Televisions) Determination 2013
181,141325,SMTV,55JIL0721-1,55JIL0721-1,"Australia,Fiji,New Zealand",China,138.798,8228.0,LCD (LED),0.455,0.0,0.0,94.22,N/A,N/A,347.0,Approved,2026-09-16,,Single product class,Available,4.5,,,4.92928651409559,https://reg.energyrating.gov.au/static/common/images/star_ratings_2014/EnergyStarRating_4.5_Star.eps,https://reg.energyrating.gov.au/static/common/images/star_ratings_2014/Star-rating-4.5.png,Internal,Analogue/Digital,AS/NZS 62087.1:2010,ATV4601,Greenhouse and Energy Minimum Standards (Televisions) Determination 2013
182,141325,SMTV,LD55UDS-F1,55JIL0721-1,"Australia,Fiji,New Zealand",China,138.798,8228.0,LCD (LED),0.455,0.0,0.0,94.22,N/A,N/A,347.0,Approved,2026-09-16,,Single product class,Available,4.5,,,4.92928651409559,https://reg.energyrating.gov.au/static/common/images/star_ratings_2014/EnergyStarRating_4.5_Star.eps,https://reg.energyrating.gov.au/static/common/images/star_ratings_2014/Star-rating-4.5.png,Internal,Analogue/Digital,AS/NZS 62087.1:2010,ATV4601,Greenhouse and Energy Minimum Standards (Televisions) Determination 2013
183,141379,SAMSUNG ELECTRONICS,UA43AU7002S,,"Australia,Fiji,New Zealand","China,Vietnam",107.956,4980.1837000000005,LCD (LED),0.5,0.0,0.0,64.0,N/A,N/A,237.0,Approved,2026-09-23,,Single product class,Available,4.5,,http://www.samsung.com.au,4.611447961772836,https://reg.energyrating.gov.au/static/common/images/star_ratings_2014/EnergyStarRating_4.5_Star.eps,https://reg.energyrating.gov.au/static/common/images/star_ratings_2014/Star-rating-4.5.png,Internal,Digital,,ATV4610,Greenhouse and Energy Minimum Standards (Televisions) Determination 2013
184,141271,KOGAN,KALED32RT9220SVA,,"Australia,Fiji,New Zealand",China,80.039,2736.7112736,LCD (LED),-,-,-,25.92,N/A,N/A,110.0,Approved,2026-09-10,,Single product class,Available,5.5,http://www.expressluck.com,,5.799687998815937,https://reg.energyrating.gov.au/static/common/images/star_ratings_2014/EnergyStarRating_5.5_Star.eps,https://reg.energyrating.gov.au/static/common/images/star_ratings_2014/Star-rating-5.5.png,Internal,Analogue/Digital,AS/NZS 62087.1:2010,ATV4598,Greenhouse and Energy Minimum Standards (Televisions) Determination 2013
185,141237,KOGAN,KALED24RT9220SVA,,"Australia,Fiji,New Zealand",China,59.824,1528.86807072,LCD (LED),-,-,-,17.74,N/A,N/A,70.0,Approved,2026-09-10,,Single product class,Available,5.5,http://www.expressluck.com,,5.884900594348791,https://reg.energyrating.gov.au/static/common/images/star_ratings_2014/EnergyStarRating_5.5_Star.eps,https://reg.energyrating.gov.au/static/common/images/star_ratings_2014/Star-rating-5.5.png,Internal,Analogue/Digital,AS/NZS 62087.1:2010,ATV4599,Greenhouse and Energy Minimum Standards (Televisions) Determination 2013
186,141614,SMTV,65JIL0721-1,65JIL0721-1,"Australia,Fiji,New Zealand",China,163.791,11473.08,LCD (LED),0.556,0.0,0.0,108.56,N/A,N/A,400.0,Approved,2026-09-16,,Single product class,Available,5.5,,,5.681650596552234,https://reg.energyrating.gov.au/static/common/images/star_ratings_2014/EnergyStarRating_5.5_Star.eps,https://reg.energyrating.gov.au/static/common/images/star_ratings_2014/Star-rating-5.5.png,Internal,Analogue/Digital,AS/NZS 62087.1:2010,ATV4605,Greenhouse and Energy Minimum Standards (Televisions) Determination 2013
187,141614,SMTV,LD65UDS-F1,65JIL0721-1,"Australia,Fiji,New Zealand",China,163.791,11473.08,LCD (LED),0.556,0.0,0.0,108.56,N/A,N/A,400.0,Approved,2026-09-16,,Single product class,Available,5.5,,,5.681650596552234,https://reg.energyrating.gov.au/static/common/images/star_ratings_2014/EnergyStarRating_5.5_Star.eps,https://reg.energyrating.gov.au/static/common/images/star_ratings_2014/Star-rating-5.5.png,Internal,Analogue/Digital,AS/NZS 62087.1:2010,ATV4605,Greenhouse and Energy Minimum Standards (Televisions) Determination 2013
188,141620,KOGAN,KALED75RT9220SVA,,"Australia,Fiji,New Zealand",China,189.32,15314.578099999999,LCD (LED),0.4,0.0,0.0,208.8,N/A,N/A,765.0,Approved,2026-09-16,,Single product class,Available,4.0,,,4.004949067951377,https://reg.energyrating.gov.au/static/common/images/star_ratings_2014/EnergyStarRating_4_Star.eps,https://reg.energyrating.gov.au/static/common/images/star_ratings_2014/Star-rating-4.png,Internal,Analogue/Digital,AS/NZS 62087.1:2010,ATV4604,Greenhouse and Energy Minimum Standards (Televisions) Determination 2013
189,141655,PHILIPS,43HFL5214U/97,43HFL5214U/97,"Australia,Fiji,New Zealand",China,107.986,4982.795156,LCD (LED),0.42,0.0,0.0,51.04,N/A,N/A,208.0,Approved,2026-09-30,,Single product class,Available,5.0,,,5.198431890000209,https://reg.energyrating.gov.au/static/common/images/star_ratings_2014/EnergyStarRating_5_Star.eps,https://reg.energyrating.gov.au/static/common/images/star_ratings_2014/Star-rating-5.png,Internal,Analogue/Digital,AS/NZS 62087.1:2010,ATV4611,Greenhouse and Energy Minimum Standards (Televisions) Determination 2013
190,141655,PHILIPS,43BFL2214/97,43HFL5214U/97,"Australia,Fiji,New Zealand",China,107.986,4982.795156,LCD (LED),0.42,0.0,0.0,51.04,N/A,N/A,208.0,Approved,2026-09-30,,Single product class,Available,5.0,,,5.198431890000209,https://reg.energyrating.gov.au/static/common/images/star_ratings_2014/EnergyStarRating_5_Star.eps,https://reg.energyrating.gov.au/static/common/images/star_ratings_2014/Star-rating-5.png,Internal,Analogue/Digital,AS/NZS 62087.1:2010,ATV4611,Greenhouse and Energy Minimum Standards (Televisions) Determination 2013
191,141656,PHILIPS,75BFL2214/97,,"Australia,Fiji,New Zealand",China,189.274,15307.855004000001,LCD (LED),0.31,0.0,0.0,111.72,N/A,N/A,451.0,Approved,2026-09-17,,Single product class,Available,6.0,,,6.371087818075435,https://reg.energyrating.gov.au/static/common/images/star_ratings_2014/EnergyStarRating_6_Star.eps,https://reg.energyrating.gov.au/static/common/images/star_ratings_2014/Star-rating-6.png,Internal,Analogue/Digital,AS/NZS 62087.1:2010,ATV4608,Greenhouse and Energy Minimum Standards (Televisions) Determination 2013
192,141658,PHILIPS,55PUT7906/79,55PUT7906/79,"Australia,Fiji,New Zealand",China,138.783,8230.118400000001,LCD (LED),0.36,0.0,0.0,105.46,N/A,N/A,426.0,Approved,2026-09-17,,Single product class,Available,4.0,,,4.0111451391386845,https://reg.energyrating.gov.au/static/common/images/star_ratings_2014/EnergyStarRating_4_Star.eps,https://reg.energyrating.gov.au/static/common/images/star_ratings_2014/Star-rating-4.png,Internal,Analogue/Digital,AS/NZS 62087.1:2010,ATV4607,Greenhouse and Energy Minimum Standards (Televisions) Determination 2013
193,141658,PHILIPS,55PUT7906/75,55PUT7906/79,"Australia,Fiji,New Zealand",China,138.783,8230.118400000001,LCD (LED),0.36,0.0,0.0,105.46,N/A,N/A,426.0,Approved,2026-09-17,,Single product class,Available,4.0,,,4.0111451391386845,https://reg.energyrating.gov.au/static/common/images/star_ratings_2014/EnergyStarRating_4_Star.eps,https://reg.energyrating.gov.au/static/common/images/star_ratings_2014/Star-rating-4.png,Internal,Analogue/Digital,AS/NZS 62087.1:2010,ATV4607,Greenhouse and Energy Minimum Standards (Televisions) Determination 2013
194,141716,Polaroid,PL6521OS,,Australia,China,163.896,11478.122496000002,LCD (LED),0.3594,0.361848,14.0,95.274,N/A,N/A,367.0,Approved,2026-10-06,,Single product class,Available,6.0,,,6.0693688847202,https://reg.energyrating.gov.au/static/common/images/star_ratings_2014/EnergyStarRating_6_Star.eps,https://reg.energyrating.gov.au/static/common/images/star_ratings_2014/Star-rating-6.png,Internal,Analogue/Digital,AS/NZS 62087.1:2010,ATV4616,Greenhouse and Energy Minimum Standards (Televisions) Determination 2013
195,141748,AKAI,AK3221S6WOS,,"Australia,Fiji,New Zealand",China,80.054,2736.1600000000003,LCD (LED),0.36,0.0,0.0,25.5,N/A,N/A,98.0,Approved,2026-10-10,,Single product class,Available,6.0,,http://www.tempoaustralia.com.au,6.316630932016583,https://reg.energyrating.gov.au/static/common/images/star_ratings_2014/EnergyStarRating_6_Star.eps,https://reg.energyrating.gov.au/static/common/images/star_ratings_2014/Star-rating-6.png,Internal,Digital,AS/NZS 62087.1:2010,ATV4620,Greenhouse and Energy Minimum Standards (Televisions) Determination 2013
196,141774,BLAUPUNKT,BP400FSG9200,,Australia,China,100.332,4261.934154240001,LCD (LED),0.63,0.0,0.0,41.5,N/A,N/A,155.0,Approved,2026-10-07,,Single product class,Unavailable,5.5,http://www.ayonz.com/,,5.908618544413956,https://reg.energyrating.gov.au/static/common/images/star_ratings_2014/EnergyStarRating_5.5_Star.eps,https://reg.energyrating.gov.au/static/common/images/star_ratings_2014/Star-rating-5.5.png,Internal,Analogue/Digital,AS/NZS 62087.1:2010,ATV4618,Greenhouse and Energy Minimum Standards (Televisions) Determination 2013
197,141777,EKO,K240HSG,,Australia,China,59.824,1528.86807072,LCD (LED),-,-,-,17.74,N/A,N/A,70.0,Approved,2026-10-10,,Single product class,Available,5.5,http://www.ayonz.com/,,5.884900594348791,https://reg.energyrating.gov.au/static/common/images/star_ratings_2014/EnergyStarRating_5.5_Star.eps,https://reg.energyrating.gov.au/static/common/images/star_ratings_2014/Star-rating-5.5.png,Internal,Analogue/Digital,AS/NZS 62087.1:2010,ATV4621,Greenhouse and Energy Minimum Standards (Televisions) Determination 2013
198,141784,PHILIPS,50HFL5214U/97,50HFL5214U/97,"Australia,New Zealand",China,125.741,6756.2235,LCD (LED),0.39,0.0,0.0,62.33,N/A,N/A,253.0,Approved,2026-10-06,,Single product class,Available,5.5,,,5.537859061582124,https://reg.energyrating.gov.au/static/common/images/star_ratings_2014/EnergyStarRating_5.5_Star.eps,https://reg.energyrating.gov.au/static/common/images/star_ratings_2014/Star-rating-5.5.png,Internal,Analogue/Digital,AS/NZS 62087.1:2010,ATV4615,Greenhouse and Energy Minimum Standards (Televisions) Determination 2013
199,141784,PHILIPS,50BFL2214/97,50HFL5214U/97,"Australia,New Zealand",China,125.741,6756.2235,LCD (LED),0.39,0.0,0.0,62.33,N/A,N/A,253.0,Approved,2026-10-06,,Single product class,Available,5.5,,,5.537859061582124,https://reg.energyrating.gov.au/static/common/images/star_ratings_2014/EnergyStarRating_5.5_Star.eps,https://reg.energyrating.gov.au/static/common/images/star_ratings_2014/Star-rating-5.5.png,Internal,Analogue/Digital,AS/NZS 62087.1:2010,ATV4615,Greenhouse and Energy Minimum Standards (Televisions) Determination 2013
200,141792,PHILIPS,65HFL5214U/97,65HFL5214U/97,"Australia,New Zealand",China,163.897,11477.9975,LCD (LED),0.41,0.0,0.0,94.45,N/A,N/A,382.0,Approved,2026-10-06,,Single product class,Available,5.5,,,5.889802753064086,https://reg.energyrating.gov.au/static/common/images/star_ratings_2014/EnergyStarRating_5.5_Star.eps,https://reg.energyrating.gov.au/static/common/images/star_ratings_2014/Star-rating-5.5.png,Internal,Analogue/Digital,AS/NZS 62087.1:2010,ATV4614,Greenhouse and Energy Minimum Standards (Televisions) Determination 2013
201,141792,PHILIPS,65BFL2214/97,65HFL5214U/97,"Australia,New Zealand",China,163.897,11477.9975,LCD (LED),0.41,0.0,0.0,94.45,N/A,N/A,382.0,Approved,2026-10-06,,Single product class,Available,5.5,,,5.889802753064086,https://reg.energyrating.gov.au/static/common/images/star_ratings_2014/EnergyStarRating_5.5_Star.eps,https://reg.energyrating.gov.au/static/common/images/star_ratings_2014/Star-rating-5.5.png,Internal,Analogue/Digital,AS/NZS 62087.1:2010,ATV4614,Greenhouse and Energy Minimum Standards (Televisions) Determination 2013
202,141806,PHILIPS,55HFL5214U/97,55HFL5214U/97,"Australia,Fiji,New Zealand",China,138.783,8230.118400000001,LCD (LED),0.4,0.0,0.0,70.66,N/A,N/A,286.0,Approved,2026-10-06,,Single product class,Available,5.5,,,5.796755940359919,https://reg.energyrating.gov.au/static/common/images/star_ratings_2014/EnergyStarRating_5.5_Star.eps,https://reg.energyrating.gov.au/static/common/images/star_ratings_2014/Star-rating-5.5.png,Internal,Analogue/Digital,AS/NZS 62087.1:2010,ATV4613,Greenhouse and Energy Minimum Standards (Televisions) Determination 2013
203,141806,PHILIPS,55BFL2214/97,55HFL5214U/97,"Australia,Fiji,New Zealand",China,138.783,8230.118400000001,LCD (LED),0.4,0.0,0.0,70.66,N/A,N/A,286.0,Approved,2026-10-06,,Single product class,Available,5.5,,,5.796755940359919,https://reg.energyrating.gov.au/static/common/images/star_ratings_2014/EnergyStarRating_5.5_Star.eps,https://reg.energyrating.gov.au/static/common/images/star_ratings_2014/Star-rating-5.5.png,Internal,Analogue/Digital,AS/NZS 62087.1:2010,ATV4613,Greenhouse and Energy Minimum Standards (Televisions) Determination 2013
204,141828,VEON,VN55WOS2022,,"Australia,Fiji,New Zealand",China,138.783,8230.118400000001,LCD (LED),0.38,0.38,7.0,105.9,N/A,N/A,423.0,Approved,2026-10-06,,Single product class,Available,4.0,,,4.0428160845075745,https://reg.energyrating.gov.au/static/common/images/star_ratings_2014/EnergyStarRating_4_Star.eps,https://reg.energyrating.gov.au/static/common/images/star_ratings_2014/Star-rating-4.png,Internal,unknown,AS/NZS 62087.1:2010,ATV4617,Greenhouse and Energy Minimum Standards (Televisions) Determination 2013
205,142035,BLAUPUNKT,BP650USG9500,,Australia,China,163.896,11478.122496000002,LCD,-,-,-,126.93,N/A,N/A,467.0,Approved,2026-10-14,,Single product class,Available,4.5,http://www.ayonz.com/,,4.989492687558583,https://reg.energyrating.gov.au/static/common/images/star_ratings_2014/EnergyStarRating_4.5_Star.eps,https://reg.energyrating.gov.au/static/common/images/star_ratings_2014/Star-rating-4.5.png,Internal,Digital,AS/NZS 62087.1:2010,ATV4630,Greenhouse and Energy Minimum Standards (Televisions) Determination 2013
206,142036,EKO,K40FSW,,Australia,China,100.332,4261.934154240001,LCD (LED),0.47,0.0,0.0,54.5,N/A,N/A,202.0,Approved,2026-10-14,,Single product class,Available,4.5,http://www.ayonz.com/,,4.721747676212026,https://reg.energyrating.gov.au/static/common/images/star_ratings_2014/EnergyStarRating_4.5_Star.eps,https://reg.energyrating.gov.au/static/common/images/star_ratings_2014/Star-rating-4.5.png,Internal,Analogue/Digital,AS/NZS 62087.1:2010,ATV4629,Greenhouse and Energy Minimum Standards (Televisions) Determination 2013
207,142044,Polaroid,PL3221OS,,"Australia,Fiji,New Zealand",China,80.054,2736.1600000000003,LCD (LED),0.36,0.0,0.0,25.5,N/A,N/A,98.0,Approved,2026-10-10,,Single product class,Available,6.0,,,6.316630932016583,https://reg.energyrating.gov.au/static/common/images/star_ratings_2014/EnergyStarRating_6_Star.eps,https://reg.energyrating.gov.au/static/common/images/star_ratings_2014/Star-rating-6.png,Internal,Digital,AS/NZS 62087.1:2010,ATV4622,Greenhouse and Energy Minimum Standards (Televisions) Determination 2013
208,142136,SAMSUNG ELECTRONICS,QA55Q95TDW,QA55Q95TDW,"Australia,Fiji,New Zealand",Vietnam,138.783,8230.118400000001,LCD (LED),0.5,0.0,0.0,140.0,N/A,N/A,514.0,Approved,2026-10-12,,Single product class,Available,3.0,,http://www.samsung.com.au,3.169606505914303,https://reg.energyrating.gov.au/static/common/images/star_ratings_2014/EnergyStarRating_3_Star.eps,https://reg.energyrating.gov.au/static/common/images/star_ratings_2014/Star-rating-3.png,Internal,Digital,,ATV4625,Greenhouse and Energy Minimum Standards (Televisions) Determination 2013
209,142136,SAMSUNG ELECTRONICS,QA55Q95TDS,QA55Q95TDW,"Australia,Fiji,New Zealand",Vietnam,138.783,8230.118400000001,LCD (LED),0.5,0.0,0.0,140.0,N/A,N/A,514.0,Approved,2026-10-12,,Single product class,Available,3.0,,http://www.samsung.com.au,3.169606505914303,https://reg.energyrating.gov.au/static/common/images/star_ratings_2014/EnergyStarRating_3_Star.eps,https://reg.energyrating.gov.au/static/common/images/star_ratings_2014/Star-rating-3.png,Internal,Digital,,ATV4625,Greenhouse and Energy Minimum Standards (Televisions) Determination 2013
210,142137,SAMSUNG ELECTRONICS,QA65Q95TDW,QA65Q95TDW,"Australia,Fiji,New Zealand",Vietnam,163.897,11477.9975,LCD (LED),0.5,0.0,0.0,205.0,N/A,N/A,751.0,Approved,2026-10-14,,Single product class,Available,2.5,,http://www.samsung.com.au,2.8604297813769004,https://reg.energyrating.gov.au/static/common/images/star_ratings_2014/EnergyStarRating_2.5_Star.eps,https://reg.energyrating.gov.au/static/common/images/star_ratings_2014/Star-rating-2.5.png,Internal,Digital,,ATV4628,Greenhouse and Energy Minimum Standards (Televisions) Determination 2013
211,142137,SAMSUNG ELECTRONICS,QA65Q95TDS,QA65Q95TDW,"Australia,Fiji,New Zealand",Vietnam,163.897,11477.9975,LCD (LED),0.5,0.0,0.0,205.0,N/A,N/A,751.0,Approved,2026-10-14,,Single product class,Available,2.5,,http://www.samsung.com.au,2.8604297813769004,https://reg.energyrating.gov.au/static/common/images/star_ratings_2014/EnergyStarRating_2.5_Star.eps,https://reg.energyrating.gov.au/static/common/images/star_ratings_2014/Star-rating-2.5.png,Internal,Digital,,ATV4628,Greenhouse and Energy Minimum Standards (Televisions) Determination 2013
212,142140,SAMSUNG ELECTRONICS,QA75Q95TDW,,"Australia,Fiji,New Zealand",Vietnam,189.338,15318.8066,LCD (LED),0.5,0.0,0.0,237.0,N/A,N/A,868.0,Approved,2026-10-12,,Single product class,Available,3.0,,http://www.samsung.com.au,3.4400576356692643,https://reg.energyrating.gov.au/static/common/images/star_ratings_2014/EnergyStarRating_3_Star.eps,https://reg.energyrating.gov.au/static/common/images/star_ratings_2014/Star-rating-3.png,Internal,Digital,,ATV4624,Greenhouse and Energy Minimum Standards (Televisions) Determination 2013
213,142151,Panasonic,TH-32JS610Z,,New Zealand,China,80.054,2736.1600000000003,LCD (LED),0.32,0.0,0.0,28.33,8.0,8.410534560884761,120.0,Approved,2121-09-19,,Single product class,Available,5.0,http://www.panasonic.co.nz/,http://www.panasonic.co.nz,5.409034620500062,https://reg.energyrating.gov.au/static/common/images/star_ratings_2014/EnergyStarRating_5_Star.eps,https://reg.energyrating.gov.au/static/common/images/star_ratings_2014/Star-rating-5.png,Internal,Analogue/Digital,AS/NZS 62087.1:2010,ZTV0589,AS/NZS 62087.2.2:2011
214,142153,Panasonic,TH-43JS610Z,,New Zealand,China,108.124,4988.469999999999,LCD (LED),0.4,0.0,0.0,38.85,9.0,9.082366373949307,171.0,Approved,2121-09-19,,Single product class,Available,6.0,http://www.panasonic.co.nz/,http://www.panasonic.co.nz,6.080700583060862,https://reg.energyrating.gov.au/static/common/images/star_ratings_2014/EnergyStarRating_6_Star.eps,https://reg.energyrating.gov.au/static/common/images/star_ratings_2014/Star-rating-6.png,Internal,Analogue/Digital,AS/NZS 62087.1:2010,ZTV0590,AS/NZS 62087.2.2:2011
215,142168,ShareTV,ST1922G,,"Australia,New Zealand",China,54.392,1258.75,LCD,0.25,0.0,0.0,28.1,N/A,N/A,106.0,Approved,2026-10-13,,Single product class,Available,3.0,,,3.44650912314627,https://reg.energyrating.gov.au/static/common/images/star_ratings_2014/EnergyStarRating_3_Star.eps,https://reg.energyrating.gov.au/static/common/images/star_ratings_2014/Star-rating-3.png,Internal,Digital,AS/NZS 62087.1:2010,ATV4626,Greenhouse and Energy Minimum Standards (Televisions) Determination 2013
216,142171,kogan,KAQLED55XQ9610STA,,"Australia,Fiji,New Zealand",China,138.711,8221.2,LCD,0.4,0.0,0.0,113.0,N/A,N/A,415.0,Approved,2026-10-14,,Single product class,Available,4.0,,,4.123905176605657,https://reg.energyrating.gov.au/static/common/images/star_ratings_2014/EnergyStarRating_4_Star.eps,https://reg.energyrating.gov.au/static/common/images/star_ratings_2014/Star-rating-4.png,Internal,Analogue/Digital,AS/NZS 62087.1:2010,ATV4631,Greenhouse and Energy Minimum Standards (Televisions) Determination 2013
217,142174,PHILIPS,55OLED706/75,55OLED706/75,"Australia,Fiji,New Zealand",China,138.783,8230.118400000001,LCD (LED),0.29,0.0,0.0,148.0,N/A,N/A,596.0,Approved,2026-10-12,,Single product class,Available,2.5,,,2.5062783445651067,https://reg.energyrating.gov.au/static/common/images/star_ratings_2014/EnergyStarRating_2.5_Star.eps,https://reg.energyrating.gov.au/static/common/images/star_ratings_2014/Star-rating-2.5.png,Internal,Analogue/Digital,AS/NZS 62087.1:2010,ATV4623,Greenhouse and Energy Minimum Standards (Televisions) Determination 2013
218,142174,PHILIPS,55OLED706/79,55OLED706/75,"Australia,Fiji,New Zealand",China,138.783,8230.118400000001,LCD (LED),0.29,0.0,0.0,148.0,N/A,N/A,596.0,Approved,2026-10-12,,Single product class,Available,2.5,,,2.5062783445651067,https://reg.energyrating.gov.au/static/common/images/star_ratings_2014/EnergyStarRating_2.5_Star.eps,https://reg.energyrating.gov.au/static/common/images/star_ratings_2014/Star-rating-2.5.png,Internal,Analogue/Digital,AS/NZS 62087.1:2010,ATV4623,Greenhouse and Energy Minimum Standards (Televisions) Determination 2013
219,142181,BLAUPUNKT,BP4000F,,Australia,China,100.332,4261.934154240001,LCD (LED),0.28,0.0,0.0,57.3,N/A,N/A,211.0,Approved,2026-10-14,,Single product class,Available,4.5,http://www.ayonz.com/,,4.526400619045754,https://reg.energyrating.gov.au/static/common/images/star_ratings_2014/EnergyStarRating_4.5_Star.eps,https://reg.energyrating.gov.au/static/common/images/star_ratings_2014/Star-rating-4.5.png,Internal,Analogue/Digital,AS/NZS 62087.1:2010,ATV4632,Greenhouse and Energy Minimum Standards (Televisions) Determination 2013
220,142195,VEON,VN40WOS2021,,"Australia,Fiji,New Zealand",China,100.353,4267.08,LCD (LED),0.408,0.408,4.0,47.3,N/A,N/A,175.0,Approved,2026-10-14,,Single product class,Available,5.0,,,5.3693943713016585,https://reg.energyrating.gov.au/static/common/images/star_ratings_2014/EnergyStarRating_5_Star.eps,https://reg.energyrating.gov.au/static/common/images/star_ratings_2014/Star-rating-5.png,Internal,Analogue/Digital,AS/NZS 62087.1:2010,ATV4627,Greenhouse and Energy Minimum Standards (Televisions) Determination 2013
221,142225,PHILIPS,75PUT7906/79,75PUT7906/79,"Australia,Fiji,New Zealand",China,189.275,15307.5663,LCD (LED),0.41,0.0,0.0,169.26,N/A,N/A,682.0,Approved,2026-10-14,,Single product class,Available,4.5,,,4.517660502557614,https://reg.energyrating.gov.au/static/common/images/star_ratings_2014/EnergyStarRating_4.5_Star.eps,https://reg.energyrating.gov.au/static/common/images/star_ratings_2014/Star-rating-4.5.png,Internal,Analogue/Digital,AS/NZS 62087.1:2010,ATV4633,Greenhouse and Energy Minimum Standards (Televisions) Determination 2013
222,142225,PHILIPS,75PUT7906/75,75PUT7906/79,"Australia,Fiji,New Zealand",China,189.275,15307.5663,LCD (LED),0.41,0.0,0.0,169.26,N/A,N/A,682.0,Approved,2026-10-14,,Single product class,Available,4.5,,,4.517660502557614,https://reg.energyrating.gov.au/static/common/images/star_ratings_2014/EnergyStarRating_4.5_Star.eps,https://reg.energyrating.gov.au/static/common/images/star_ratings_2014/Star-rating-4.5.png,Internal,Analogue/Digital,AS/NZS 62087.1:2010,ATV4633,Greenhouse and Energy Minimum Standards (Televisions) Determination 2013
223,142237,EKO,K32HSW,,Australia,China,80.039,2736.70931232,LCD (LED),0.39,0.0,0.0,36.2,N/A,N/A,135.0,Approved,2026-10-14,,Single product class,Available,4.5,http://www.ayonz.com/,,4.881915640744987,https://reg.energyrating.gov.au/static/common/images/star_ratings_2014/EnergyStarRating_4.5_Star.eps,https://reg.energyrating.gov.au/static/common/images/star_ratings_2014/Star-rating-4.5.png,Internal,Analogue/Digital,AS/NZS 62087.1:2010,ATV4634,Greenhouse and Energy Minimum Standards (Televisions) Determination 2013
224,142382,kogan,KALED43XT9610STA,,"Australia,Fiji,New Zealand",China,107.95,4977.889999999999,LCD,0.45,0.0,0.0,65.0,N/A,N/A,240.0,Approved,2026-10-18,,Single product class,Available,4.5,,,4.553267260591147,https://reg.energyrating.gov.au/static/common/images/star_ratings_2014/EnergyStarRating_4.5_Star.eps,https://reg.energyrating.gov.au/static/common/images/star_ratings_2014/Star-rating-4.5.png,Internal,Analogue/Digital,AS/NZS 62087.1:2010,ATV4636,Greenhouse and Energy Minimum Standards (Televisions) Determination 2013
225,142395,PHILIPS,65PML9506/79,65PML9506/79,"Australia,Fiji,New Zealand",China,163.897,11477.9975,LCD (LED),0.28,0.0,0.0,180.0,N/A,N/A,725.0,Approved,2026-10-21,,Single product class,Available,3.0,,,3.0183281239547997,https://reg.energyrating.gov.au/static/common/images/star_ratings_2014/EnergyStarRating_3_Star.eps,https://reg.energyrating.gov.au/static/common/images/star_ratings_2014/Star-rating-3.png,Internal,Analogue/Digital,AS/NZS 62087.1:2010,ATV4643,Greenhouse and Energy Minimum Standards (Televisions) Determination 2013
226,142395,PHILIPS,65PML9506/75,65PML9506/79,"Australia,Fiji,New Zealand",China,163.897,11477.9975,LCD (LED),0.28,0.0,0.0,180.0,N/A,N/A,725.0,Approved,2026-10-21,,Single product class,Available,3.0,,,3.0183281239547997,https://reg.energyrating.gov.au/static/common/images/star_ratings_2014/EnergyStarRating_3_Star.eps,https://reg.energyrating.gov.au/static/common/images/star_ratings_2014/Star-rating-3.png,Internal,Analogue/Digital,AS/NZS 62087.1:2010,ATV4643,Greenhouse and Energy Minimum Standards (Televisions) Determination 2013
227,142402,SAMSUNG ELECTRONICS,HG43AJ690YK,,"Australia,Fiji,New Zealand",Vietnam,107.987,4982.7128,LCD (LED),0.5,0.0,0.0,69.0,N/A,N/A,255.0,Approved,2026-10-19,,Single product class,Available,4.0,,http://www.samsung.com.au,4.285387548332183,https://reg.energyrating.gov.au/static/common/images/star_ratings_2014/EnergyStarRating_4_Star.eps,https://reg.energyrating.gov.au/static/common/images/star_ratings_2014/Star-rating-4.png,Internal,Digital,,ATV4637,Greenhouse and Energy Minimum Standards (Televisions) Determination 2013
228,142403,SAMSUNG ELECTRONICS,HG55AJ690YK,,"Australia,Fiji,New Zealand",Vietnam,138.783,8230.118400000001,LCD (LED),0.5,0.0,0.0,91.0,N/A,N/A,335.0,Approved,2026-10-21,,Single product class,Available,5.0,,http://www.samsung.com.au,5.088069894655924,https://reg.energyrating.gov.au/static/common/images/star_ratings_2014/EnergyStarRating_5_Star.eps,https://reg.energyrating.gov.au/static/common/images/star_ratings_2014/Star-rating-5.png,Internal,Digital,,ATV4645,Greenhouse and Energy Minimum Standards (Televisions) Determination 2013
229,142408,SAMSUNG ELECTRONICS,HG50AJ690YK,,"Australia,Fiji,New Zealand",Vietnam,125.727,6754.5112,LCD (LED),0.5,0.0,0.0,85.0,N/A,N/A,313.0,Approved,2026-10-19,,Single product class,Available,4.5,,http://www.samsung.com.au,4.5831222380335825,https://reg.energyrating.gov.au/static/common/images/star_ratings_2014/EnergyStarRating_4.5_Star.eps,https://reg.energyrating.gov.au/static/common/images/star_ratings_2014/Star-rating-4.5.png,Internal,Digital,,ATV4638,Greenhouse and Energy Minimum Standards (Televisions) Determination 2013
230,142409,SAMSUNG ELECTRONICS,HG65AJ690YK,,"Australia,Fiji,New Zealand",Vietnam,163.897,11477.9975,LCD (LED),0.5,0.0,0.0,116.0,N/A,N/A,426.0,Approved,2026-10-21,,Single product class,Available,5.0,,http://www.samsung.com.au,5.401243988893101,https://reg.energyrating.gov.au/static/common/images/star_ratings_2014/EnergyStarRating_5_Star.eps,https://reg.energyrating.gov.au/static/common/images/star_ratings_2014/Star-rating-5.png,Internal,Digital,,ATV4646,Greenhouse and Energy Minimum Standards (Televisions) Determination 2013
231,142410,SAMSUNG ELECTRONICS,HG75AJ690YK,,"Australia,Fiji,New Zealand",Vietnam,189.333,15317.1564,LCD (LED),0.5,0.0,0.0,154.0,N/A,N/A,565.0,Approved,2026-10-19,,Single product class,Available,5.0,,http://www.samsung.com.au,5.363765317705205,https://reg.energyrating.gov.au/static/common/images/star_ratings_2014/EnergyStarRating_5_Star.eps,https://reg.energyrating.gov.au/static/common/images/star_ratings_2014/Star-rating-5.png,Internal,Digital,,ATV4639,Greenhouse and Energy Minimum Standards (Televisions) Determination 2013
232,142421,SAMSUNG ELECTRONICS,UA50AU7002S,,"Australia,Fiji,New Zealand",China,125.727,6754.5112,LCD (LED),0.5,0.0,0.0,71.0,N/A,N/A,262.0,Approved,2026-10-21,,Single product class,Available,5.0,,http://www.samsung.com.au,5.380181735077315,https://reg.energyrating.gov.au/static/common/images/star_ratings_2014/EnergyStarRating_5_Star.eps,https://reg.energyrating.gov.au/static/common/images/star_ratings_2014/Star-rating-5.png,Internal,Digital,,ATV4647,Greenhouse and Energy Minimum Standards (Televisions) Determination 2013
233,141823,WALTON,43D210N,43D210N,"Australia,Fiji,New Zealand",Bangladesh,109.275,5130.0,LCD (LED),-,-,-,36.4,N/A,N/A,140.0,Approved,2026-11-09,,Single product class,Available,7.0,,,7.087207125920074,https://reg.energyrating.gov.au/static/common/images/star_ratings_2014/EnergyStarRating_7_Star.eps,https://reg.energyrating.gov.au/static/common/images/star_ratings_2014/Star-rating-7.png,Internal,Digital,AS/NZS 62087.1:2010,ATV4676,Greenhouse and Energy Minimum Standards (Televisions) Determination 2013
234,141823,WALTON,W43D210N,43D210N,"Australia,Fiji,New Zealand",Bangladesh,109.275,5130.0,LCD (LED),-,-,-,36.4,N/A,N/A,140.0,Approved,2026-11-09,,Single product class,Available,7.0,,,7.087207125920074,https://reg.energyrating.gov.au/static/common/images/star_ratings_2014/EnergyStarRating_7_Star.eps,https://reg.energyrating.gov.au/static/common/images/star_ratings_2014/Star-rating-7.png,Internal,Digital,AS/NZS 62087.1:2010,ATV4676,Greenhouse and Energy Minimum Standards (Televisions) Determination 2013
235,141823,WALTON,W43D210NAU,43D210N,"Australia,Fiji,New Zealand",Bangladesh,109.275,5130.0,LCD (LED),-,-,-,36.4,N/A,N/A,140.0,Approved,2026-11-09,,Single product class,Available,7.0,,,7.087207125920074,https://reg.energyrating.gov.au/static/common/images/star_ratings_2014/EnergyStarRating_7_Star.eps,https://reg.energyrating.gov.au/static/common/images/star_ratings_2014/Star-rating-7.png,Internal,Digital,AS/NZS 62087.1:2010,ATV4676,Greenhouse and Energy Minimum Standards (Televisions) Determination 2013
236,142458,EKO,K45FSW,,Australia,China,116.809,5830.238736000001,LCD,0.3,0.0,0.0,66.49,N/A,N/A,245.0,Approved,2026-11-03,,Single product class,Available,5.0,http://www.ayonz.com/,,5.087619010444134,https://reg.energyrating.gov.au/static/common/images/star_ratings_2014/EnergyStarRating_5_Star.eps,https://reg.energyrating.gov.au/static/common/images/star_ratings_2014/Star-rating-5.png,Internal,Digital,AS/NZS 62087.1:2010,ATV4669,Greenhouse and Energy Minimum Standards (Televisions) Determination 2013
237,142461,BLAUPUNKT,BP400FSG9200,,Australia,China,100.305,4258.3,LCD,0.38,0.4,7.0,35.8,N/A,N/A,151.0,Approved,2026-11-03,,Single product class,Available,6.0,http://www.ayonz.com/,,6.022503316218213,https://reg.energyrating.gov.au/static/common/images/star_ratings_2014/EnergyStarRating_6_Star.eps,https://reg.energyrating.gov.au/static/common/images/star_ratings_2014/Star-rating-6.png,Internal,Digital,AS/NZS 62087.1:2010,ATV4664,Greenhouse and Energy Minimum Standards (Televisions) Determination 2013
238,142463,kogan,KAQLED75XQ9610STA,,"Australia,Fiji,New Zealand",China,189.306,15312.0,LCD,0.45,0.0,0.0,182.0,N/A,N/A,667.0,Approved,2026-10-24,,Single product class,Available,4.5,,,4.618566592645355,https://reg.energyrating.gov.au/static/common/images/star_ratings_2014/EnergyStarRating_4.5_Star.eps,https://reg.energyrating.gov.au/static/common/images/star_ratings_2014/Star-rating-4.5.png,Internal,Analogue/Digital,AS/NZS 62087.1:2010,ATV4655,Greenhouse and Energy Minimum Standards (Televisions) Determination 2013
239,142475,PHILIPS,43HFL6214U/12,,"Australia,Fiji,New Zealand",China,107.987,4982.7128,LCD (LED),0.31,0.62,0.5,53.2,N/A,N/A,216.0,Approved,2026-10-24,,Single product class,Available,5.0,,,5.029236682652613,https://reg.energyrating.gov.au/static/common/images/star_ratings_2014/EnergyStarRating_5_Star.eps,https://reg.energyrating.gov.au/static/common/images/star_ratings_2014/Star-rating-5.png,Internal,Analogue/Digital,AS/NZS 62087.1:2010,ATV4652,Greenhouse and Energy Minimum Standards (Televisions) Determination 2013
240,142478,PHILIPS,50HFL6214U/12,,"Australia,Fiji,New Zealand",China,125.741,6756.2235,LCD (LED),0.28,0.61,0.5,64.01,N/A,N/A,259.0,Approved,2026-10-20,,Single product class,Available,5.0,,,5.43282096913457,https://reg.energyrating.gov.au/static/common/images/star_ratings_2014/EnergyStarRating_5_Star.eps,https://reg.energyrating.gov.au/static/common/images/star_ratings_2014/Star-rating-5.png,Internal,Analogue/Digital,AS/NZS 62087.1:2010,ATV4640,Greenhouse and Energy Minimum Standards (Televisions) Determination 2013
241,142481,PHILIPS,75HFL6214U/12,,"Australia,Fiji,New Zealand",China,189.275,15307.5663,LCD (LED),0.28,0.69,0.5,109.86,N/A,N/A,443.0,Approved,2026-10-24,,Single product class,Available,6.0,,,6.451213523728212,https://reg.energyrating.gov.au/static/common/images/star_ratings_2014/EnergyStarRating_6_Star.eps,https://reg.energyrating.gov.au/static/common/images/star_ratings_2014/Star-rating-6.png,Internal,Analogue/Digital,AS/NZS 62087.1:2010,ATV4653,Greenhouse and Energy Minimum Standards (Televisions) Determination 2013
242,142508,PHILIPS,75PML9506/79,75PML9506/79,"Australia,Fiji,New Zealand",China,189.274,15307.855004000001,LCD (LED),0.28,0.0,0.0,195.0,N/A,N/A,785.0,Approved,2026-10-20,,Single product class,Available,3.5,,,3.8874113908802133,https://reg.energyrating.gov.au/static/common/images/star_ratings_2014/EnergyStarRating_3.5_Star.eps,https://reg.energyrating.gov.au/static/common/images/star_ratings_2014/Star-rating-3.5.png,Internal,Analogue/Digital,AS/NZS 62087.1:2010,ATV4641,Greenhouse and Energy Minimum Standards (Televisions) Determination 2013
243,142508,PHILIPS,75PML9506/75,75PML9506/79,"Australia,Fiji,New Zealand",China,189.274,15307.855004000001,LCD (LED),0.28,0.0,0.0,195.0,N/A,N/A,785.0,Approved,2026-10-20,,Single product class,Available,3.5,,,3.8874113908802133,https://reg.energyrating.gov.au/static/common/images/star_ratings_2014/EnergyStarRating_3.5_Star.eps,https://reg.energyrating.gov.au/static/common/images/star_ratings_2014/Star-rating-3.5.png,Internal,Analogue/Digital,AS/NZS 62087.1:2010,ATV4641,Greenhouse and Energy Minimum Standards (Televisions) Determination 2013
244,142509,PHILIPS,58HFL6214U/12,,"Australia,Fiji,New Zealand",China,146.068,9162.501400000001,LCD (LED),0.28,0.65,0.5,72.81,N/A,N/A,294.0,Approved,2026-10-24,,Single product class,Available,6.0,,,6.118158093653914,https://reg.energyrating.gov.au/static/common/images/star_ratings_2014/EnergyStarRating_6_Star.eps,https://reg.energyrating.gov.au/static/common/images/star_ratings_2014/Star-rating-6.png,Internal,Analogue/Digital,AS/NZS 62087.1:2010,ATV4654,Greenhouse and Energy Minimum Standards (Televisions) Determination 2013
245,142510,PHILIPS,65HFL6214U/12,,"Australia,Fiji,New Zealand",China,163.897,11477.9975,LCD (LED),0.28,0.61,0.5,94.36,N/A,N/A,381.0,Approved,2026-10-20,,Single product class,Available,5.5,,,5.9015496015140485,https://reg.energyrating.gov.au/static/common/images/star_ratings_2014/EnergyStarRating_5.5_Star.eps,https://reg.energyrating.gov.au/static/common/images/star_ratings_2014/Star-rating-5.5.png,Internal,Analogue/Digital,AS/NZS 62087.1:2010,ATV4642,Greenhouse and Energy Minimum Standards (Televisions) Determination 2013
246,142563,KOGAN,KALED24EH7520SVA,,"Australia,Fiji,New Zealand",China,59.824,1528.86953664,LCD (LED),0.6,0.66,14.0,18.4,N/A,N/A,84.0,Approved,2026-11-02,,Single product class,Available,5.0,,,5.067844048828729,https://reg.energyrating.gov.au/static/common/images/star_ratings_2014/EnergyStarRating_5_Star.eps,https://reg.energyrating.gov.au/static/common/images/star_ratings_2014/Star-rating-5.png,EPS,Analogue/Digital,AS/NZS 62087.1:2010,ATV4660,Greenhouse and Energy Minimum Standards (Televisions) Determination 2013
247,142575,MYVI,UR-LED2402NS,,"Australia,New Zealand",China,60.095,1548.08,LCD (LED),0.32,0.0,0.0,20.12,N/A,N/A,85.0,Approved,2026-11-03,,Single product class,Available,5.0,,,5.053262883445185,https://reg.energyrating.gov.au/static/common/images/star_ratings_2014/EnergyStarRating_5_Star.eps,https://reg.energyrating.gov.au/static/common/images/star_ratings_2014/Star-rating-5.png,Internal,Digital,AS/NZS 62087.1:2010,ATV4663,Greenhouse and Energy Minimum Standards (Televisions) Determination 2013
248,142636,SAMSUNG ELECTRONICS,UA55AU7002S,,"Australia,Fiji,New Zealand",China,138.783,8230.118400000001,LCD (LED),0.5,0.0,0.0,77.0,N/A,N/A,284.0,Approved,2026-11-02,,Single product class,Available,5.5,,http://www.samsung.com.au,5.828204631649972,https://reg.energyrating.gov.au/static/common/images/star_ratings_2014/EnergyStarRating_5.5_Star.eps,https://reg.energyrating.gov.au/static/common/images/star_ratings_2014/Star-rating-5.5.png,Internal,Digital,,ATV4659,Greenhouse and Energy Minimum Standards (Televisions) Determination 2013
249,142241,Caixun,LE-40V1,,"Australia,Fiji,New Zealand",China,100.332,4261.934154240001,LCD (LED),0.34,0.48,0.0,38.92,N/A,N/A,151.0,Approved,2026-11-04,,Single product class,Available,6.0,,,6.025786528657009,https://reg.energyrating.gov.au/static/common/images/star_ratings_2014/EnergyStarRating_6_Star.eps,https://reg.energyrating.gov.au/static/common/images/star_ratings_2014/Star-rating-6.png,Internal,Digital,AS/NZS 62087.1:2010,ATV4670,Greenhouse and Energy Minimum Standards (Televisions) Determination 2013
250,142654,CHiQ,U75F8T,,"Australia,Fiji,New Zealand",China,189.324,15313.856,LCD (LED),-,-,-,138.0,N/A,N/A,506.0,Approved,2026-10-27,,Single product class,Available,5.5,,https://www.chiq.com.au/,5.857093446876125,https://reg.energyrating.gov.au/static/common/images/star_ratings_2014/EnergyStarRating_5.5_Star.eps,https://reg.energyrating.gov.au/static/common/images/star_ratings_2014/Star-rating-5.5.png,Internal,unknown,AS/NZS 62087.1:2010,ATV4656,Greenhouse and Energy Minimum Standards (Televisions) Determination 2013
251,142214,Stan Cash,TV185CLEARA,,Australia,China,46.787,934.3199999999998,LCD (LED),0.26,0.0,0.0,16.1569,N/A,N/A,60.0,Approved,2026-11-08,,Single product class,Available,5.0,,,5.185512454710998,https://reg.energyrating.gov.au/static/common/images/star_ratings_2014/EnergyStarRating_5_Star.eps,https://reg.energyrating.gov.au/static/common/images/star_ratings_2014/Star-rating-5.png,Internal,Analogue/Digital,AS/NZS 62087.1:2010,ATV4675,Greenhouse and Energy Minimum Standards (Televisions) Determination 2013
252,142661,LG,65QNED916QA,,"Australia,New Zealand",Indonesia,163.897,11477.9975,LCD (LED),0.4,0.0,0.0,120.0,N/A,N/A,440.0,Approved,2026-11-02,,Single product class,Available,5.0,,,5.256335563565565,https://reg.energyrating.gov.au/static/common/images/star_ratings_2014/EnergyStarRating_5_Star.eps,https://reg.energyrating.gov.au/static/common/images/star_ratings_2014/Star-rating-5.png,Internal,Analogue/Digital,AS/NZS 62087.1:2010,ATV4657,Greenhouse and Energy Minimum Standards (Televisions) Determination 2013
253,142663,kogan,KAQLED65XQ9610STA,,"Australia,Fiji,New Zealand",China,163.829,11466.84,LCD,0.43,0.0,0.0,156.0,N/A,N/A,572.0,Approved,2026-11-03,,Single product class,Available,4.0,,,4.076463412951497,https://reg.energyrating.gov.au/static/common/images/star_ratings_2014/EnergyStarRating_4_Star.eps,https://reg.energyrating.gov.au/static/common/images/star_ratings_2014/Star-rating-4.png,Internal,Analogue/Digital,AS/NZS 62087.1:2010,ATV4661,Greenhouse and Energy Minimum Standards (Televisions) Determination 2013
254,142691,EKO,K58USG,,Australia,China,146.068,9162.865152,LCD,0.35,0.0,0.0,94.12,N/A,N/A,346.0,Approved,2026-11-03,,Single product class,Available,5.0,http://www.ayonz.com/,,5.388483736880021,https://reg.energyrating.gov.au/static/common/images/star_ratings_2014/EnergyStarRating_5_Star.eps,https://reg.energyrating.gov.au/static/common/images/star_ratings_2014/Star-rating-5.png,Internal,Digital,AS/NZS 62087.1:2010,ATV4665,Greenhouse and Energy Minimum Standards (Televisions) Determination 2013
255,142701,EKO,K75USW,,Australia,China,189.274,15307.826135039999,LCD,0.34,0.0,0.0,206.62,N/A,N/A,756.0,Approved,2026-11-04,,Single product class,Available,4.0,http://www.ayonz.com/,,4.056094456069051,https://reg.energyrating.gov.au/static/common/images/star_ratings_2014/EnergyStarRating_4_Star.eps,https://reg.energyrating.gov.au/static/common/images/star_ratings_2014/Star-rating-4.png,Internal,Digital,AS/NZS 62087.1:2010,ATV4671,Greenhouse and Energy Minimum Standards (Televisions) Determination 2013
256,142703,EKO,K700USG,,Australia,China,176.538,13380.468019200001,LCD,0.31,0.0,0.0,126.96,N/A,N/A,465.0,Approved,2026-11-03,,Single product class,Available,5.5,http://www.ayonz.com/,,5.659177175959103,https://reg.energyrating.gov.au/static/common/images/star_ratings_2014/EnergyStarRating_5.5_Star.eps,https://reg.energyrating.gov.au/static/common/images/star_ratings_2014/Star-rating-5.5.png,Internal,Digital,AS/NZS 62087.1:2010,ATV4666,Greenhouse and Energy Minimum Standards (Televisions) Determination 2013
257,142704,EKO,K70USW,,Australia,China,176.538,13380.468019200001,LCD,0.29,0.0,0.0,167.26,N/A,N/A,612.0,Approved,2026-11-03,,Single product class,Available,4.0,http://www.ayonz.com/,,4.428154028271673,https://reg.energyrating.gov.au/static/common/images/star_ratings_2014/EnergyStarRating_4_Star.eps,https://reg.energyrating.gov.au/static/common/images/star_ratings_2014/Star-rating-4.png,Internal,Digital,AS/NZS 62087.1:2010,ATV4668,Greenhouse and Energy Minimum Standards (Televisions) Determination 2013
258,140784,"Shenzhen Xinchaoda Technology Co., Ltd",LEQ65W722,,"Australia,Fiji,New Zealand",China,163.896,11478.122496000002,LCD (LED),-,-,-,100.64,N/A,N/A,369.0,Approved,2026-11-03,,Single product class,Available,6.0,,,6.045013280653004,https://reg.energyrating.gov.au/static/common/images/star_ratings_2014/EnergyStarRating_6_Star.eps,https://reg.energyrating.gov.au/static/common/images/star_ratings_2014/Star-rating-6.png,EPS,Analogue/Digital,AS/NZS 62087.1:2010,ATV4662,Greenhouse and Energy Minimum Standards (Televisions) Determination 2013
259,142739,"Shenzhen Xinchaoda Technology Co., Ltd",LEQ55A722,,"Australia,Fiji,New Zealand",China,138.783,8230.118400000001,LCD (LED),-,-,-,103.61,N/A,N/A,381.0,Approved,2026-11-11,,Single product class,Available,4.5,,,4.511450751759631,https://reg.energyrating.gov.au/static/common/images/star_ratings_2014/EnergyStarRating_4.5_Star.eps,https://reg.energyrating.gov.au/static/common/images/star_ratings_2014/Star-rating-4.5.png,Internal,Analogue/Digital,AS/NZS 62087.1:2010,ATV4680,Greenhouse and Energy Minimum Standards (Televisions) Determination 2013
260,142745,"Shenzhen Xinchaoda Technology Co., Ltd",LEQ55W722,,"Australia,Fiji,New Zealand",China,138.783,8230.118400000001,LCD (LED),-,-,-,98.45,N/A,N/A,362.0,Approved,2026-11-11,,Single product class,Available,4.5,,,4.740698529701904,https://reg.energyrating.gov.au/static/common/images/star_ratings_2014/EnergyStarRating_4.5_Star.eps,https://reg.energyrating.gov.au/static/common/images/star_ratings_2014/Star-rating-4.5.png,Internal,Analogue/Digital,AS/NZS 62087.1:2010,ATV4681,Greenhouse and Energy Minimum Standards (Televisions) Determination 2013
261,142747,"Shenzhen Xinchaoda Technology Co., Ltd",LEQ65A722,,"Australia,Fiji,New Zealand",China,163.896,11478.122496000002,LCD (LED),-,-,-,109.48,N/A,N/A,402.0,Approved,2026-11-11,,Single product class,Available,5.5,,,5.661155248126301,https://reg.energyrating.gov.au/static/common/images/star_ratings_2014/EnergyStarRating_5.5_Star.eps,https://reg.energyrating.gov.au/static/common/images/star_ratings_2014/Star-rating-5.5.png,Internal,Analogue/Digital,AS/NZS 62087.1:2010,ATV4682,Greenhouse and Energy Minimum Standards (Televisions) Determination 2013
262,142796,LG,50UR767H3VC,,"Australia,New Zealand",Indonesia,125.727,6754.5112,LCD (LED),0.4,0.0,0.0,78.0,N/A,N/A,287.0,Approved,2026-11-07,,Single product class,Available,4.5,,,4.971755359043742,https://reg.energyrating.gov.au/static/common/images/star_ratings_2014/EnergyStarRating_4.5_Star.eps,https://reg.energyrating.gov.au/static/common/images/star_ratings_2014/Star-rating-4.5.png,Internal,Analogue/Digital,AS/NZS 62087.1:2010,ATV4672,Greenhouse and Energy Minimum Standards (Televisions) Determination 2013
263,142797,LG,55UR767H3VC,,"Australia,New Zealand",Indonesia,138.783,8230.118400000001,LCD (LED),0.4,0.0,0.0,101.0,N/A,N/A,371.0,Approved,2026-11-09,,Single product class,Available,4.5,,,4.630644483160877,https://reg.energyrating.gov.au/static/common/images/star_ratings_2014/EnergyStarRating_4.5_Star.eps,https://reg.energyrating.gov.au/static/common/images/star_ratings_2014/Star-rating-4.5.png,Internal,Analogue/Digital,AS/NZS 62087.1:2010,ATV4677,Greenhouse and Energy Minimum Standards (Televisions) Determination 2013
264,142798,LG,65UR767H3VC,,"Australia,New Zealand",Indonesia,163.897,11477.9975,LCD (LED),0.4,0.0,0.0,118.0,N/A,N/A,433.0,Approved,2026-11-07,,Single product class,Available,5.0,,,5.328204093107946,https://reg.energyrating.gov.au/static/common/images/star_ratings_2014/EnergyStarRating_5_Star.eps,https://reg.energyrating.gov.au/static/common/images/star_ratings_2014/Star-rating-5.png,Internal,Analogue/Digital,AS/NZS 62087.1:2010,ATV4673,Greenhouse and Energy Minimum Standards (Televisions) Determination 2013
265,142807,kogan,KALED40RF9220STB,KALED40RF9210STB,"Australia,Fiji,New Zealand",China,100.305,4258.3,LCD (LED),0.3,0.0,0.0,40.0,N/A,N/A,149.0,Approved,2026-11-09,,Single product class,Available,6.0,,,6.082256469696936,https://reg.energyrating.gov.au/static/common/images/star_ratings_2014/EnergyStarRating_6_Star.eps,https://reg.energyrating.gov.au/static/common/images/star_ratings_2014/Star-rating-6.png,Internal,Analogue/Digital,AS/NZS 62087.1:2010,ATV4678,Greenhouse and Energy Minimum Standards (Televisions) Determination 2013
266,142807,kogan,KALED40RF9210STB,KALED40RF9210STB,"Australia,Fiji,New Zealand",China,100.305,4258.3,LCD (LED),0.3,0.0,0.0,40.0,N/A,N/A,149.0,Approved,2026-11-09,,Single product class,Available,6.0,,,6.082256469696936,https://reg.energyrating.gov.au/static/common/images/star_ratings_2014/EnergyStarRating_6_Star.eps,https://reg.energyrating.gov.au/static/common/images/star_ratings_2014/Star-rating-6.png,Internal,Analogue/Digital,AS/NZS 62087.1:2010,ATV4678,Greenhouse and Energy Minimum Standards (Televisions) Determination 2013
267,142810,AKAI,AK6521S6WOS,,Australia,China,163.896,11478.122496000002,LCD (LED),0.3594,0.361848,14.0,95.274,N/A,N/A,367.0,Approved,2026-11-07,,Single product class,Available,6.0,,http://www.tempoaustralia.com.au,6.0693688847202,https://reg.energyrating.gov.au/static/common/images/star_ratings_2014/EnergyStarRating_6_Star.eps,https://reg.energyrating.gov.au/static/common/images/star_ratings_2014/Star-rating-6.png,Internal,Analogue/Digital,AS/NZS 62087.1:2010,ATV4674,Greenhouse and Energy Minimum Standards (Televisions) Determination 2013
268,142813,Linsar,LS65UHDNF,,Australia,China,163.896,11478.122496000002,LCD (LED),0.3594,0.361848,14.0,95.274,N/A,N/A,367.0,Approved,2026-11-11,,Single product class,Available,6.0,,,6.0693688847202,https://reg.energyrating.gov.au/static/common/images/star_ratings_2014/EnergyStarRating_6_Star.eps,https://reg.energyrating.gov.au/static/common/images/star_ratings_2014/Star-rating-6.png,Internal,Analogue/Digital,AS/NZS 62087.1:2010,ATV4679,Greenhouse and Energy Minimum Standards (Televisions) Determination 2013
269,142849,PHILIPS,19HFL5214W/12,,"Australia,Fiji,New Zealand",China,47.013,944.1791999999999,LCD (LED),0.32,0.0,0.0,15.12,N/A,N/A,62.0,Approved,2026-11-15,,Single product class,Available,5.0,,,5.065515602883841,https://reg.energyrating.gov.au/static/common/images/star_ratings_2014/EnergyStarRating_5_Star.eps,https://reg.energyrating.gov.au/static/common/images/star_ratings_2014/Star-rating-5.png,EPS,Analogue/Digital,AS/NZS 62087.1:2010,ATV4683,Greenhouse and Energy Minimum Standards (Televisions) Determination 2013
270,142898,JVC,LT-32N3115AM,,"Australia,Fiji",China,79.744,2717.4500000000003,LCD,0.31,0.31,7.0,32.7,N/A,N/A,130.0,Approved,2026-11-22,,Single product class,Available,5.0,,,5.025863763302918,https://reg.energyrating.gov.au/static/common/images/star_ratings_2014/EnergyStarRating_5_Star.eps,https://reg.energyrating.gov.au/static/common/images/star_ratings_2014/Star-rating-5.png,Internal,Analogue/Digital,AS/NZS 62087.1:2010,ATV4696,Greenhouse and Energy Minimum Standards (Televisions) Determination 2013
271,142970,Sony,KD-43X75K,,"Australia,New Zealand",Vietnam,107.95,4977.889999999999,LCD (LED),0.5,10.0,0.65,70.0,N/A,N/A,261.0,Approved,2026-11-15,,Single product class,Available,4.0,http://www.sony.com.au/,,4.177359090775439,https://reg.energyrating.gov.au/static/common/images/star_ratings_2014/EnergyStarRating_4_Star.eps,https://reg.energyrating.gov.au/static/common/images/star_ratings_2014/Star-rating-4.png,EPS,Analogue/Digital,,ATV4687,Greenhouse and Energy Minimum Standards (Televisions) Determination 2013
272,142973,Sony,KD-50X75K,,"Australia,New Zealand",Vietnam,125.725,6751.36,LCD (LED),0.5,10.1,0.65,84.0,N/A,N/A,312.0,Approved,2026-11-15,,Single product class,Available,4.5,http://www.sony.com.au/,,4.595568072425353,https://reg.energyrating.gov.au/static/common/images/star_ratings_2014/EnergyStarRating_4.5_Star.eps,https://reg.energyrating.gov.au/static/common/images/star_ratings_2014/Star-rating-4.5.png,EPS,Analogue/Digital,AS/NZS 62087.1:2010,ATV4686,Greenhouse and Energy Minimum Standards (Televisions) Determination 2013
273,142983,JVC,LT-42N5125A,,"Australia,Fiji",China,105.396,4684.68,LCD,0.36,0.36,7.0,57.6,N/A,N/A,230.0,Approved,2026-11-23,,Single product class,Available,4.5,,,4.506395613917393,https://reg.energyrating.gov.au/static/common/images/star_ratings_2014/EnergyStarRating_4.5_Star.eps,https://reg.energyrating.gov.au/static/common/images/star_ratings_2014/Star-rating-4.5.png,Internal,Analogue/Digital,AS/NZS 62087.1:2010,ATV4698,Greenhouse and Energy Minimum Standards (Televisions) Determination 2013
274,142985,JVC,LT-55NQ7105AM,,"Australia,Fiji",China,138.798,8228.0,LCD,0.374,0.374,7.0,100.2,N/A,N/A,400.0,Approved,2026-11-24,,Single product class,Available,4.0,,,4.292298502011051,https://reg.energyrating.gov.au/static/common/images/star_ratings_2014/EnergyStarRating_4_Star.eps,https://reg.energyrating.gov.au/static/common/images/star_ratings_2014/Star-rating-4.png,Internal,Analogue/Digital,AS/NZS 62087.1:2010,ATV4703,Greenhouse and Energy Minimum Standards (Televisions) Determination 2013
275,142986,JVC,LT-50NQ7115A,,"Australia,Fiji",China,125.365,6711.0199999999995,LCD,0.411,0.411,7.0,84.4,N/A,N/A,354.0,Approved,2026-11-22,,Single product class,Available,4.0,,,4.005266563232905,https://reg.energyrating.gov.au/static/common/images/star_ratings_2014/EnergyStarRating_4_Star.eps,https://reg.energyrating.gov.au/static/common/images/star_ratings_2014/Star-rating-4.png,Internal,Analogue/Digital,AS/NZS 62087.1:2010,ATV4695,Greenhouse and Energy Minimum Standards (Televisions) Determination 2013
276,143011,KOGAN,KALED43RT9220SVA,LE-43series,"Australia,Fiji,New Zealand",China,107.987,4982.77868544,LCD (LED),-,-,-,47.23,N/A,N/A,194.0,Approved,2026-11-24,,Single product class,Available,5.5,http://www.expressluck.com,,5.51068390027356,https://reg.energyrating.gov.au/static/common/images/star_ratings_2014/EnergyStarRating_5.5_Star.eps,https://reg.energyrating.gov.au/static/common/images/star_ratings_2014/Star-rating-5.5.png,Internal,Analogue/Digital,AS/NZS 62087.1:2010,ATV4699,Greenhouse and Energy Minimum Standards (Televisions) Determination 2013
277,143011,KOGAN,KALED43RT9220SVB,LE-43series,"Australia,Fiji,New Zealand",China,107.987,4982.77868544,LCD (LED),-,-,-,47.23,N/A,N/A,194.0,Approved,2026-11-24,,Single product class,Available,5.5,http://www.expressluck.com,,5.51068390027356,https://reg.energyrating.gov.au/static/common/images/star_ratings_2014/EnergyStarRating_5.5_Star.eps,https://reg.energyrating.gov.au/static/common/images/star_ratings_2014/Star-rating-5.5.png,Internal,Analogue/Digital,AS/NZS 62087.1:2010,ATV4699,Greenhouse and Energy Minimum Standards (Televisions) Determination 2013
278,143011,KOGAN,KALED43RT9220SVC,LE-43series,"Australia,Fiji,New Zealand",China,107.987,4982.77868544,LCD (LED),-,-,-,47.23,N/A,N/A,194.0,Approved,2026-11-24,,Single product class,Available,5.5,http://www.expressluck.com,,5.51068390027356,https://reg.energyrating.gov.au/static/common/images/star_ratings_2014/EnergyStarRating_5.5_Star.eps,https://reg.energyrating.gov.au/static/common/images/star_ratings_2014/Star-rating-5.5.png,Internal,Analogue/Digital,AS/NZS 62087.1:2010,ATV4699,Greenhouse and Energy Minimum Standards (Televisions) Determination 2013
279,143011,KOGAN,KALED43RT9220SVD,LE-43series,"Australia,Fiji,New Zealand",China,107.987,4982.77868544,LCD (LED),-,-,-,47.23,N/A,N/A,194.0,Approved,2026-11-24,,Single product class,Available,5.5,http://www.expressluck.com,,5.51068390027356,https://reg.energyrating.gov.au/static/common/images/star_ratings_2014/EnergyStarRating_5.5_Star.eps,https://reg.energyrating.gov.au/static/common/images/star_ratings_2014/Star-rating-5.5.png,Internal,Analogue/Digital,AS/NZS 62087.1:2010,ATV4699,Greenhouse and Energy Minimum Standards (Televisions) Determination 2013
280,143012,KOGAN,KALED50RT9220SVA,LE-50series,"Australia,Fiji,New Zealand",China,125.731,6754.867344,LCD (LED),-,-,-,50.6,N/A,N/A,210.0,Approved,2026-11-22,,Single product class,Available,6.0,http://www.expressluck.com,,6.371851645208939,https://reg.energyrating.gov.au/static/common/images/star_ratings_2014/EnergyStarRating_6_Star.eps,https://reg.energyrating.gov.au/static/common/images/star_ratings_2014/Star-rating-6.png,Internal,Analogue/Digital,AS/NZS 62087.1:2010,ATV4691,Greenhouse and Energy Minimum Standards (Televisions) Determination 2013
281,143012,KOGAN,KALED50RT9220SVB,LE-50series,"Australia,Fiji,New Zealand",China,125.731,6754.867344,LCD (LED),-,-,-,50.6,N/A,N/A,210.0,Approved,2026-11-22,,Single product class,Available,6.0,http://www.expressluck.com,,6.371851645208939,https://reg.energyrating.gov.au/static/common/images/star_ratings_2014/EnergyStarRating_6_Star.eps,https://reg.energyrating.gov.au/static/common/images/star_ratings_2014/Star-rating-6.png,Internal,Analogue/Digital,AS/NZS 62087.1:2010,ATV4691,Greenhouse and Energy Minimum Standards (Televisions) Determination 2013
282,143012,KOGAN,KALED50RT9220SVC,LE-50series,"Australia,Fiji,New Zealand",China,125.731,6754.867344,LCD (LED),-,-,-,50.6,N/A,N/A,210.0,Approved,2026-11-22,,Single product class,Available,6.0,http://www.expressluck.com,,6.371851645208939,https://reg.energyrating.gov.au/static/common/images/star_ratings_2014/EnergyStarRating_6_Star.eps,https://reg.energyrating.gov.au/static/common/images/star_ratings_2014/Star-rating-6.png,Internal,Analogue/Digital,AS/NZS 62087.1:2010,ATV4691,Greenhouse and Energy Minimum Standards (Televisions) Determination 2013
283,143012,KOGAN,KALED50RT9220SVD,LE-50series,"Australia,Fiji,New Zealand",China,125.731,6754.867344,LCD (LED),-,-,-,50.6,N/A,N/A,210.0,Approved,2026-11-22,,Single product class,Available,6.0,http://www.expressluck.com,,6.371851645208939,https://reg.energyrating.gov.au/static/common/images/star_ratings_2014/EnergyStarRating_6_Star.eps,https://reg.energyrating.gov.au/static/common/images/star_ratings_2014/Star-rating-6.png,Internal,Analogue/Digital,AS/NZS 62087.1:2010,ATV4691,Greenhouse and Energy Minimum Standards (Televisions) Determination 2013
284,143012,KOGAN,LE-50series,LE-50series,"Australia,Fiji,New Zealand",China,125.731,6754.867344,LCD (LED),-,-,-,50.6,N/A,N/A,210.0,Approved,2026-11-22,,Single product class,Available,6.0,http://www.expressluck.com,,6.371851645208939,https://reg.energyrating.gov.au/static/common/images/star_ratings_2014/EnergyStarRating_6_Star.eps,https://reg.energyrating.gov.au/static/common/images/star_ratings_2014/Star-rating-6.png,Internal,Analogue/Digital,AS/NZS 62087.1:2010,ATV4691,Greenhouse and Energy Minimum Standards (Televisions) Determination 2013
285,143013,KOGAN,KAQLED55RQ9510SVA,LE-55series,"Australia,Fiji,New Zealand",China,138.783,8230.118400000001,LCD (LED),-,-,-,53.64,N/A,N/A,247.0,Approved,2026-11-24,,Single product class,Available,6.0,http://www.expressluck.com,,6.453747698931702,https://reg.energyrating.gov.au/static/common/images/star_ratings_2014/EnergyStarRating_6_Star.eps,https://reg.energyrating.gov.au/static/common/images/star_ratings_2014/Star-rating-6.png,Internal,Analogue/Digital,AS/NZS 62087.1:2010,ATV4700,Greenhouse and Energy Minimum Standards (Televisions) Determination 2013
286,143013,KOGAN,KAQLED55RQ9510SVB,LE-55series,"Australia,Fiji,New Zealand",China,138.783,8230.118400000001,LCD (LED),-,-,-,53.64,N/A,N/A,247.0,Approved,2026-11-24,,Single product class,Available,6.0,http://www.expressluck.com,,6.453747698931702,https://reg.energyrating.gov.au/static/common/images/star_ratings_2014/EnergyStarRating_6_Star.eps,https://reg.energyrating.gov.au/static/common/images/star_ratings_2014/Star-rating-6.png,Internal,Analogue/Digital,AS/NZS 62087.1:2010,ATV4700,Greenhouse and Energy Minimum Standards (Televisions) Determination 2013
287,143013,KOGAN,KAQLED55RQ9510SVC,LE-55series,"Australia,Fiji,New Zealand",China,138.783,8230.118400000001,LCD (LED),-,-,-,53.64,N/A,N/A,247.0,Approved,2026-11-24,,Single product class,Available,6.0,http://www.expressluck.com,,6.453747698931702,https://reg.energyrating.gov.au/static/common/images/star_ratings_2014/EnergyStarRating_6_Star.eps,https://reg.energyrating.gov.au/static/common/images/star_ratings_2014/Star-rating-6.png,Internal,Analogue/Digital,AS/NZS 62087.1:2010,ATV4700,Greenhouse and Energy Minimum Standards (Televisions) Determination 2013
288,143013,KOGAN,KAQLED55RQ9510SVD,LE-55series,"Australia,Fiji,New Zealand",China,138.783,8230.118400000001,LCD (LED),-,-,-,53.64,N/A,N/A,247.0,Approved,2026-11-24,,Single product class,Available,6.0,http://www.expressluck.com,,6.453747698931702,https://reg.energyrating.gov.au/static/common/images/star_ratings_2014/EnergyStarRating_6_Star.eps,https://reg.energyrating.gov.au/static/common/images/star_ratings_2014/Star-rating-6.png,Internal,Analogue/Digital,AS/NZS 62087.1:2010,ATV4700,Greenhouse and Energy Minimum Standards (Televisions) Determination 2013
289,143014,KOGAN,KALED58RT9220SVA,LE-58series,"Australia,Fiji,New Zealand",China,146.068,9162.865152,LCD (LED),-,-,-,65.21,N/A,N/A,271.0,Approved,2026-11-21,,Single product class,Available,6.0,http://www.expressluck.com,,6.483384094694954,https://reg.energyrating.gov.au/static/common/images/star_ratings_2014/EnergyStarRating_6_Star.eps,https://reg.energyrating.gov.au/static/common/images/star_ratings_2014/Star-rating-6.png,Internal,Analogue/Digital,AS/NZS 62087.1:2010,ATV4690,Greenhouse and Energy Minimum Standards (Televisions) Determination 2013
290,143014,KOGAN,KALED58RT9220SVB,LE-58series,"Australia,Fiji,New Zealand",China,146.068,9162.865152,LCD (LED),-,-,-,65.21,N/A,N/A,271.0,Approved,2026-11-21,,Single product class,Available,6.0,http://www.expressluck.com,,6.483384094694954,https://reg.energyrating.gov.au/static/common/images/star_ratings_2014/EnergyStarRating_6_Star.eps,https://reg.energyrating.gov.au/static/common/images/star_ratings_2014/Star-rating-6.png,Internal,Analogue/Digital,AS/NZS 62087.1:2010,ATV4690,Greenhouse and Energy Minimum Standards (Televisions) Determination 2013
291,143014,KOGAN,KALED58RT9220SVC,LE-58series,"Australia,Fiji,New Zealand",China,146.068,9162.865152,LCD (LED),-,-,-,65.21,N/A,N/A,271.0,Approved,2026-11-21,,Single product class,Available,6.0,http://www.expressluck.com,,6.483384094694954,https://reg.energyrating.gov.au/static/common/images/star_ratings_2014/EnergyStarRating_6_Star.eps,https://reg.energyrating.gov.au/static/common/images/star_ratings_2014/Star-rating-6.png,Internal,Analogue/Digital,AS/NZS 62087.1:2010,ATV4690,Greenhouse and Energy Minimum Standards (Televisions) Determination 2013
292,143014,KOGAN,KALED58RT9220SVD,LE-58series,"Australia,Fiji,New Zealand",China,146.068,9162.865152,LCD (LED),-,-,-,65.21,N/A,N/A,271.0,Approved,2026-11-21,,Single product class,Available,6.0,http://www.expressluck.com,,6.483384094694954,https://reg.energyrating.gov.au/static/common/images/star_ratings_2014/EnergyStarRating_6_Star.eps,https://reg.energyrating.gov.au/static/common/images/star_ratings_2014/Star-rating-6.png,Internal,Analogue/Digital,AS/NZS 62087.1:2010,ATV4690,Greenhouse and Energy Minimum Standards (Televisions) Determination 2013
293,143014,KOGAN,LE-58series,LE-58series,"Australia,Fiji,New Zealand",China,146.068,9162.865152,LCD (LED),-,-,-,65.21,N/A,N/A,271.0,Approved,2026-11-21,,Single product class,Available,6.0,http://www.expressluck.com,,6.483384094694954,https://reg.energyrating.gov.au/static/common/images/star_ratings_2014/EnergyStarRating_6_Star.eps,https://reg.energyrating.gov.au/static/common/images/star_ratings_2014/Star-rating-6.png,Internal,Analogue/Digital,AS/NZS 62087.1:2010,ATV4690,Greenhouse and Energy Minimum Standards (Televisions) Determination 2013
294,143083,BLAUPUNKT,BP3200HDV7100,,Australia,China,80.039,2736.7112736,LCD,0.27,0.0,0.0,34.48,N/A,N/A,128.0,Approved,2026-11-22,,Single product class,Available,5.0,http://www.ayonz.com/,,5.120529236509593,https://reg.energyrating.gov.au/static/common/images/star_ratings_2014/EnergyStarRating_5_Star.eps,https://reg.energyrating.gov.au/static/common/images/star_ratings_2014/Star-rating-5.png,Internal,Digital,AS/NZS 62087.1:2010,ATV4692,Greenhouse and Energy Minimum Standards (Televisions) Determination 2013
295,143013,KOGAN,LE-55series,LE-55series,"Australia,Fiji,New Zealand",China,138.783,8230.118400000001,LCD (LED),-,-,-,53.64,N/A,N/A,247.0,Approved,2026-11-24,,Single product class,Available,6.0,http://www.expressluck.com,,6.453747698931702,https://reg.energyrating.gov.au/static/common/images/star_ratings_2014/EnergyStarRating_6_Star.eps,https://reg.energyrating.gov.au/static/common/images/star_ratings_2014/Star-rating-6.png,Internal,Analogue/Digital,AS/NZS 62087.1:2010,ATV4700,Greenhouse and Energy Minimum Standards (Televisions) Determination 2013
296,143106,KONIC,KKD32SG396A,,New Zealand,China,80.04,2736.7587940000003,LCD (LED),0.32,0.0,0.0,27.42,9.0,9.139631036702802,102.0,Approved,2121-10-30,,Single product class,Available,6.0,,,6.138131023338002,https://reg.energyrating.gov.au/static/common/images/star_ratings_2014/EnergyStarRating_6_Star.eps,https://reg.energyrating.gov.au/static/common/images/star_ratings_2014/Star-rating-6.png,Internal,Analogue/Digital,AS/NZS 62087.1:2010,ZTV0599,AS/NZS 62087.2.2:2011
297,143107,Sony,KD-32W830K,,"Australia,New Zealand",Vietnam,80.054,2736.1600000000003,LCD (LED),0.5,10.1,0.65,34.7,N/A,N/A,132.0,Approved,2026-11-23,,Single product class,Available,4.5,http://www.sony.com.au/,,4.981909663301017,https://reg.energyrating.gov.au/static/common/images/star_ratings_2014/EnergyStarRating_4.5_Star.eps,https://reg.energyrating.gov.au/static/common/images/star_ratings_2014/Star-rating-4.5.png,EPS,Analogue/Digital,AS/NZS 62087.1:2010,ATV4697,Greenhouse and Energy Minimum Standards (Televisions) Determination 2013
298,143109,KONIC,KKD42SG378A,,New Zealand,China,105.415,4682.676096,LCD (LED),0.4,0.0,14.0,46.99,8.0,8.756802872997628,174.0,Approved,2121-10-30,,Single product class,Available,5.5,,,5.755151456846737,https://reg.energyrating.gov.au/static/common/images/star_ratings_2014/EnergyStarRating_5.5_Star.eps,https://reg.energyrating.gov.au/static/common/images/star_ratings_2014/Star-rating-5.5.png,Internal,Analogue/Digital,AS/NZS 62087.1:2010,ZTV0594,AS/NZS 62087.2.2:2011
299,143110,KONIC,KUD50SG696AS,,New Zealand,China,125.731,6754.867344,LCD (LED),0.56,0.0,0.0,46.11,10.0,10.26812734607455,172.0,Approved,2121-10-30,,Single product class,Available,7.0,,,7.266401600734831,https://reg.energyrating.gov.au/static/common/images/star_ratings_2014/EnergyStarRating_7_Star.eps,https://reg.energyrating.gov.au/static/common/images/star_ratings_2014/Star-rating-7.png,Internal,Analogue/Digital,AS/NZS 62087.1:2010,ZTV0595,AS/NZS 62087.2.2:2011
300,143111,KONIC,KUD55SG696AS,,New Zealand,China,138.783,8230.118400000001,LCD (LED),0.46,0.0,0.0,57.97,10.0,10.09819620384672,214.0,Approved,2121-10-30,,Single product class,Available,7.0,,,7.096438562106976,https://reg.energyrating.gov.au/static/common/images/star_ratings_2014/EnergyStarRating_7_Star.eps,https://reg.energyrating.gov.au/static/common/images/star_ratings_2014/Star-rating-7.png,Internal,Analogue/Digital,AS/NZS 62087.1:2010,ZTV0596,AS/NZS 62087.2.2:2011
301,143112,KONIC,KUD65SG696AS,,New Zealand,China,163.896,11478.122496000002,LCD (LED),0.41,0.0,0.0,100.78,9.0,9.034685567901715,370.0,Approved,2121-10-30,,Single product class,Available,6.0,,,6.0328849373430415,https://reg.energyrating.gov.au/static/common/images/star_ratings_2014/EnergyStarRating_6_Star.eps,https://reg.energyrating.gov.au/static/common/images/star_ratings_2014/Star-rating-6.png,Internal,Analogue/Digital,AS/NZS 62087.1:2010,ZTV0597,AS/NZS 62087.2.2:2011
302,143114,KONIC,KUD75SG692AS,,New Zealand,China,189.34,15318.517823999999,LCD (LED),0.34,0.0,0.0,153.24,8.0,8.389833721061812,562.0,Approved,2121-10-30,,Single product class,Available,5.0,,,5.388004753545411,https://reg.energyrating.gov.au/static/common/images/star_ratings_2014/EnergyStarRating_5_Star.eps,https://reg.energyrating.gov.au/static/common/images/star_ratings_2014/Star-rating-5.png,Internal,Analogue/Digital,AS/NZS 62087.1:2010,ZTV0598,AS/NZS 62087.2.2:2011
303,143011,KOGAN,LE-43series,LE-43series,"Australia,Fiji,New Zealand",China,107.987,4982.77868544,LCD (LED),-,-,-,47.23,N/A,N/A,194.0,Approved,2026-11-24,,Single product class,Available,5.5,http://www.expressluck.com,,5.51068390027356,https://reg.energyrating.gov.au/static/common/images/star_ratings_2014/EnergyStarRating_5.5_Star.eps,https://reg.energyrating.gov.au/static/common/images/star_ratings_2014/Star-rating-5.5.png,Internal,Analogue/Digital,AS/NZS 62087.1:2010,ATV4699,Greenhouse and Energy Minimum Standards (Televisions) Determination 2013
304,143134,KONKA,KUD75WT808AN,,New Zealand,China,189.274,15307.855004000001,LCD,0.33,0.0,0.0,161.64,8.0,8.15379435460369,592.0,Approved,2121-10-30,,Single product class,Available,5.0,,,5.151965446941944,https://reg.energyrating.gov.au/static/common/images/star_ratings_2014/EnergyStarRating_5_Star.eps,https://reg.energyrating.gov.au/static/common/images/star_ratings_2014/Star-rating-5.png,Internal,Digital,AS/NZS 62087.1:2010,ZTV0592,AS/NZS 62087.2.2:2011
305,143136,KOGAN,KALED40RT9220SVA,*****40*****,"Australia,Fiji,New Zealand",China,100.332,4261.934154240001,LCD (LED),-,-,-,34.52,N/A,N/A,151.0,Approved,2026-11-22,,Single product class,Available,6.0,http://www.expressluck.com,,6.025786528657009,https://reg.energyrating.gov.au/static/common/images/star_ratings_2014/EnergyStarRating_6_Star.eps,https://reg.energyrating.gov.au/static/common/images/star_ratings_2014/Star-rating-6.png,Internal,Analogue/Digital,AS/NZS 62087.1:2010,ATV4694,Greenhouse and Energy Minimum Standards (Televisions) Determination 2013
306,143136,KOGAN,KALED40RT9220SVB,*****40*****,"Australia,Fiji,New Zealand",China,100.332,4261.934154240001,LCD (LED),-,-,-,34.52,N/A,N/A,151.0,Approved,2026-11-22,,Single product class,Available,6.0,http://www.expressluck.com,,6.025786528657009,https://reg.energyrating.gov.au/static/common/images/star_ratings_2014/EnergyStarRating_6_Star.eps,https://reg.energyrating.gov.au/static/common/images/star_ratings_2014/Star-rating-6.png,Internal,Analogue/Digital,AS/NZS 62087.1:2010,ATV4694,Greenhouse and Energy Minimum Standards (Televisions) Determination 2013
307,143136,KOGAN,KALED40RT9220SVC,*****40*****,"Australia,Fiji,New Zealand",China,100.332,4261.934154240001,LCD (LED),-,-,-,34.52,N/A,N/A,151.0,Approved,2026-11-22,,Single product class,Available,6.0,http://www.expressluck.com,,6.025786528657009,https://reg.energyrating.gov.au/static/common/images/star_ratings_2014/EnergyStarRating_6_Star.eps,https://reg.energyrating.gov.au/static/common/images/star_ratings_2014/Star-rating-6.png,Internal,Analogue/Digital,AS/NZS 62087.1:2010,ATV4694,Greenhouse and Energy Minimum Standards (Televisions) Determination 2013
308,143136,KOGAN,KALED40RT9220SVD,*****40*****,"Australia,Fiji,New Zealand",China,100.332,4261.934154240001,LCD (LED),-,-,-,34.52,N/A,N/A,151.0,Approved,2026-11-22,,Single product class,Available,6.0,http://www.expressluck.com,,6.025786528657009,https://reg.energyrating.gov.au/static/common/images/star_ratings_2014/EnergyStarRating_6_Star.eps,https://reg.energyrating.gov.au/static/common/images/star_ratings_2014/Star-rating-6.png,Internal,Analogue/Digital,AS/NZS 62087.1:2010,ATV4694,Greenhouse and Energy Minimum Standards (Televisions) Determination 2013
309,143136,KOGAN,*****40*****,*****40*****,"Australia,Fiji,New Zealand",China,100.332,4261.934154240001,LCD (LED),-,-,-,34.52,N/A,N/A,151.0,Approved,2026-11-22,,Single product class,Available,6.0,http://www.expressluck.com,,6.025786528657009,https://reg.energyrating.gov.au/static/common/images/star_ratings_2014/EnergyStarRating_6_Star.eps,https://reg.energyrating.gov.au/static/common/images/star_ratings_2014/Star-rating-6.png,Internal,Analogue/Digital,AS/NZS 62087.1:2010,ATV4694,Greenhouse and Energy Minimum Standards (Televisions) Determination 2013
310,143167,LG,55UP801C0TB,,"Australia,New Zealand",Indonesia,138.783,8230.118400000001,LCD (LED),0.4,0.0,0.0,115.0,N/A,N/A,422.0,Approved,2026-11-24,,Single product class,Available,4.0,,,4.053423000980519,https://reg.energyrating.gov.au/static/common/images/star_ratings_2014/EnergyStarRating_4_Star.eps,https://reg.energyrating.gov.au/static/common/images/star_ratings_2014/Star-rating-4.png,Internal,Analogue/Digital,AS/NZS 62087.1:2010,ATV4701,Greenhouse and Energy Minimum Standards (Televisions) Determination 2013
311,143169,LG,65UP801C0TB,,"Australia,New Zealand",Indonesia,163.897,11477.9975,LCD (LED),0.4,0.0,0.0,144.0,N/A,N/A,528.0,Approved,2026-11-24,,Single product class,Available,4.0,,,4.439276071054277,https://reg.energyrating.gov.au/static/common/images/star_ratings_2014/EnergyStarRating_4_Star.eps,https://reg.energyrating.gov.au/static/common/images/star_ratings_2014/Star-rating-4.png,Internal,Analogue/Digital,AS/NZS 62087.1:2010,ATV4702,Greenhouse and Energy Minimum Standards (Televisions) Determination 2013
312,143170,Caixun,EC40V1FA,*****40*****,"Australia,Fiji,New Zealand",China,100.332,4261.934154240001,LCD (LED),-,-,-,34.52,N/A,N/A,151.0,Approved,2026-11-25,,Single product class,Available,6.0,http://www.expressluck.com,,6.025786528657009,https://reg.energyrating.gov.au/static/common/images/star_ratings_2014/EnergyStarRating_6_Star.eps,https://reg.energyrating.gov.au/static/common/images/star_ratings_2014/Star-rating-6.png,Internal,Analogue/Digital,AS/NZS 62087.1:2010,ATV4706,Greenhouse and Energy Minimum Standards (Televisions) Determination 2013
313,143170,Caixun,LE-40T1,*****40*****,"Australia,Fiji,New Zealand",China,100.332,4261.934154240001,LCD (LED),-,-,-,34.52,N/A,N/A,151.0,Approved,2026-11-25,,Single product class,Available,6.0,http://www.expressluck.com,,6.025786528657009,https://reg.energyrating.gov.au/static/common/images/star_ratings_2014/EnergyStarRating_6_Star.eps,https://reg.energyrating.gov.au/static/common/images/star_ratings_2014/Star-rating-6.png,Internal,Analogue/Digital,AS/NZS 62087.1:2010,ATV4706,Greenhouse and Energy Minimum Standards (Televisions) Determination 2013
314,143170,Caixun,LE-40T2,*****40*****,"Australia,Fiji,New Zealand",China,100.332,4261.934154240001,LCD (LED),-,-,-,34.52,N/A,N/A,151.0,Approved,2026-11-25,,Single product class,Available,6.0,http://www.expressluck.com,,6.025786528657009,https://reg.energyrating.gov.au/static/common/images/star_ratings_2014/EnergyStarRating_6_Star.eps,https://reg.energyrating.gov.au/static/common/images/star_ratings_2014/Star-rating-6.png,Internal,Analogue/Digital,AS/NZS 62087.1:2010,ATV4706,Greenhouse and Energy Minimum Standards (Televisions) Determination 2013
315,143170,Caixun,LE-40T3,*****40*****,"Australia,Fiji,New Zealand",China,100.332,4261.934154240001,LCD (LED),-,-,-,34.52,N/A,N/A,151.0,Approved,2026-11-25,,Single product class,Available,6.0,http://www.expressluck.com,,6.025786528657009,https://reg.energyrating.gov.au/static/common/images/star_ratings_2014/EnergyStarRating_6_Star.eps,https://reg.energyrating.gov.au/static/common/images/star_ratings_2014/Star-rating-6.png,Internal,Analogue/Digital,AS/NZS 62087.1:2010,ATV4706,Greenhouse and Energy Minimum Standards (Televisions) Determination 2013
316,143170,Caixun,LE-40V1,*****40*****,"Australia,Fiji,New Zealand",China,100.332,4261.934154240001,LCD (LED),-,-,-,34.52,N/A,N/A,151.0,Approved,2026-11-25,,Single product class,Available,6.0,http://www.expressluck.com,,6.025786528657009,https://reg.energyrating.gov.au/static/common/images/star_ratings_2014/EnergyStarRating_6_Star.eps,https://reg.energyrating.gov.au/static/common/images/star_ratings_2014/Star-rating-6.png,Internal,Analogue/Digital,AS/NZS 62087.1:2010,ATV4706,Greenhouse and Energy Minimum Standards (Televisions) Determination 2013
317,143170,Caixun,LE-40V2,*****40*****,"Australia,Fiji,New Zealand",China,100.332,4261.934154240001,LCD (LED),-,-,-,34.52,N/A,N/A,151.0,Approved,2026-11-25,,Single product class,Available,6.0,http://www.expressluck.com,,6.025786528657009,https://reg.energyrating.gov.au/static/common/images/star_ratings_2014/EnergyStarRating_6_Star.eps,https://reg.energyrating.gov.au/static/common/images/star_ratings_2014/Star-rating-6.png,Internal,Analogue/Digital,AS/NZS 62087.1:2010,ATV4706,Greenhouse and Energy Minimum Standards (Televisions) Determination 2013
318,143170,Caixun,LE-40V3,*****40*****,"Australia,Fiji,New Zealand",China,100.332,4261.934154240001,LCD (LED),-,-,-,34.52,N/A,N/A,151.0,Approved,2026-11-25,,Single product class,Available,6.0,http://www.expressluck.com,,6.025786528657009,https://reg.energyrating.gov.au/static/common/images/star_ratings_2014/EnergyStarRating_6_Star.eps,https://reg.energyrating.gov.au/static/common/images/star_ratings_2014/Star-rating-6.png,Internal,Analogue/Digital,AS/NZS 62087.1:2010,ATV4706,Greenhouse and Energy Minimum Standards (Televisions) Determination 2013
319,143170,Caixun,*****40*****,*****40*****,"Australia,Fiji,New Zealand",China,100.332,4261.934154240001,LCD (LED),-,-,-,34.52,N/A,N/A,151.0,Approved,2026-11-25,,Single product class,Available,6.0,http://www.expressluck.com,,6.025786528657009,https://reg.energyrating.gov.au/static/common/images/star_ratings_2014/EnergyStarRating_6_Star.eps,https://reg.energyrating.gov.au/static/common/images/star_ratings_2014/Star-rating-6.png,Internal,Analogue/Digital,AS/NZS 62087.1:2010,ATV4706,Greenhouse and Energy Minimum Standards (Televisions) Determination 2013
320,143215,BLAUPUNKT,BP2400HDV7100,,Australia,China,59.824,1528.86807072,LCD (LED),0.49,0.0,0.0,20.5,N/A,N/A,78.0,Approved,2026-11-25,,Single product class,Available,5.0,http://www.ayonz.com/,,5.399950059130963,https://reg.energyrating.gov.au/static/common/images/star_ratings_2014/EnergyStarRating_5_Star.eps,https://reg.energyrating.gov.au/static/common/images/star_ratings_2014/Star-rating-5.png,EPS,Analogue/Digital,AS/NZS 62087.1:2010,ATV4704,Greenhouse and Energy Minimum Standards (Televisions) Determination 2013
321,143234,SAMSUNG ELECTRONICS,UA65AU7002S,,"Australia,Fiji,New Zealand",China,163.896,11478.122496000002,LCD (LED),0.5,0.0,0.0,113.0,N/A,N/A,416.0,Approved,2026-11-30,,Single product class,Available,5.5,,http://www.samsung.com.au,5.50774202403524,https://reg.energyrating.gov.au/static/common/images/star_ratings_2014/EnergyStarRating_5.5_Star.eps,https://reg.energyrating.gov.au/static/common/images/star_ratings_2014/Star-rating-5.5.png,Internal,Digital,,ATV4721,Greenhouse and Energy Minimum Standards (Televisions) Determination 2013
322,143237,EKO,K430USGQ,,Australia,China,107.987,4982.77868544,LCD,0.41,0.0,0.0,51.49,N/A,N/A,191.0,Approved,2026-11-28,,Single product class,Available,5.5,http://www.ayonz.com/,,5.580525627381117,https://reg.energyrating.gov.au/static/common/images/star_ratings_2014/EnergyStarRating_5.5_Star.eps,https://reg.energyrating.gov.au/static/common/images/star_ratings_2014/Star-rating-5.5.png,Internal,Digital,AS/NZS 62087.1:2010,ATV4707,Greenhouse and Energy Minimum Standards (Televisions) Determination 2013
323,143238,EKO,K75QHZ,,Australia,China,189.34,15318.517823999999,LCD,0.35,0.0,0.0,227.32,N/A,N/A,832.0,Approved,2026-11-25,,Single product class,Available,3.5,http://www.ayonz.com/,,3.6298065505640733,https://reg.energyrating.gov.au/static/common/images/star_ratings_2014/EnergyStarRating_3.5_Star.eps,https://reg.energyrating.gov.au/static/common/images/star_ratings_2014/Star-rating-3.5.png,Internal,Digital,AS/NZS 62087.1:2010,ATV4705,Greenhouse and Energy Minimum Standards (Televisions) Determination 2013
324,143239,EKO,K750USG,,Australia,China,189.274,15307.826135039999,LCD,0.26,0.0,0.0,174.22,N/A,N/A,638.0,Approved,2026-11-28,,Single product class,Available,4.5,http://www.ayonz.com/,,4.816605310338746,https://reg.energyrating.gov.au/static/common/images/star_ratings_2014/EnergyStarRating_4.5_Star.eps,https://reg.energyrating.gov.au/static/common/images/star_ratings_2014/Star-rating-4.5.png,Internal,Digital,AS/NZS 62087.1:2010,ATV4708,Greenhouse and Energy Minimum Standards (Televisions) Determination 2013
325,143240,EKO,K500USG,,Australia,China,125.731,6754.867344,LCD,0.41,0.0,0.0,54.82,N/A,N/A,203.0,Approved,2026-11-29,,Single product class,Available,6.0,http://www.ayonz.com/,,6.523778740910417,https://reg.energyrating.gov.au/static/common/images/star_ratings_2014/EnergyStarRating_6_Star.eps,https://reg.energyrating.gov.au/static/common/images/star_ratings_2014/Star-rating-6.png,Internal,Digital,AS/NZS 62087.1:2010,ATV4709,Greenhouse and Energy Minimum Standards (Televisions) Determination 2013
326,143272,LG,65QNED91SQA,,"Australia,New Zealand",Indonesia,163.897,11477.9975,LCD (LED),0.4,0.0,0.0,120.0,N/A,N/A,440.0,Approved,2026-11-30,,Single product class,Available,5.0,,,5.256335563565565,https://reg.energyrating.gov.au/static/common/images/star_ratings_2014/EnergyStarRating_5_Star.eps,https://reg.energyrating.gov.au/static/common/images/star_ratings_2014/Star-rating-5.png,Internal,Analogue/Digital,AS/NZS 62087.1:2010,ATV4714,Greenhouse and Energy Minimum Standards (Televisions) Determination 2013
327,143273,LG,75QNED91SQA,,"Australia,New Zealand",Indonesia,189.275,15307.5663,LCD (LED),0.4,0.0,0.0,158.0,N/A,N/A,579.0,Approved,2026-11-30,,Single product class,Available,5.0,,,5.25139078204,https://reg.energyrating.gov.au/static/common/images/star_ratings_2014/EnergyStarRating_5_Star.eps,https://reg.energyrating.gov.au/static/common/images/star_ratings_2014/Star-rating-5.png,Internal,Analogue/Digital,AS/NZS 62087.1:2010,ATV4715,Greenhouse and Energy Minimum Standards (Televisions) Determination 2013
328,143274,LG,75QNED916QA,,"Australia,New Zealand",Indonesia,189.275,15307.5663,LCD (LED),0.4,0.0,0.0,158.0,N/A,N/A,579.0,Approved,2026-11-30,,Single product class,Available,5.0,,,5.25139078204,https://reg.energyrating.gov.au/static/common/images/star_ratings_2014/EnergyStarRating_5_Star.eps,https://reg.energyrating.gov.au/static/common/images/star_ratings_2014/Star-rating-5.png,Internal,Analogue/Digital,AS/NZS 62087.1:2010,ATV4713,Greenhouse and Energy Minimum Standards (Televisions) Determination 2013
329,143275,LG,86QNED91SQA,,"Australia,New Zealand",Indonesia,217.425,20200.7,LCD (LED),0.4,0.0,0.0,184.0,N/A,N/A,674.0,Approved,2026-11-30,,Single product class,Available,5.5,,,5.765807692130701,https://reg.energyrating.gov.au/static/common/images/star_ratings_2014/EnergyStarRating_5.5_Star.eps,https://reg.energyrating.gov.au/static/common/images/star_ratings_2014/Star-rating-5.5.png,Internal,Analogue/Digital,AS/NZS 62087.1:2010,ATV4716,Greenhouse and Energy Minimum Standards (Televisions) Determination 2013
330,143276,LG,86QNED916QA,,"Australia,New Zealand",Indonesia,217.425,20200.7,LCD (LED),0.4,0.0,0.0,184.0,N/A,N/A,674.0,Approved,2026-11-30,,Single product class,Available,5.5,,,5.765807692130701,https://reg.energyrating.gov.au/static/common/images/star_ratings_2014/EnergyStarRating_5.5_Star.eps,https://reg.energyrating.gov.au/static/common/images/star_ratings_2014/Star-rating-5.5.png,Internal,Analogue/Digital,AS/NZS 62087.1:2010,ATV4712,Greenhouse and Energy Minimum Standards (Televisions) Determination 2013
331,143277,LG,OLED48A2PSA,,"Australia,New Zealand",Indonesia,120.721,6226.9196,OLED,0.4,0.0,0.0,76.0,N/A,N/A,280.0,Approved,2026-11-30,,Single product class,Available,4.5,,,4.753473125119566,https://reg.energyrating.gov.au/static/common/images/star_ratings_2014/EnergyStarRating_4.5_Star.eps,https://reg.energyrating.gov.au/static/common/images/star_ratings_2014/Star-rating-4.5.png,Internal,Analogue/Digital,AS/NZS 62087.1:2010,ATV4717,Greenhouse and Energy Minimum Standards (Televisions) Determination 2013
332,143278,LG,OLED55A2PSA,,"Australia,New Zealand",Indonesia,138.783,8230.118400000001,OLED,0.4,0.0,0.0,86.0,N/A,N/A,316.0,Approved,2026-11-30,,Single product class,Available,5.0,,,5.349732478648492,https://reg.energyrating.gov.au/static/common/images/star_ratings_2014/EnergyStarRating_5_Star.eps,https://reg.energyrating.gov.au/static/common/images/star_ratings_2014/Star-rating-5.png,Internal,Analogue/Digital,AS/NZS 62087.1:2010,ATV4711,Greenhouse and Energy Minimum Standards (Televisions) Determination 2013
333,143279,LG,OLED55A26LA,,"Australia,New Zealand",Indonesia,138.783,8230.118400000001,OLED,0.4,0.0,0.0,86.0,N/A,N/A,316.0,Approved,2026-11-30,,Single product class,Available,5.0,,,5.349732478648492,https://reg.energyrating.gov.au/static/common/images/star_ratings_2014/EnergyStarRating_5_Star.eps,https://reg.energyrating.gov.au/static/common/images/star_ratings_2014/Star-rating-5.png,Internal,Analogue/Digital,AS/NZS 62087.1:2010,ATV4718,Greenhouse and Energy Minimum Standards (Televisions) Determination 2013
334,143280,LG,OLED55B2PSA,,"Australia,New Zealand",Indonesia,138.783,8230.118400000001,OLED,0.4,0.0,0.0,102.0,N/A,N/A,375.0,Approved,2026-11-30,,Single product class,Available,4.5,,,4.582585898004297,https://reg.energyrating.gov.au/static/common/images/star_ratings_2014/EnergyStarRating_4.5_Star.eps,https://reg.energyrating.gov.au/static/common/images/star_ratings_2014/Star-rating-4.5.png,Internal,Analogue/Digital,AS/NZS 62087.1:2010,ATV4710,Greenhouse and Energy Minimum Standards (Televisions) Determination 2013
335,143281,LG,OLED55C2PSC,,"Australia,New Zealand",Indonesia,138.783,8230.118400000001,OLED,0.4,0.0,0.0,95.0,N/A,N/A,349.0,Approved,2026-11-30,,Single product class,Available,4.5,,,4.904594324171205,https://reg.energyrating.gov.au/static/common/images/star_ratings_2014/EnergyStarRating_4.5_Star.eps,https://reg.energyrating.gov.au/static/common/images/star_ratings_2014/Star-rating-4.5.png,Internal,Analogue/Digital,AS/NZS 62087.1:2010,ATV4719,Greenhouse and Energy Minimum Standards (Televisions) Determination 2013
336,143282,LG,OLED55C24LA,,"Australia,New Zealand",Indonesia,138.783,8230.118400000001,OLED,0.4,0.0,0.0,95.0,N/A,N/A,349.0,Approved,2026-12-02,,Single product class,Available,4.5,,,4.904594324171205,https://reg.energyrating.gov.au/static/common/images/star_ratings_2014/EnergyStarRating_4.5_Star.eps,https://reg.energyrating.gov.au/static/common/images/star_ratings_2014/Star-rating-4.5.png,Internal,Analogue/Digital,AS/NZS 62087.1:2010,ATV4730,Greenhouse and Energy Minimum Standards (Televisions) Determination 2013
337,143283,LG,OLED65A2PSA,,"Australia,New Zealand",Indonesia,163.897,11477.9975,OLED,0.4,0.0,0.0,107.0,N/A,N/A,393.0,Approved,2026-12-02,,Single product class,Available,5.5,,,5.762579702720538,https://reg.energyrating.gov.au/static/common/images/star_ratings_2014/EnergyStarRating_5.5_Star.eps,https://reg.energyrating.gov.au/static/common/images/star_ratings_2014/Star-rating-5.5.png,Internal,Analogue/Digital,AS/NZS 62087.1:2010,ATV4722,Greenhouse and Energy Minimum Standards (Televisions) Determination 2013
338,143284,LG,OLED65A26LA,,"Australia,New Zealand",Indonesia,163.897,11477.9975,OLED,0.4,0.0,0.0,107.0,N/A,N/A,393.0,Approved,2026-12-02,,Single product class,Available,5.5,,,5.762579702720538,https://reg.energyrating.gov.au/static/common/images/star_ratings_2014/EnergyStarRating_5.5_Star.eps,https://reg.energyrating.gov.au/static/common/images/star_ratings_2014/Star-rating-5.5.png,Internal,Analogue/Digital,AS/NZS 62087.1:2010,ATV4729,Greenhouse and Energy Minimum Standards (Televisions) Determination 2013
339,143285,LG,OLED65B2PSA,,"Australia,New Zealand",Indonesia,163.897,11477.9975,OLED,0.4,0.0,0.0,126.0,N/A,N/A,462.0,Approved,2026-12-02,,Single product class,Available,5.0,,,5.037686340309588,https://reg.energyrating.gov.au/static/common/images/star_ratings_2014/EnergyStarRating_5_Star.eps,https://reg.energyrating.gov.au/static/common/images/star_ratings_2014/Star-rating-5.png,Internal,Analogue/Digital,AS/NZS 62087.1:2010,ATV4723,Greenhouse and Energy Minimum Standards (Televisions) Determination 2013
340,143286,LG,OLED65C2PSC,,"Australia,New Zealand",Indonesia,163.897,11477.9975,OLED,0.4,0.0,0.0,112.0,N/A,N/A,411.0,Approved,2026-12-05,,Single product class,Available,5.5,,,5.561885564963837,https://reg.energyrating.gov.au/static/common/images/star_ratings_2014/EnergyStarRating_5.5_Star.eps,https://reg.energyrating.gov.au/static/common/images/star_ratings_2014/Star-rating-5.5.png,Internal,Analogue/Digital,AS/NZS 62087.1:2010,ATV4731,Greenhouse and Energy Minimum Standards (Televisions) Determination 2013
341,143287,LG,OLED65C24LA,,"Australia,New Zealand",Indonesia,163.897,11477.9975,OLED,0.4,0.0,0.0,112.0,N/A,N/A,411.0,Approved,2026-12-02,,Single product class,Available,5.5,,,5.561885564963837,https://reg.energyrating.gov.au/static/common/images/star_ratings_2014/EnergyStarRating_5.5_Star.eps,https://reg.energyrating.gov.au/static/common/images/star_ratings_2014/Star-rating-5.5.png,Internal,Analogue/Digital,AS/NZS 62087.1:2010,ATV4724,Greenhouse and Energy Minimum Standards (Televisions) Determination 2013
342,143288,LG,OLED77C2PSC,,"Australia,New Zealand",Indonesia,194.738,16204.123099999999,OLED,0.4,0.0,0.0,140.0,N/A,N/A,513.0,Approved,2026-12-02,,Single product class,Available,6.0,,,6.037976930458328,https://reg.energyrating.gov.au/static/common/images/star_ratings_2014/EnergyStarRating_6_Star.eps,https://reg.energyrating.gov.au/static/common/images/star_ratings_2014/Star-rating-6.png,Internal,Analogue/Digital,AS/NZS 62087.1:2010,ATV4728,Greenhouse and Energy Minimum Standards (Televisions) Determination 2013
343,143289,LG,OLED77C24LA,,"Australia,New Zealand",Indonesia,194.738,16204.123099999999,OLED,0.4,0.0,0.0,140.0,N/A,N/A,513.0,Approved,2026-12-02,,Single product class,Available,6.0,,,6.037976930458328,https://reg.energyrating.gov.au/static/common/images/star_ratings_2014/EnergyStarRating_6_Star.eps,https://reg.energyrating.gov.au/static/common/images/star_ratings_2014/Star-rating-6.png,Internal,Analogue/Digital,AS/NZS 62087.1:2010,ATV4725,Greenhouse and Energy Minimum Standards (Televisions) Determination 2013
344,143290,LG,OLED83C2PSA,,"Australia,New Zealand",Indonesia,209.585,18769.3425,OLED,0.4,0.0,0.0,179.0,N/A,N/A,656.0,Approved,2026-12-02,,Single product class,Available,5.5,,,5.569202635476063,https://reg.energyrating.gov.au/static/common/images/star_ratings_2014/EnergyStarRating_5.5_Star.eps,https://reg.energyrating.gov.au/static/common/images/star_ratings_2014/Star-rating-5.5.png,Internal,Analogue/Digital,AS/NZS 62087.1:2010,ATV4727,Greenhouse and Energy Minimum Standards (Televisions) Determination 2013
345,143291,LG,OLED83C24LA,,"Australia,New Zealand",Indonesia,209.585,18769.3425,OLED,0.4,0.0,0.0,179.0,N/A,N/A,656.0,Approved,2026-12-02,,Single product class,Available,5.5,,,5.569202635476063,https://reg.energyrating.gov.au/static/common/images/star_ratings_2014/EnergyStarRating_5.5_Star.eps,https://reg.energyrating.gov.au/static/common/images/star_ratings_2014/Star-rating-5.5.png,Internal,Analogue/Digital,AS/NZS 62087.1:2010,ATV4726,Greenhouse and Energy Minimum Standards (Televisions) Determination 2013
346,143338,BAUHN,ATV42FHDW-1221,,Australia,China,105.396,4684.68,LCD,0.4,0.0,0.0,42.3,N/A,N/A,157.0,Approved,2026-11-30,,Single product class,Available,6.0,,http://www.tempoaustralia.com,6.2175519584591425,https://reg.energyrating.gov.au/static/common/images/star_ratings_2014/EnergyStarRating_6_Star.eps,https://reg.energyrating.gov.au/static/common/images/star_ratings_2014/Star-rating-6.png,Internal,Digital,AS/NZS 62087.1:2010,ATV4720,Greenhouse and Energy Minimum Standards (Televisions) Determination 2013
347,143415,JVC,JV65ID7A2021QN,,New Zealand,China,163.878,11481.120000000003,LCD (LED),0.34,0.34,7.0,160.0,6.0,6.650701345783864,630.0,Approved,2121-11-14,,Single product class,Available,3.5,,https://www.thewarehouse.co.nz/,3.6489006861400743,https://reg.energyrating.gov.au/static/common/images/star_ratings_2014/EnergyStarRating_3.5_Star.eps,https://reg.energyrating.gov.au/static/common/images/star_ratings_2014/Star-rating-3.5.png,Internal,Analogue/Digital,AS/NZS 62087.1:2010,ZTV0600,AS/NZS 62087.2.2:2011
348,143446,LG,OLED42C2PSA,,"Australia,New Zealand",Indonesia,105.52,4757.6080999999995,OLED,0.4,0.0,0.0,63.0,N/A,N/A,232.0,Approved,2026-12-14,,Single product class,Available,4.5,,,4.527878970799845,https://reg.energyrating.gov.au/static/common/images/star_ratings_2014/EnergyStarRating_4.5_Star.eps,https://reg.energyrating.gov.au/static/common/images/star_ratings_2014/Star-rating-4.5.png,Internal,Analogue/Digital,AS/NZS 62087.1:2010,ATV4762,Greenhouse and Energy Minimum Standards (Televisions) Determination 2013
349,143447,LG,OLED42C24LA,,"Australia,New Zealand",Indonesia,105.52,4757.6080999999995,OLED,0.4,0.0,0.0,63.0,N/A,N/A,232.0,Approved,2026-12-14,,Single product class,Available,4.5,,,4.527878970799845,https://reg.energyrating.gov.au/static/common/images/star_ratings_2014/EnergyStarRating_4.5_Star.eps,https://reg.energyrating.gov.au/static/common/images/star_ratings_2014/Star-rating-4.5.png,Internal,Analogue/Digital,AS/NZS 62087.1:2010,ATV4755,Greenhouse and Energy Minimum Standards (Televisions) Determination 2013
350,143448,LG,OLED48C2PSA,,"Australia,New Zealand",Indonesia,120.721,6226.9196,OLED,0.4,0.0,0.0,77.0,N/A,N/A,284.0,Approved,2026-12-14,,Single product class,Available,4.5,,,4.689905816504032,https://reg.energyrating.gov.au/static/common/images/star_ratings_2014/EnergyStarRating_4.5_Star.eps,https://reg.energyrating.gov.au/static/common/images/star_ratings_2014/Star-rating-4.5.png,Internal,Analogue/Digital,AS/NZS 62087.1:2010,ATV4761,Greenhouse and Energy Minimum Standards (Televisions) Determination 2013
351,143449,LG,OLED48C24LA,,"Australia,New Zealand",Indonesia,120.721,6226.9196,OLED,0.4,0.0,0.0,77.0,N/A,N/A,284.0,Approved,2026-12-14,,Single product class,Available,4.5,,,4.689905816504032,https://reg.energyrating.gov.au/static/common/images/star_ratings_2014/EnergyStarRating_4.5_Star.eps,https://reg.energyrating.gov.au/static/common/images/star_ratings_2014/Star-rating-4.5.png,Internal,Analogue/Digital,AS/NZS 62087.1:2010,ATV4756,Greenhouse and Energy Minimum Standards (Televisions) Determination 2013
352,143450,LG,43NANO75SQA,,"Australia,New Zealand",Indonesia,107.987,4982.7128,LCD (LED),0.4,0.0,0.0,75.0,N/A,N/A,276.0,Approved,2026-12-13,,Single product class,Available,3.5,,,3.9307399679175017,https://reg.energyrating.gov.au/static/common/images/star_ratings_2014/EnergyStarRating_3.5_Star.eps,https://reg.energyrating.gov.au/static/common/images/star_ratings_2014/Star-rating-3.5.png,Internal,Analogue/Digital,AS/NZS 62087.1:2010,ATV4742,Greenhouse and Energy Minimum Standards (Televisions) Determination 2013
353,143451,LG,43NANO756QA,,"Australia,New Zealand",Indonesia,107.987,4982.7128,LCD (LED),0.4,0.0,0.0,75.0,N/A,N/A,276.0,Approved,2026-12-14,,Single product class,Available,3.5,,,3.9307399679175017,https://reg.energyrating.gov.au/static/common/images/star_ratings_2014/EnergyStarRating_3.5_Star.eps,https://reg.energyrating.gov.au/static/common/images/star_ratings_2014/Star-rating-3.5.png,Internal,Analogue/Digital,AS/NZS 62087.1:2010,ATV4757,Greenhouse and Energy Minimum Standards (Televisions) Determination 2013
354,143454,LG,43UQ75006LF,,"Australia,New Zealand",Indonesia,107.987,4982.7128,LCD (LED),0.4,0.0,0.0,77.0,N/A,N/A,284.0,Approved,2026-12-14,,Single product class,Available,3.5,,,3.8026906818154727,https://reg.energyrating.gov.au/static/common/images/star_ratings_2014/EnergyStarRating_3.5_Star.eps,https://reg.energyrating.gov.au/static/common/images/star_ratings_2014/Star-rating-3.5.png,Internal,Analogue/Digital,AS/NZS 62087.1:2010,ATV4760,Greenhouse and Energy Minimum Standards (Televisions) Determination 2013
355,143455,LG,50NANO75SQA,,"Australia,New Zealand",Indonesia,125.727,6754.5112,LCD (LED),0.4,0.0,0.0,90.0,N/A,N/A,331.0,Approved,2026-12-13,,Single product class,Available,4.0,,,4.332542803819169,https://reg.energyrating.gov.au/static/common/images/star_ratings_2014/EnergyStarRating_4_Star.eps,https://reg.energyrating.gov.au/static/common/images/star_ratings_2014/Star-rating-4.png,Internal,Analogue/Digital,AS/NZS 62087.1:2010,ATV4743,Greenhouse and Energy Minimum Standards (Televisions) Determination 2013
356,143457,LG,50NANO756QA,,"Australia,New Zealand",Indonesia,125.727,6754.5112,LCD (LED),0.4,0.0,0.0,90.0,N/A,N/A,331.0,Approved,2026-12-15,,Single product class,Available,4.0,,,4.332542803819169,https://reg.energyrating.gov.au/static/common/images/star_ratings_2014/EnergyStarRating_4_Star.eps,https://reg.energyrating.gov.au/static/common/images/star_ratings_2014/Star-rating-4.png,Internal,Analogue/Digital,AS/NZS 62087.1:2010,ATV4763,Greenhouse and Energy Minimum Standards (Televisions) Determination 2013
357,143458,LG,50QNED80SQA,,"Australia,New Zealand",Indonesia,125.727,6754.5112,LCD (LED),0.4,0.0,0.0,80.0,N/A,N/A,295.0,Approved,2026-12-14,,Single product class,Available,4.5,,,4.8485470457482105,https://reg.energyrating.gov.au/static/common/images/star_ratings_2014/EnergyStarRating_4.5_Star.eps,https://reg.energyrating.gov.au/static/common/images/star_ratings_2014/Star-rating-4.5.png,Internal,Analogue/Digital,AS/NZS 62087.1:2010,ATV4759,Greenhouse and Energy Minimum Standards (Televisions) Determination 2013
358,143459,LG,50QNED806QA,,"Australia,New Zealand",Indonesia,125.727,6754.5112,LCD (LED),0.4,0.0,0.0,80.0,N/A,N/A,295.0,Approved,2027-01-13,,Single product class,Available,4.5,,,4.8485470457482105,https://reg.energyrating.gov.au/static/common/images/star_ratings_2014/EnergyStarRating_4.5_Star.eps,https://reg.energyrating.gov.au/static/common/images/star_ratings_2014/Star-rating-4.5.png,Internal,Analogue/Digital,AS/NZS 62087.1:2010,ATV4828,Greenhouse and Energy Minimum Standards (Televisions) Determination 2013
359,143460,LG,50UQ80006LB,,"Australia,New Zealand",Indonesia,125.727,6754.5112,LCD (LED),0.4,0.0,0.0,78.0,N/A,N/A,287.0,Approved,2027-01-18,,Single product class,Available,4.5,,,4.971755359043742,https://reg.energyrating.gov.au/static/common/images/star_ratings_2014/EnergyStarRating_4.5_Star.eps,https://reg.energyrating.gov.au/static/common/images/star_ratings_2014/Star-rating-4.5.png,Internal,Analogue/Digital,AS/NZS 62087.1:2010,ATV4854,Greenhouse and Energy Minimum Standards (Televisions) Determination 2013
360,143462,LG,55NANO75SQA,,"Australia,New Zealand",Indonesia,138.783,8230.118400000001,LCD (LED),0.4,0.0,0.0,114.0,N/A,N/A,419.0,Approved,2026-12-13,,Single product class,Available,4.0,,,4.08539521829021,https://reg.energyrating.gov.au/static/common/images/star_ratings_2014/EnergyStarRating_4_Star.eps,https://reg.energyrating.gov.au/static/common/images/star_ratings_2014/Star-rating-4.png,Internal,Analogue/Digital,AS/NZS 62087.1:2010,ATV4741,Greenhouse and Energy Minimum Standards (Televisions) Determination 2013
361,143463,LG,55NANO756QA,,"Australia,New Zealand",Indonesia,138.783,8230.118400000001,LCD (LED),0.4,0.0,0.0,114.0,N/A,N/A,419.0,Approved,2027-01-13,,Single product class,Available,4.0,,,4.08539521829021,https://reg.energyrating.gov.au/static/common/images/star_ratings_2014/EnergyStarRating_4_Star.eps,https://reg.energyrating.gov.au/static/common/images/star_ratings_2014/Star-rating-4.png,Internal,Analogue/Digital,AS/NZS 62087.1:2010,ATV4827,Greenhouse and Energy Minimum Standards (Televisions) Determination 2013
362,143464,LG,55QNED80SQA,,"Australia,New Zealand",Indonesia,138.783,8230.118400000001,LCD (LED),0.4,0.0,0.0,94.0,N/A,N/A,346.0,Approved,2026-12-13,,Single product class,Available,4.5,,,4.9432830834647525,https://reg.energyrating.gov.au/static/common/images/star_ratings_2014/EnergyStarRating_4.5_Star.eps,https://reg.energyrating.gov.au/static/common/images/star_ratings_2014/Star-rating-4.5.png,Internal,Analogue/Digital,AS/NZS 62087.1:2010,ATV4740,Greenhouse and Energy Minimum Standards (Televisions) Determination 2013
363,143465,LG,55QNED806QA,,"Australia,New Zealand",Indonesia,138.783,8230.118400000001,LCD (LED),0.4,0.0,0.0,94.0,N/A,N/A,346.0,Approved,2027-01-13,,Single product class,Available,4.5,,,4.9432830834647525,https://reg.energyrating.gov.au/static/common/images/star_ratings_2014/EnergyStarRating_4.5_Star.eps,https://reg.energyrating.gov.au/static/common/images/star_ratings_2014/Star-rating-4.5.png,Internal,Analogue/Digital,AS/NZS 62087.1:2010,ATV4826,Greenhouse and Energy Minimum Standards (Televisions) Determination 2013
364,143466,LG,55UQ80006LB,,"Australia,New Zealand",Indonesia,138.783,8230.118400000001,LCD (LED),0.4,0.0,0.0,98.0,N/A,N/A,360.0,Approved,2027-01-13,,Single product class,Available,4.5,,,4.765526405493008,https://reg.energyrating.gov.au/static/common/images/star_ratings_2014/EnergyStarRating_4.5_Star.eps,https://reg.energyrating.gov.au/static/common/images/star_ratings_2014/Star-rating-4.5.png,Internal,Analogue/Digital,AS/NZS 62087.1:2010,ATV4825,Greenhouse and Energy Minimum Standards (Televisions) Determination 2013
365,143467,LG,65NANO75SQA,,"Australia,New Zealand",Indonesia,163.897,11477.9975,LCD (LED),0.4,0.0,0.0,144.0,N/A,N/A,528.0,Approved,2026-12-13,,Single product class,Available,4.0,,,4.439276071054277,https://reg.energyrating.gov.au/static/common/images/star_ratings_2014/EnergyStarRating_4_Star.eps,https://reg.energyrating.gov.au/static/common/images/star_ratings_2014/Star-rating-4.png,Internal,Analogue/Digital,AS/NZS 62087.1:2010,ATV4744,Greenhouse and Energy Minimum Standards (Televisions) Determination 2013
366,143469,LG,65NANO756QA,,"Australia,New Zealand",Indonesia,163.897,11477.9975,LCD (LED),0.4,0.0,0.0,144.0,N/A,N/A,528.0,Approved,2027-01-13,,Single product class,Available,4.0,,,4.439276071054277,https://reg.energyrating.gov.au/static/common/images/star_ratings_2014/EnergyStarRating_4_Star.eps,https://reg.energyrating.gov.au/static/common/images/star_ratings_2014/Star-rating-4.png,Internal,Analogue/Digital,AS/NZS 62087.1:2010,ATV4824,Greenhouse and Energy Minimum Standards (Televisions) Determination 2013
367,143470,LG,65QNED80SQA,,"Australia,New Zealand",Indonesia,163.897,11477.9975,LCD (LED),0.4,0.0,0.0,118.0,N/A,N/A,433.0,Approved,2026-12-13,,Single product class,Available,5.0,,,5.328204093107946,https://reg.energyrating.gov.au/static/common/images/star_ratings_2014/EnergyStarRating_5_Star.eps,https://reg.energyrating.gov.au/static/common/images/star_ratings_2014/Star-rating-5.png,Internal,Analogue/Digital,AS/NZS 62087.1:2010,ATV4739,Greenhouse and Energy Minimum Standards (Televisions) Determination 2013
368,143471,LG,65QNED806QA,,"Australia,New Zealand",Indonesia,163.897,11477.9975,LCD (LED),0.4,0.0,0.0,118.0,N/A,N/A,433.0,Approved,2027-01-13,,Single product class,Available,5.0,,,5.328204093107946,https://reg.energyrating.gov.au/static/common/images/star_ratings_2014/EnergyStarRating_5_Star.eps,https://reg.energyrating.gov.au/static/common/images/star_ratings_2014/Star-rating-5.png,Internal,Analogue/Digital,AS/NZS 62087.1:2010,ATV4823,Greenhouse and Energy Minimum Standards (Televisions) Determination 2013
369,143472,LG,65UQ91006LA,,"Australia,New Zealand",Indonesia,163.897,11477.9975,LCD (LED),0.4,0.0,0.0,148.0,N/A,N/A,543.0,Approved,2027-01-13,,Single product class,Available,4.0,,,4.313737886945033,https://reg.energyrating.gov.au/static/common/images/star_ratings_2014/EnergyStarRating_4_Star.eps,https://reg.energyrating.gov.au/static/common/images/star_ratings_2014/Star-rating-4.png,Internal,Analogue/Digital,AS/NZS 62087.1:2010,ATV4822,Greenhouse and Energy Minimum Standards (Televisions) Determination 2013
370,143473,LG,75NANO75SQA,,"Australia,New Zealand",Indonesia,189.275,15307.5663,LCD (LED),0.4,0.0,0.0,181.0,N/A,N/A,663.0,Approved,2026-12-13,,Single product class,Available,4.5,,,4.644281538618003,https://reg.energyrating.gov.au/static/common/images/star_ratings_2014/EnergyStarRating_4.5_Star.eps,https://reg.energyrating.gov.au/static/common/images/star_ratings_2014/Star-rating-4.5.png,Internal,Analogue/Digital,AS/NZS 62087.1:2010,ATV4745,Greenhouse and Energy Minimum Standards (Televisions) Determination 2013
371,143474,LG,75NANO756QA,,"Australia,New Zealand",Indonesia,189.275,15307.5663,LCD (LED),0.4,0.0,0.0,181.0,N/A,N/A,663.0,Approved,2027-01-18,,Single product class,Available,4.5,,,4.644281538618003,https://reg.energyrating.gov.au/static/common/images/star_ratings_2014/EnergyStarRating_4.5_Star.eps,https://reg.energyrating.gov.au/static/common/images/star_ratings_2014/Star-rating-4.5.png,Internal,Analogue/Digital,AS/NZS 62087.1:2010,ATV4853,Greenhouse and Energy Minimum Standards (Televisions) Determination 2013
372,143475,LG,75QNED80SQA,,"Australia,New Zealand",Indonesia,189.275,15307.5663,LCD (LED),0.4,0.0,0.0,134.0,N/A,N/A,492.0,Approved,2026-12-13,,Single product class,Available,5.5,,,5.981072460590566,https://reg.energyrating.gov.au/static/common/images/star_ratings_2014/EnergyStarRating_5.5_Star.eps,https://reg.energyrating.gov.au/static/common/images/star_ratings_2014/Star-rating-5.5.png,Internal,Analogue/Digital,AS/NZS 62087.1:2010,ATV4746,Greenhouse and Energy Minimum Standards (Televisions) Determination 2013
373,143476,LG,75QNED806QA,,"Australia,New Zealand",Indonesia,189.275,15307.5663,LCD (LED),0.4,0.0,0.0,134.0,N/A,N/A,492.0,Approved,2027-01-16,,Single product class,Available,5.5,,,5.981072460590566,https://reg.energyrating.gov.au/static/common/images/star_ratings_2014/EnergyStarRating_5.5_Star.eps,https://reg.energyrating.gov.au/static/common/images/star_ratings_2014/Star-rating-5.5.png,Internal,Analogue/Digital,AS/NZS 62087.1:2010,ATV4839,Greenhouse and Energy Minimum Standards (Televisions) Determination 2013
374,143477,LG,75QNED96SQA,,"Australia,New Zealand",Indonesia,189.275,15307.5663,LCD (LED),0.4,0.0,0.0,172.0,N/A,N/A,630.0,Approved,2027-01-16,,Single product class,Available,4.5,,,4.873081208156259,https://reg.energyrating.gov.au/static/common/images/star_ratings_2014/EnergyStarRating_4.5_Star.eps,https://reg.energyrating.gov.au/static/common/images/star_ratings_2014/Star-rating-4.5.png,Internal,Analogue/Digital,AS/NZS 62087.1:2010,ATV4838,Greenhouse and Energy Minimum Standards (Televisions) Determination 2013
375,143479,LG,86NANO75SQA,,"Australia,New Zealand",Indonesia,217.425,20200.7,LCD (LED),0.4,0.0,0.0,250.0,N/A,N/A,915.0,Approved,2026-12-13,,Single product class,Available,4.0,,,4.395864655180622,https://reg.energyrating.gov.au/static/common/images/star_ratings_2014/EnergyStarRating_4_Star.eps,https://reg.energyrating.gov.au/static/common/images/star_ratings_2014/Star-rating-4.png,Internal,Analogue/Digital,AS/NZS 62087.1:2010,ATV4747,Greenhouse and Energy Minimum Standards (Televisions) Determination 2013
376,143480,LG,86NANO756QA,,"Australia,New Zealand",Indonesia,217.425,20200.7,LCD (LED),0.4,0.0,0.0,250.0,N/A,N/A,915.0,Approved,2027-01-16,,Single product class,Available,4.0,,,4.395864655180622,https://reg.energyrating.gov.au/static/common/images/star_ratings_2014/EnergyStarRating_4_Star.eps,https://reg.energyrating.gov.au/static/common/images/star_ratings_2014/Star-rating-4.png,Internal,Analogue/Digital,AS/NZS 62087.1:2010,ATV4837,Greenhouse and Energy Minimum Standards (Televisions) Determination 2013
377,143481,LG,86UQ9000PSD,,"Australia,New Zealand",Indonesia,217.425,20200.7,LCD (LED),0.4,0.0,0.0,250.0,N/A,N/A,915.0,Approved,2026-12-15,,Single product class,Available,4.0,,,4.395864655180622,https://reg.energyrating.gov.au/static/common/images/star_ratings_2014/EnergyStarRating_4_Star.eps,https://reg.energyrating.gov.au/static/common/images/star_ratings_2014/Star-rating-4.png,Internal,Analogue/Digital,AS/NZS 62087.1:2010,ATV4764,Greenhouse and Energy Minimum Standards (Televisions) Determination 2013
378,143486,METZ,86MUC8500A,,"Australia,Fiji,New Zealand",China,217.427,20200.368384,LCD (LED),0.41,0.53,4.0,214.72,N/A,N/A,893.0,Approved,2026-12-05,,Single product class,Available,4.5,,,4.504860044520296,https://reg.energyrating.gov.au/static/common/images/star_ratings_2014/EnergyStarRating_4.5_Star.eps,https://reg.energyrating.gov.au/static/common/images/star_ratings_2014/Star-rating-4.5.png,Internal,Analogue/Digital,AS/NZS 62087.1:2010,ATV4732,Greenhouse and Energy Minimum Standards (Televisions) Determination 2013
379,143524,SAMSUNG ELECTRONICS,QA55Q70BAW,QA55Q70BA*,"Australia,Fiji,New Zealand",Vietnam,138.783,8230.118400000001,LCD (LED),0.5,0.0,0.0,114.0,N/A,N/A,419.0,Approved,2026-12-14,,Single product class,Available,4.0,,http://www.samsung.com.au,4.08539521829021,https://reg.energyrating.gov.au/static/common/images/star_ratings_2014/EnergyStarRating_4_Star.eps,https://reg.energyrating.gov.au/static/common/images/star_ratings_2014/Star-rating-4.png,Internal,Digital,,ATV4751,Greenhouse and Energy Minimum Standards (Televisions) Determination 2013
380,143524,SAMSUNG ELECTRONICS,QA55Q70BAS,QA55Q70BA*,"Australia,Fiji,New Zealand",Vietnam,138.783,8230.118400000001,LCD (LED),0.5,0.0,0.0,114.0,N/A,N/A,419.0,Approved,2026-12-14,,Single product class,Available,4.0,,http://www.samsung.com.au,4.08539521829021,https://reg.energyrating.gov.au/static/common/images/star_ratings_2014/EnergyStarRating_4_Star.eps,https://reg.energyrating.gov.au/static/common/images/star_ratings_2014/Star-rating-4.png,Internal,Digital,,ATV4751,Greenhouse and Energy Minimum Standards (Televisions) Determination 2013
381,143524,SAMSUNG ELECTRONICS,QA55Q70BA*,QA55Q70BA*,"Australia,Fiji,New Zealand",Vietnam,138.783,8230.118400000001,LCD (LED),0.5,0.0,0.0,114.0,N/A,N/A,419.0,Approved,2026-12-14,,Single product class,Available,4.0,,http://www.samsung.com.au,4.08539521829021,https://reg.energyrating.gov.au/static/common/images/star_ratings_2014/EnergyStarRating_4_Star.eps,https://reg.energyrating.gov.au/static/common/images/star_ratings_2014/Star-rating-4.png,Internal,Digital,,ATV4751,Greenhouse and Energy Minimum Standards (Televisions) Determination 2013
382,143525,SAMSUNG ELECTRONICS,UA75BU8000W,UA75BU8000*,"Australia,Fiji,New Zealand",Vietnam,189.338,15318.8066,LCD (LED),0.5,0.0,0.0,157.0,N/A,N/A,576.0,Approved,2026-12-12,,Single product class,Available,5.0,,http://www.samsung.com.au,5.277816565063631,https://reg.energyrating.gov.au/static/common/images/star_ratings_2014/EnergyStarRating_5_Star.eps,https://reg.energyrating.gov.au/static/common/images/star_ratings_2014/Star-rating-5.png,Internal,Digital,,ATV4736,Greenhouse and Energy Minimum Standards (Televisions) Determination 2013
383,143525,SAMSUNG ELECTRONICS,UA75BU8000S,UA75BU8000*,"Australia,Fiji,New Zealand",Vietnam,189.338,15318.8066,LCD (LED),0.5,0.0,0.0,157.0,N/A,N/A,576.0,Approved,2026-12-12,,Single product class,Available,5.0,,http://www.samsung.com.au,5.277816565063631,https://reg.energyrating.gov.au/static/common/images/star_ratings_2014/EnergyStarRating_5_Star.eps,https://reg.energyrating.gov.au/static/common/images/star_ratings_2014/Star-rating-5.png,Internal,Digital,,ATV4736,Greenhouse and Energy Minimum Standards (Televisions) Determination 2013
384,143525,SAMSUNG ELECTRONICS,UA75BU8000*,UA75BU8000*,"Australia,Fiji,New Zealand",Vietnam,189.338,15318.8066,LCD (LED),0.5,0.0,0.0,157.0,N/A,N/A,576.0,Approved,2026-12-12,,Single product class,Available,5.0,,http://www.samsung.com.au,5.277816565063631,https://reg.energyrating.gov.au/static/common/images/star_ratings_2014/EnergyStarRating_5_Star.eps,https://reg.energyrating.gov.au/static/common/images/star_ratings_2014/Star-rating-5.png,Internal,Digital,,ATV4736,Greenhouse and Energy Minimum Standards (Televisions) Determination 2013
385,143529,SAMSUNG ELECTRONICS,UA85BU8000W,UA85BU8000*,"Australia,Fiji,New Zealand",Vietnam,214.783,19712.16,LCD (LED),0.5,0.0,0.0,202.0,N/A,N/A,740.0,Approved,2026-12-12,,Single product class,Available,5.0,,http://www.samsung.com.au,5.241160861305282,https://reg.energyrating.gov.au/static/common/images/star_ratings_2014/EnergyStarRating_5_Star.eps,https://reg.energyrating.gov.au/static/common/images/star_ratings_2014/Star-rating-5.png,Internal,Digital,,ATV4734,Greenhouse and Energy Minimum Standards (Televisions) Determination 2013
386,143529,SAMSUNG ELECTRONICS,UA85BU8000S,UA85BU8000*,"Australia,Fiji,New Zealand",Vietnam,214.783,19712.16,LCD (LED),0.5,0.0,0.0,202.0,N/A,N/A,740.0,Approved,2026-12-12,,Single product class,Available,5.0,,http://www.samsung.com.au,5.241160861305282,https://reg.energyrating.gov.au/static/common/images/star_ratings_2014/EnergyStarRating_5_Star.eps,https://reg.energyrating.gov.au/static/common/images/star_ratings_2014/Star-rating-5.png,Internal,Digital,,ATV4734,Greenhouse and Energy Minimum Standards (Televisions) Determination 2013
387,143529,SAMSUNG ELECTRONICS,UA85BU8000*,UA85BU8000*,"Australia,Fiji,New Zealand",Vietnam,214.783,19712.16,LCD (LED),0.5,0.0,0.0,202.0,N/A,N/A,740.0,Approved,2026-12-12,,Single product class,Available,5.0,,http://www.samsung.com.au,5.241160861305282,https://reg.energyrating.gov.au/static/common/images/star_ratings_2014/EnergyStarRating_5_Star.eps,https://reg.energyrating.gov.au/static/common/images/star_ratings_2014/Star-rating-5.png,Internal,Digital,,ATV4734,Greenhouse and Energy Minimum Standards (Televisions) Determination 2013
388,143527,SAMSUNG ELECTRONICS,UA60BU8000S,,"Australia,Fiji,New Zealand",Vietnam,152.663,9958.2104,LCD (LED),0.5,0.0,0.0,104.0,N/A,N/A,383.0,Approved,2026-12-12,,Single product class,Available,5.0,,http://www.samsung.com.au,5.280728755120342,https://reg.energyrating.gov.au/static/common/images/star_ratings_2014/EnergyStarRating_5_Star.eps,https://reg.energyrating.gov.au/static/common/images/star_ratings_2014/Star-rating-5.png,Internal,Digital,,ATV4735,Greenhouse and Energy Minimum Standards (Televisions) Determination 2013
389,143530,SAMSUNG ELECTRONICS,UA65BU8000W,UA65BU8000*,"Australia,Fiji,New Zealand",Vietnam,163.897,11477.9975,LCD (LED),0.5,0.0,0.0,119.0,N/A,N/A,437.0,Approved,2026-12-14,,Single product class,Available,5.0,,http://www.samsung.com.au,5.286995341885052,https://reg.energyrating.gov.au/static/common/images/star_ratings_2014/EnergyStarRating_5_Star.eps,https://reg.energyrating.gov.au/static/common/images/star_ratings_2014/Star-rating-5.png,Internal,Digital,,ATV4752,Greenhouse and Energy Minimum Standards (Televisions) Determination 2013
390,143530,SAMSUNG ELECTRONICS,UA65BU8000S,UA65BU8000*,"Australia,Fiji,New Zealand",Vietnam,163.897,11477.9975,LCD (LED),0.5,0.0,0.0,119.0,N/A,N/A,437.0,Approved,2026-12-14,,Single product class,Available,5.0,,http://www.samsung.com.au,5.286995341885052,https://reg.energyrating.gov.au/static/common/images/star_ratings_2014/EnergyStarRating_5_Star.eps,https://reg.energyrating.gov.au/static/common/images/star_ratings_2014/Star-rating-5.png,Internal,Digital,,ATV4752,Greenhouse and Energy Minimum Standards (Televisions) Determination 2013
391,143530,SAMSUNG ELECTRONICS,UA65BU8000*,UA65BU8000*,"Australia,Fiji,New Zealand",Vietnam,163.897,11477.9975,LCD (LED),0.5,0.0,0.0,119.0,N/A,N/A,437.0,Approved,2026-12-14,,Single product class,Available,5.0,,http://www.samsung.com.au,5.286995341885052,https://reg.energyrating.gov.au/static/common/images/star_ratings_2014/EnergyStarRating_5_Star.eps,https://reg.energyrating.gov.au/static/common/images/star_ratings_2014/Star-rating-5.png,Internal,Digital,,ATV4752,Greenhouse and Energy Minimum Standards (Televisions) Determination 2013
392,143532,SAMSUNG ELECTRONICS,UA65BU8500S,,"Australia,Fiji,New Zealand",Vietnam,163.897,11477.9975,LCD (LED),0.5,0.0,0.0,119.0,N/A,N/A,437.0,Approved,2026-12-14,,Single product class,Available,5.0,,http://www.samsung.com.au,5.286995341885052,https://reg.energyrating.gov.au/static/common/images/star_ratings_2014/EnergyStarRating_5_Star.eps,https://reg.energyrating.gov.au/static/common/images/star_ratings_2014/Star-rating-5.png,Internal,Digital,,ATV4753,Greenhouse and Energy Minimum Standards (Televisions) Determination 2013
393,143534,SAMSUNG ELECTRONICS,QA75QN85BAW,QA75QN85BA*,"Australia,Fiji,New Zealand",Vietnam,189.338,15318.8066,LCD (LED),0.5,0.0,0.0,167.0,N/A,N/A,613.0,Approved,2026-12-14,,Single product class,Available,4.5,,http://www.samsung.com.au,4.998815559326946,https://reg.energyrating.gov.au/static/common/images/star_ratings_2014/EnergyStarRating_4.5_Star.eps,https://reg.energyrating.gov.au/static/common/images/star_ratings_2014/Star-rating-4.5.png,Internal,Digital,,ATV4754,Greenhouse and Energy Minimum Standards (Televisions) Determination 2013
394,143534,SAMSUNG ELECTRONICS,QA75QN85BAS,QA75QN85BA*,"Australia,Fiji,New Zealand",Vietnam,189.338,15318.8066,LCD (LED),0.5,0.0,0.0,167.0,N/A,N/A,613.0,Approved,2026-12-14,,Single product class,Available,4.5,,http://www.samsung.com.au,4.998815559326946,https://reg.energyrating.gov.au/static/common/images/star_ratings_2014/EnergyStarRating_4.5_Star.eps,https://reg.energyrating.gov.au/static/common/images/star_ratings_2014/Star-rating-4.5.png,Internal,Digital,,ATV4754,Greenhouse and Energy Minimum Standards (Televisions) Determination 2013
395,143534,SAMSUNG ELECTRONICS,QA75QN85BA*,QA75QN85BA*,"Australia,Fiji,New Zealand",Vietnam,189.338,15318.8066,LCD (LED),0.5,0.0,0.0,167.0,N/A,N/A,613.0,Approved,2026-12-14,,Single product class,Available,4.5,,http://www.samsung.com.au,4.998815559326946,https://reg.energyrating.gov.au/static/common/images/star_ratings_2014/EnergyStarRating_4.5_Star.eps,https://reg.energyrating.gov.au/static/common/images/star_ratings_2014/Star-rating-4.5.png,Internal,Digital,,ATV4754,Greenhouse and Energy Minimum Standards (Televisions) Determination 2013
396,143535,SAMSUNG ELECTRONICS,QA75QN90BAW,QA75QN90BA*,"Australia,Fiji,New Zealand",Vietnam,189.338,15318.8066,LCD (LED),0.5,0.0,0.0,212.0,N/A,N/A,777.0,Approved,2026-12-12,,Single product class,Available,3.5,,http://www.samsung.com.au,3.9363810276760227,https://reg.energyrating.gov.au/static/common/images/star_ratings_2014/EnergyStarRating_3.5_Star.eps,https://reg.energyrating.gov.au/static/common/images/star_ratings_2014/Star-rating-3.5.png,Internal,Digital,,ATV4733,Greenhouse and Energy Minimum Standards (Televisions) Determination 2013
397,143535,SAMSUNG ELECTRONICS,QA75QN90BAS,QA75QN90BA*,"Australia,Fiji,New Zealand",Vietnam,189.338,15318.8066,LCD (LED),0.5,0.0,0.0,212.0,N/A,N/A,777.0,Approved,2026-12-12,,Single product class,Available,3.5,,http://www.samsung.com.au,3.9363810276760227,https://reg.energyrating.gov.au/static/common/images/star_ratings_2014/EnergyStarRating_3.5_Star.eps,https://reg.energyrating.gov.au/static/common/images/star_ratings_2014/Star-rating-3.5.png,Internal,Digital,,ATV4733,Greenhouse and Energy Minimum Standards (Televisions) Determination 2013
398,143535,SAMSUNG ELECTRONICS,QA75QN90BA*,QA75QN90BA*,"Australia,Fiji,New Zealand",Vietnam,189.338,15318.8066,LCD (LED),0.5,0.0,0.0,212.0,N/A,N/A,777.0,Approved,2026-12-12,,Single product class,Available,3.5,,http://www.samsung.com.au,3.9363810276760227,https://reg.energyrating.gov.au/static/common/images/star_ratings_2014/EnergyStarRating_3.5_Star.eps,https://reg.energyrating.gov.au/static/common/images/star_ratings_2014/Star-rating-3.5.png,Internal,Digital,,ATV4733,Greenhouse and Energy Minimum Standards (Televisions) Determination 2013
399,143545,LG,43UQ9000PSD,,"Australia,New Zealand",Indonesia,107.987,4982.7128,LCD (LED),0.4,0.0,0.0,75.0,N/A,N/A,276.0,Approved,2026-12-13,,Single product class,Available,3.5,,,3.9307399679175017,https://reg.energyrating.gov.au/static/common/images/star_ratings_2014/EnergyStarRating_3.5_Star.eps,https://reg.energyrating.gov.au/static/common/images/star_ratings_2014/Star-rating-3.5.png,Internal,Analogue/Digital,AS/NZS 62087.1:2010,ATV4748,Greenhouse and Energy Minimum Standards (Televisions) Determination 2013
400,143546,LG,43UQ91006LA,,"Australia,New Zealand",Indonesia,107.987,4982.7128,LCD (LED),0.4,0.0,0.0,75.0,N/A,N/A,276.0,Approved,2027-01-16,,Single product class,Available,3.5,,,3.9307399679175017,https://reg.energyrating.gov.au/static/common/images/star_ratings_2014/EnergyStarRating_3.5_Star.eps,https://reg.energyrating.gov.au/static/common/images/star_ratings_2014/Star-rating-3.5.png,Internal,Analogue/Digital,AS/NZS 62087.1:2010,ATV4836,Greenhouse and Energy Minimum Standards (Televisions) Determination 2013
401,143547,LG,50UQ9000PSD,,"Australia,New Zealand",Indonesia,125.727,6754.5112,LCD (LED),0.4,0.0,0.0,90.0,N/A,N/A,331.0,Approved,2026-12-13,,Single product class,Available,4.0,,,4.332542803819169,https://reg.energyrating.gov.au/static/common/images/star_ratings_2014/EnergyStarRating_4_Star.eps,https://reg.energyrating.gov.au/static/common/images/star_ratings_2014/Star-rating-4.png,Internal,Analogue/Digital,AS/NZS 62087.1:2010,ATV4749,Greenhouse and Energy Minimum Standards (Televisions) Determination 2013
402,143548,LG,50UQ91006LA,,"Australia,New Zealand",Indonesia,125.727,6754.5112,LCD (LED),0.4,0.0,0.0,90.0,N/A,N/A,331.0,Approved,2027-01-16,,Single product class,Available,4.0,,,4.332542803819169,https://reg.energyrating.gov.au/static/common/images/star_ratings_2014/EnergyStarRating_4_Star.eps,https://reg.energyrating.gov.au/static/common/images/star_ratings_2014/Star-rating-4.png,Internal,Analogue/Digital,AS/NZS 62087.1:2010,ATV4835,Greenhouse and Energy Minimum Standards (Televisions) Determination 2013
403,143549,LG,55NANO806QA,,"Australia,New Zealand",Indonesia,138.783,8230.118400000001,LCD (LED),0.4,0.0,0.0,97.0,N/A,N/A,357.0,Approved,2027-01-16,,Single product class,Available,4.5,,,4.803028047916603,https://reg.energyrating.gov.au/static/common/images/star_ratings_2014/EnergyStarRating_4.5_Star.eps,https://reg.energyrating.gov.au/static/common/images/star_ratings_2014/Star-rating-4.5.png,Internal,Analogue/Digital,AS/NZS 62087.1:2010,ATV4834,Greenhouse and Energy Minimum Standards (Televisions) Determination 2013
404,143550,LG,55UQ9000PSD,,"Australia,New Zealand",Indonesia,138.783,8230.118400000001,LCD (LED),0.4,0.0,0.0,114.0,N/A,N/A,419.0,Approved,2026-12-13,,Single product class,Available,4.0,,,4.08539521829021,https://reg.energyrating.gov.au/static/common/images/star_ratings_2014/EnergyStarRating_4_Star.eps,https://reg.energyrating.gov.au/static/common/images/star_ratings_2014/Star-rating-4.png,Internal,Analogue/Digital,AS/NZS 62087.1:2010,ATV4738,Greenhouse and Energy Minimum Standards (Televisions) Determination 2013
405,143551,LG,55UQ91006LA,,"Australia,New Zealand",Indonesia,138.783,8230.118400000001,LCD (LED),0.4,0.0,0.0,114.0,N/A,N/A,419.0,Approved,2027-01-16,,Single product class,Available,4.0,,,4.08539521829021,https://reg.energyrating.gov.au/static/common/images/star_ratings_2014/EnergyStarRating_4_Star.eps,https://reg.energyrating.gov.au/static/common/images/star_ratings_2014/Star-rating-4.png,Internal,Analogue/Digital,AS/NZS 62087.1:2010,ATV4833,Greenhouse and Energy Minimum Standards (Televisions) Determination 2013
406,143552,LG,65UQ9000PSD,,"Australia,New Zealand",Indonesia,163.897,11477.9975,LCD (LED),0.4,0.0,0.0,148.0,N/A,N/A,543.0,Approved,2026-12-13,,Single product class,Available,4.0,,,4.313737886945033,https://reg.energyrating.gov.au/static/common/images/star_ratings_2014/EnergyStarRating_4_Star.eps,https://reg.energyrating.gov.au/static/common/images/star_ratings_2014/Star-rating-4.png,Internal,Analogue/Digital,AS/NZS 62087.1:2010,ATV4737,Greenhouse and Energy Minimum Standards (Televisions) Determination 2013
407,143553,LG,75UQ9000PSD,,"Australia,New Zealand",Indonesia,189.275,15307.5663,LCD (LED),0.4,0.0,0.0,165.0,N/A,N/A,605.0,Approved,2026-12-13,,Single product class,Available,5.0,,,5.054540009525431,https://reg.energyrating.gov.au/static/common/images/star_ratings_2014/EnergyStarRating_5_Star.eps,https://reg.energyrating.gov.au/static/common/images/star_ratings_2014/Star-rating-5.png,Internal,Analogue/Digital,AS/NZS 62087.1:2010,ATV4750,Greenhouse and Energy Minimum Standards (Televisions) Determination 2013
408,143554,LG,75UQ91006LA,,"Australia,New Zealand",Indonesia,189.275,15307.5663,LCD (LED),0.4,0.0,0.0,165.0,N/A,N/A,605.0,Approved,2027-01-13,,Single product class,Available,5.0,,,5.054540009525431,https://reg.energyrating.gov.au/static/common/images/star_ratings_2014/EnergyStarRating_5_Star.eps,https://reg.energyrating.gov.au/static/common/images/star_ratings_2014/Star-rating-5.png,Internal,Analogue/Digital,AS/NZS 62087.1:2010,ATV4821,Greenhouse and Energy Minimum Standards (Televisions) Determination 2013
409,143555,LG,86QNED80SQA,,"Australia,New Zealand",Indonesia,217.425,20200.7,LCD (LED),0.4,0.0,0.0,198.0,N/A,N/A,725.0,Approved,2026-12-15,,Single product class,Available,5.0,,,5.438925989689485,https://reg.energyrating.gov.au/static/common/images/star_ratings_2014/EnergyStarRating_5_Star.eps,https://reg.energyrating.gov.au/static/common/images/star_ratings_2014/Star-rating-5.png,Internal,Analogue/Digital,AS/NZS 62087.1:2010,ATV4765,Greenhouse and Energy Minimum Standards (Televisions) Determination 2013
410,143556,LG,86QNED806QA,,"Australia,New Zealand",Indonesia,217.425,20200.7,LCD (LED),0.4,0.0,0.0,198.0,N/A,N/A,725.0,Approved,2027-01-16,,Single product class,Available,5.0,,,5.438925989689485,https://reg.energyrating.gov.au/static/common/images/star_ratings_2014/EnergyStarRating_5_Star.eps,https://reg.energyrating.gov.au/static/common/images/star_ratings_2014/Star-rating-5.png,Internal,Analogue/Digital,AS/NZS 62087.1:2010,ATV4832,Greenhouse and Energy Minimum Standards (Televisions) Determination 2013
411,143631,METZ,32MTD6500A,,"Australia,Fiji,New Zealand",China,80.054,2736.1600000000003,LCD (LED),0.37,0.51,4.0,27.2,N/A,N/A,115.0,Approved,2026-12-14,,Single product class,Available,5.5,,,5.5997621327590545,https://reg.energyrating.gov.au/static/common/images/star_ratings_2014/EnergyStarRating_5.5_Star.eps,https://reg.energyrating.gov.au/static/common/images/star_ratings_2014/Star-rating-5.5.png,Internal,unknown,AS/NZS 62087.1:2010,ATV4758,Greenhouse and Energy Minimum Standards (Televisions) Determination 2013
412,143636,SAMSUNG ELECTRONICS,QA85Q60BAW,QA85Q60BA*,"Australia,Fiji,New Zealand",Vietnam,214.783,19712.16,LCD (LED),0.5,0.0,0.0,178.0,N/A,N/A,653.0,Approved,2026-12-19,,Single product class,Available,5.5,,http://www.samsung.com.au,5.801665774779875,https://reg.energyrating.gov.au/static/common/images/star_ratings_2014/EnergyStarRating_5.5_Star.eps,https://reg.energyrating.gov.au/static/common/images/star_ratings_2014/Star-rating-5.5.png,Internal,Digital,,ATV4775,Greenhouse and Energy Minimum Standards (Televisions) Determination 2013
413,143636,SAMSUNG ELECTRONICS,QA85Q60BAS,QA85Q60BA*,"Australia,Fiji,New Zealand",Vietnam,214.783,19712.16,LCD (LED),0.5,0.0,0.0,178.0,N/A,N/A,653.0,Approved,2026-12-19,,Single product class,Available,5.5,,http://www.samsung.com.au,5.801665774779875,https://reg.energyrating.gov.au/static/common/images/star_ratings_2014/EnergyStarRating_5.5_Star.eps,https://reg.energyrating.gov.au/static/common/images/star_ratings_2014/Star-rating-5.5.png,Internal,Digital,,ATV4775,Greenhouse and Energy Minimum Standards (Televisions) Determination 2013
414,143636,SAMSUNG ELECTRONICS,QA85Q60BA*,QA85Q60BA*,"Australia,Fiji,New Zealand",Vietnam,214.783,19712.16,LCD (LED),0.5,0.0,0.0,178.0,N/A,N/A,653.0,Approved,2026-12-19,,Single product class,Available,5.5,,http://www.samsung.com.au,5.801665774779875,https://reg.energyrating.gov.au/static/common/images/star_ratings_2014/EnergyStarRating_5.5_Star.eps,https://reg.energyrating.gov.au/static/common/images/star_ratings_2014/Star-rating-5.5.png,Internal,Digital,,ATV4775,Greenhouse and Energy Minimum Standards (Televisions) Determination 2013
415,143639,SAMSUNG ELECTRONICS,UA43BU8000S,UA43BU8*00*,"Australia,Fiji,New Zealand",Vietnam,107.987,4982.7128,LCD (LED),0.5,0.0,0.0,73.0,N/A,N/A,270.0,Approved,2026-12-20,,Single product class,Available,4.0,,http://www.samsung.com.au,4.029236682652612,https://reg.energyrating.gov.au/static/common/images/star_ratings_2014/EnergyStarRating_4_Star.eps,https://reg.energyrating.gov.au/static/common/images/star_ratings_2014/Star-rating-4.png,Internal,Digital,,ATV4786,Greenhouse and Energy Minimum Standards (Televisions) Determination 2013
416,143639,SAMSUNG ELECTRONICS,UA43BU8500S,UA43BU8*00*,"Australia,Fiji,New Zealand",Vietnam,107.987,4982.7128,LCD (LED),0.5,0.0,0.0,73.0,N/A,N/A,270.0,Approved,2026-12-20,,Single product class,Available,4.0,,http://www.samsung.com.au,4.029236682652612,https://reg.energyrating.gov.au/static/common/images/star_ratings_2014/EnergyStarRating_4_Star.eps,https://reg.energyrating.gov.au/static/common/images/star_ratings_2014/Star-rating-4.png,Internal,Digital,,ATV4786,Greenhouse and Energy Minimum Standards (Televisions) Determination 2013
417,143639,SAMSUNG ELECTRONICS,UA43BU8*00*,UA43BU8*00*,"Australia,Fiji,New Zealand",Vietnam,107.987,4982.7128,LCD (LED),0.5,0.0,0.0,73.0,N/A,N/A,270.0,Approved,2026-12-20,,Single product class,Available,4.0,,http://www.samsung.com.au,4.029236682652612,https://reg.energyrating.gov.au/static/common/images/star_ratings_2014/EnergyStarRating_4_Star.eps,https://reg.energyrating.gov.au/static/common/images/star_ratings_2014/Star-rating-4.png,Internal,Digital,,ATV4786,Greenhouse and Energy Minimum Standards (Televisions) Determination 2013
418,143647,kogan,KALED65RT9220SVA,KALED65RT9220SVA,"Australia,Fiji,New Zealand",China,163.896,11478.122496000002,LCD (LED),0.35,0.49,4.0,99.95,N/A,N/A,386.0,Approved,2026-12-16,,Single product class,Available,5.5,,,5.8431668676196225,https://reg.energyrating.gov.au/static/common/images/star_ratings_2014/EnergyStarRating_5.5_Star.eps,https://reg.energyrating.gov.au/static/common/images/star_ratings_2014/Star-rating-5.5.png,Internal,Analogue/Digital,AS/NZS 62087.1:2010,ATV4766,Greenhouse and Energy Minimum Standards (Televisions) Determination 2013
419,143649,TEAC,LE65GA522,,"Australia,Fiji,New Zealand",China,163.896,11478.122496000002,LCD (LED),0.35,0.49,4.0,99.95,N/A,N/A,386.0,Approved,2027-03-27,,Single product class,Available,5.5,,,5.8431668676196225,https://reg.energyrating.gov.au/static/common/images/star_ratings_2014/EnergyStarRating_5.5_Star.eps,https://reg.energyrating.gov.au/static/common/images/star_ratings_2014/Star-rating-5.5.png,Internal,Analogue/Digital,AS/NZS 62087.1:2010,ATV4990,Greenhouse and Energy Minimum Standards (Televisions) Determination 2013
420,143647,kogan,KAQLED65RQ9510SVA,KALED65RT9220SVA,"Australia,Fiji,New Zealand",China,163.896,11478.122496000002,LCD (LED),0.35,0.49,4.0,99.95,N/A,N/A,386.0,Approved,2026-12-16,,Single product class,Available,5.5,,,5.8431668676196225,https://reg.energyrating.gov.au/static/common/images/star_ratings_2014/EnergyStarRating_5.5_Star.eps,https://reg.energyrating.gov.au/static/common/images/star_ratings_2014/Star-rating-5.5.png,Internal,Analogue/Digital,AS/NZS 62087.1:2010,ATV4766,Greenhouse and Energy Minimum Standards (Televisions) Determination 2013
421,143650,Polaroid,PL6521UHDG,,"Australia,Fiji",China,163.682,11424.0,LCD,0.39,0.45,7.0,93.0,N/A,N/A,370.0,Approved,2026-12-20,,Single product class,Available,6.0,,,6.012924571152087,https://reg.energyrating.gov.au/static/common/images/star_ratings_2014/EnergyStarRating_6_Star.eps,https://reg.energyrating.gov.au/static/common/images/star_ratings_2014/Star-rating-6.png,Internal,Analogue/Digital,AS/NZS 62087.1:2010,ATV4783,Greenhouse and Energy Minimum Standards (Televisions) Determination 2013
422,143652,SAMSUNG ELECTRONICS,UA50BU8000W,UA50BU8*00*,"Australia,Fiji,New Zealand",Vietnam,125.727,6754.5112,LCD (LED),0.5,0.0,0.0,94.0,N/A,N/A,346.0,Approved,2026-12-19,,Single product class,Available,4.0,,http://www.samsung.com.au,4.13392447306466,https://reg.energyrating.gov.au/static/common/images/star_ratings_2014/EnergyStarRating_4_Star.eps,https://reg.energyrating.gov.au/static/common/images/star_ratings_2014/Star-rating-4.png,Internal,Digital,,ATV4777,Greenhouse and Energy Minimum Standards (Televisions) Determination 2013
423,143652,SAMSUNG ELECTRONICS,UA50BU8000S,UA50BU8*00*,"Australia,Fiji,New Zealand",Vietnam,125.727,6754.5112,LCD (LED),0.5,0.0,0.0,94.0,N/A,N/A,346.0,Approved,2026-12-19,,Single product class,Available,4.0,,http://www.samsung.com.au,4.13392447306466,https://reg.energyrating.gov.au/static/common/images/star_ratings_2014/EnergyStarRating_4_Star.eps,https://reg.energyrating.gov.au/static/common/images/star_ratings_2014/Star-rating-4.png,Internal,Digital,,ATV4777,Greenhouse and Energy Minimum Standards (Televisions) Determination 2013
424,143652,SAMSUNG ELECTRONICS,UA50BU8500S,UA50BU8*00*,"Australia,Fiji,New Zealand",Vietnam,125.727,6754.5112,LCD (LED),0.5,0.0,0.0,94.0,N/A,N/A,346.0,Approved,2026-12-19,,Single product class,Available,4.0,,http://www.samsung.com.au,4.13392447306466,https://reg.energyrating.gov.au/static/common/images/star_ratings_2014/EnergyStarRating_4_Star.eps,https://reg.energyrating.gov.au/static/common/images/star_ratings_2014/Star-rating-4.png,Internal,Digital,,ATV4777,Greenhouse and Energy Minimum Standards (Televisions) Determination 2013
425,143652,SAMSUNG ELECTRONICS,UA50BU8*00*,UA50BU8*00*,"Australia,Fiji,New Zealand",Vietnam,125.727,6754.5112,LCD (LED),0.5,0.0,0.0,94.0,N/A,N/A,346.0,Approved,2026-12-19,,Single product class,Available,4.0,,http://www.samsung.com.au,4.13392447306466,https://reg.energyrating.gov.au/static/common/images/star_ratings_2014/EnergyStarRating_4_Star.eps,https://reg.energyrating.gov.au/static/common/images/star_ratings_2014/Star-rating-4.png,Internal,Digital,,ATV4777,Greenhouse and Energy Minimum Standards (Televisions) Determination 2013
426,143656,SAMSUNG ELECTRONICS,UA55BU8000W,UA55BU8*00*,"Australia,Fiji,New Zealand",Vietnam,138.783,8230.118400000001,LCD (LED),0.5,0.0,0.0,113.0,N/A,N/A,416.0,Approved,2026-12-19,,Single product class,Available,4.0,,http://www.samsung.com.au,4.1175971780535745,https://reg.energyrating.gov.au/static/common/images/star_ratings_2014/EnergyStarRating_4_Star.eps,https://reg.energyrating.gov.au/static/common/images/star_ratings_2014/Star-rating-4.png,Internal,Digital,,ATV4778,Greenhouse and Energy Minimum Standards (Televisions) Determination 2013
427,143656,SAMSUNG ELECTRONICS,UA55BU8000S,UA55BU8*00*,"Australia,Fiji,New Zealand",Vietnam,138.783,8230.118400000001,LCD (LED),0.5,0.0,0.0,113.0,N/A,N/A,416.0,Approved,2026-12-19,,Single product class,Available,4.0,,http://www.samsung.com.au,4.1175971780535745,https://reg.energyrating.gov.au/static/common/images/star_ratings_2014/EnergyStarRating_4_Star.eps,https://reg.energyrating.gov.au/static/common/images/star_ratings_2014/Star-rating-4.png,Internal,Digital,,ATV4778,Greenhouse and Energy Minimum Standards (Televisions) Determination 2013
428,143656,SAMSUNG ELECTRONICS,UA55BU8500S,UA55BU8*00*,"Australia,Fiji,New Zealand",Vietnam,138.783,8230.118400000001,LCD (LED),0.5,0.0,0.0,113.0,N/A,N/A,416.0,Approved,2026-12-19,,Single product class,Available,4.0,,http://www.samsung.com.au,4.1175971780535745,https://reg.energyrating.gov.au/static/common/images/star_ratings_2014/EnergyStarRating_4_Star.eps,https://reg.energyrating.gov.au/static/common/images/star_ratings_2014/Star-rating-4.png,Internal,Digital,,ATV4778,Greenhouse and Energy Minimum Standards (Televisions) Determination 2013
429,143656,SAMSUNG ELECTRONICS,UA55BU8*00*,UA55BU8*00*,"Australia,Fiji,New Zealand",Vietnam,138.783,8230.118400000001,LCD (LED),0.5,0.0,0.0,113.0,N/A,N/A,416.0,Approved,2026-12-19,,Single product class,Available,4.0,,http://www.samsung.com.au,4.1175971780535745,https://reg.energyrating.gov.au/static/common/images/star_ratings_2014/EnergyStarRating_4_Star.eps,https://reg.energyrating.gov.au/static/common/images/star_ratings_2014/Star-rating-4.png,Internal,Digital,,ATV4778,Greenhouse and Energy Minimum Standards (Televisions) Determination 2013
430,143669,SAMSUNG ELECTRONICS,QA65Q70BAW,QA65Q70BA*,"Australia,Fiji,New Zealand",Vietnam,163.897,11477.9975,LCD (LED),0.5,0.0,0.0,150.0,N/A,N/A,551.0,Approved,2026-12-20,,Single product class,Available,4.0,,http://www.samsung.com.au,4.248194925327537,https://reg.energyrating.gov.au/static/common/images/star_ratings_2014/EnergyStarRating_4_Star.eps,https://reg.energyrating.gov.au/static/common/images/star_ratings_2014/Star-rating-4.png,Internal,Digital,,ATV4787,Greenhouse and Energy Minimum Standards (Televisions) Determination 2013
431,143669,SAMSUNG ELECTRONICS,QA65Q70BAS,QA65Q70BA*,"Australia,Fiji,New Zealand",Vietnam,163.897,11477.9975,LCD (LED),0.5,0.0,0.0,150.0,N/A,N/A,551.0,Approved,2026-12-20,,Single product class,Available,4.0,,http://www.samsung.com.au,4.248194925327537,https://reg.energyrating.gov.au/static/common/images/star_ratings_2014/EnergyStarRating_4_Star.eps,https://reg.energyrating.gov.au/static/common/images/star_ratings_2014/Star-rating-4.png,Internal,Digital,,ATV4787,Greenhouse and Energy Minimum Standards (Televisions) Determination 2013
432,143669,SAMSUNG ELECTRONICS,QA65Q70BA*,QA65Q70BA*,"Australia,Fiji,New Zealand",Vietnam,163.897,11477.9975,LCD (LED),0.5,0.0,0.0,150.0,N/A,N/A,551.0,Approved,2026-12-20,,Single product class,Available,4.0,,http://www.samsung.com.au,4.248194925327537,https://reg.energyrating.gov.au/static/common/images/star_ratings_2014/EnergyStarRating_4_Star.eps,https://reg.energyrating.gov.au/static/common/images/star_ratings_2014/Star-rating-4.png,Internal,Digital,,ATV4787,Greenhouse and Energy Minimum Standards (Televisions) Determination 2013
433,143670,SAMSUNG ELECTRONICS,QA75Q70BAW,QA75Q70BA*,"Australia,Fiji,New Zealand",Vietnam,189.338,15318.8066,LCD (LED),0.5,0.0,0.0,173.0,N/A,N/A,635.0,Approved,2026-12-19,,Single product class,Available,4.5,,http://www.samsung.com.au,4.840800403841541,https://reg.energyrating.gov.au/static/common/images/star_ratings_2014/EnergyStarRating_4.5_Star.eps,https://reg.energyrating.gov.au/static/common/images/star_ratings_2014/Star-rating-4.5.png,Internal,Digital,,ATV4779,Greenhouse and Energy Minimum Standards (Televisions) Determination 2013
434,143670,SAMSUNG ELECTRONICS,QA75Q70BAS,QA75Q70BA*,"Australia,Fiji,New Zealand",Vietnam,189.338,15318.8066,LCD (LED),0.5,0.0,0.0,173.0,N/A,N/A,635.0,Approved,2026-12-19,,Single product class,Available,4.5,,http://www.samsung.com.au,4.840800403841541,https://reg.energyrating.gov.au/static/common/images/star_ratings_2014/EnergyStarRating_4.5_Star.eps,https://reg.energyrating.gov.au/static/common/images/star_ratings_2014/Star-rating-4.5.png,Internal,Digital,,ATV4779,Greenhouse and Energy Minimum Standards (Televisions) Determination 2013
435,143670,SAMSUNG ELECTRONICS,QA75Q70BA*,QA75Q70BA*,"Australia,Fiji,New Zealand",Vietnam,189.338,15318.8066,LCD (LED),0.5,0.0,0.0,173.0,N/A,N/A,635.0,Approved,2026-12-19,,Single product class,Available,4.5,,http://www.samsung.com.au,4.840800403841541,https://reg.energyrating.gov.au/static/common/images/star_ratings_2014/EnergyStarRating_4.5_Star.eps,https://reg.energyrating.gov.au/static/common/images/star_ratings_2014/Star-rating-4.5.png,Internal,Digital,,ATV4779,Greenhouse and Energy Minimum Standards (Televisions) Determination 2013
436,143671,SAMSUNG ELECTRONICS,QA85Q70BAW,QA85Q70BA*,"Australia,Fiji,New Zealand",Vietnam,214.783,19712.16,LCD (LED),0.5,0.0,0.0,223.0,N/A,N/A,817.0,Approved,2026-12-20,,Single product class,Available,4.5,,http://www.samsung.com.au,4.79754997459675,https://reg.energyrating.gov.au/static/common/images/star_ratings_2014/EnergyStarRating_4.5_Star.eps,https://reg.energyrating.gov.au/static/common/images/star_ratings_2014/Star-rating-4.5.png,Internal,Digital,,ATV4788,Greenhouse and Energy Minimum Standards (Televisions) Determination 2013
437,143671,SAMSUNG ELECTRONICS,QA85Q70BAS,QA85Q70BA*,"Australia,Fiji,New Zealand",Vietnam,214.783,19712.16,LCD (LED),0.5,0.0,0.0,223.0,N/A,N/A,817.0,Approved,2026-12-20,,Single product class,Available,4.5,,http://www.samsung.com.au,4.79754997459675,https://reg.energyrating.gov.au/static/common/images/star_ratings_2014/EnergyStarRating_4.5_Star.eps,https://reg.energyrating.gov.au/static/common/images/star_ratings_2014/Star-rating-4.5.png,Internal,Digital,,ATV4788,Greenhouse and Energy Minimum Standards (Televisions) Determination 2013
438,143671,SAMSUNG ELECTRONICS,QA85Q70BA*,QA85Q70BA*,"Australia,Fiji,New Zealand",Vietnam,214.783,19712.16,LCD (LED),0.5,0.0,0.0,223.0,N/A,N/A,817.0,Approved,2026-12-20,,Single product class,Available,4.5,,http://www.samsung.com.au,4.79754997459675,https://reg.energyrating.gov.au/static/common/images/star_ratings_2014/EnergyStarRating_4.5_Star.eps,https://reg.energyrating.gov.au/static/common/images/star_ratings_2014/Star-rating-4.5.png,Internal,Digital,,ATV4788,Greenhouse and Energy Minimum Standards (Televisions) Determination 2013
439,143639,SAMSUNG ELECTRONICS,UA43BU8000W,UA43BU8*00*,"Australia,Fiji,New Zealand",Vietnam,107.987,4982.7128,LCD (LED),0.5,0.0,0.0,73.0,N/A,N/A,270.0,Approved,2026-12-20,,Single product class,Available,4.0,,http://www.samsung.com.au,4.029236682652612,https://reg.energyrating.gov.au/static/common/images/star_ratings_2014/EnergyStarRating_4_Star.eps,https://reg.energyrating.gov.au/static/common/images/star_ratings_2014/Star-rating-4.png,Internal,Digital,,ATV4786,Greenhouse and Energy Minimum Standards (Televisions) Determination 2013
440,143673,SAMSUNG ELECTRONICS,QA65QN800BW,QA65QN800B*,"Australia,Fiji,New Zealand",Vietnam,163.897,11477.9975,LCD (LED),0.5,0.0,0.0,306.0,N/A,N/A,1120.0,Approved,2026-12-20,,Single product class,Available,1.0,,http://www.samsung.com.au,1.069303351009141,https://reg.energyrating.gov.au/static/common/images/star_ratings_2014/EnergyStarRating_1_Star.eps,https://reg.energyrating.gov.au/static/common/images/star_ratings_2014/Star-rating-1.png,Internal,Digital,,ATV4789,Greenhouse and Energy Minimum Standards (Televisions) Determination 2013
441,143673,SAMSUNG ELECTRONICS,QA65QN800BS,QA65QN800B*,"Australia,Fiji,New Zealand",Vietnam,163.897,11477.9975,LCD (LED),0.5,0.0,0.0,306.0,N/A,N/A,1120.0,Approved,2026-12-20,,Single product class,Available,1.0,,http://www.samsung.com.au,1.069303351009141,https://reg.energyrating.gov.au/static/common/images/star_ratings_2014/EnergyStarRating_1_Star.eps,https://reg.energyrating.gov.au/static/common/images/star_ratings_2014/Star-rating-1.png,Internal,Digital,,ATV4789,Greenhouse and Energy Minimum Standards (Televisions) Determination 2013
442,143673,SAMSUNG ELECTRONICS,QA65QN800B*,QA65QN800B*,"Australia,Fiji,New Zealand",Vietnam,163.897,11477.9975,LCD (LED),0.5,0.0,0.0,306.0,N/A,N/A,1120.0,Approved,2026-12-20,,Single product class,Available,1.0,,http://www.samsung.com.au,1.069303351009141,https://reg.energyrating.gov.au/static/common/images/star_ratings_2014/EnergyStarRating_1_Star.eps,https://reg.energyrating.gov.au/static/common/images/star_ratings_2014/Star-rating-1.png,Internal,Digital,,ATV4789,Greenhouse and Energy Minimum Standards (Televisions) Determination 2013
443,143688,MYVI,UR-LED2403DVDNS,,"Australia,New Zealand",China,60.269,1554.0,LCD (LED),0.46,0.0,0.0,24.2,N/A,N/A,95.0,Approved,2027-01-24,,Single product class,Available,4.5,,,4.566598076666048,https://reg.energyrating.gov.au/static/common/images/star_ratings_2014/EnergyStarRating_4.5_Star.eps,https://reg.energyrating.gov.au/static/common/images/star_ratings_2014/Star-rating-4.5.png,Internal,Digital,AS/NZS 62087.1:2010,ATV4870,Greenhouse and Energy Minimum Standards (Televisions) Determination 2013
444,143736,SAMSUNG ELECTRONICS,QA50QN90BAW,QA50QN90BA*,"Australia,Fiji,New Zealand",Vietnam,125.727,6754.5112,LCD (LED),0.5,0.0,0.0,112.0,N/A,N/A,412.0,Approved,2026-12-19,,Single product class,Available,3.0,,http://www.samsung.com.au,3.3515376495890017,https://reg.energyrating.gov.au/static/common/images/star_ratings_2014/EnergyStarRating_3_Star.eps,https://reg.energyrating.gov.au/static/common/images/star_ratings_2014/Star-rating-3.png,Internal,Digital,,ATV4780,Greenhouse and Energy Minimum Standards (Televisions) Determination 2013
445,143736,SAMSUNG ELECTRONICS,QA50QN90BAS,QA50QN90BA*,"Australia,Fiji,New Zealand",Vietnam,125.727,6754.5112,LCD (LED),0.5,0.0,0.0,112.0,N/A,N/A,412.0,Approved,2026-12-19,,Single product class,Available,3.0,,http://www.samsung.com.au,3.3515376495890017,https://reg.energyrating.gov.au/static/common/images/star_ratings_2014/EnergyStarRating_3_Star.eps,https://reg.energyrating.gov.au/static/common/images/star_ratings_2014/Star-rating-3.png,Internal,Digital,,ATV4780,Greenhouse and Energy Minimum Standards (Televisions) Determination 2013
446,143736,SAMSUNG ELECTRONICS,QA50QN90BA*,QA50QN90BA*,"Australia,Fiji,New Zealand",Vietnam,125.727,6754.5112,LCD (LED),0.5,0.0,0.0,112.0,N/A,N/A,412.0,Approved,2026-12-19,,Single product class,Available,3.0,,http://www.samsung.com.au,3.3515376495890017,https://reg.energyrating.gov.au/static/common/images/star_ratings_2014/EnergyStarRating_3_Star.eps,https://reg.energyrating.gov.au/static/common/images/star_ratings_2014/Star-rating-3.png,Internal,Digital,,ATV4780,Greenhouse and Energy Minimum Standards (Televisions) Determination 2013
447,143738,SAMSUNG ELECTRONICS,QA75QN95BAW,QA75QN95BA*,"Australia,Fiji,New Zealand",Vietnam,189.338,15318.8066,LCD (LED),0.5,0.0,0.0,245.0,N/A,N/A,897.0,Approved,2026-12-19,,Single product class,Available,3.0,,http://www.samsung.com.au,3.2927795843660035,https://reg.energyrating.gov.au/static/common/images/star_ratings_2014/EnergyStarRating_3_Star.eps,https://reg.energyrating.gov.au/static/common/images/star_ratings_2014/Star-rating-3.png,Internal,Digital,,ATV4781,Greenhouse and Energy Minimum Standards (Televisions) Determination 2013
448,143738,SAMSUNG ELECTRONICS,QA75QN95BAS,QA75QN95BA*,"Australia,Fiji,New Zealand",Vietnam,189.338,15318.8066,LCD (LED),0.5,0.0,0.0,245.0,N/A,N/A,897.0,Approved,2026-12-19,,Single product class,Available,3.0,,http://www.samsung.com.au,3.2927795843660035,https://reg.energyrating.gov.au/static/common/images/star_ratings_2014/EnergyStarRating_3_Star.eps,https://reg.energyrating.gov.au/static/common/images/star_ratings_2014/Star-rating-3.png,Internal,Digital,,ATV4781,Greenhouse and Energy Minimum Standards (Televisions) Determination 2013
449,143738,SAMSUNG ELECTRONICS,QA75QN95BA*,QA75QN95BA*,"Australia,Fiji,New Zealand",Vietnam,189.338,15318.8066,LCD (LED),0.5,0.0,0.0,245.0,N/A,N/A,897.0,Approved,2026-12-19,,Single product class,Available,3.0,,http://www.samsung.com.au,3.2927795843660035,https://reg.energyrating.gov.au/static/common/images/star_ratings_2014/EnergyStarRating_3_Star.eps,https://reg.energyrating.gov.au/static/common/images/star_ratings_2014/Star-rating-3.png,Internal,Digital,,ATV4781,Greenhouse and Energy Minimum Standards (Televisions) Determination 2013
450,143744,EKO,K550USG,,Australia,China,138.783,8230.118400000001,LCD,0.36,0.0,0.0,115.1,N/A,N/A,422.0,Approved,2026-12-20,,Single product class,Available,4.0,http://www.ayonz.com/,,4.053423000980519,https://reg.energyrating.gov.au/static/common/images/star_ratings_2014/EnergyStarRating_4_Star.eps,https://reg.energyrating.gov.au/static/common/images/star_ratings_2014/Star-rating-4.png,Internal,Digital,AS/NZS 62087.1:2010,ATV4782,Greenhouse and Energy Minimum Standards (Televisions) Determination 2013
451,143745,BLAUPUNKT,BP550USG9500,,Australia,China,138.783,8230.118400000001,LCD,0.36,0.0,0.0,115.1,N/A,N/A,422.0,Approved,2026-12-19,,Single product class,Available,4.0,http://www.ayonz.com/,,4.053423000980519,https://reg.energyrating.gov.au/static/common/images/star_ratings_2014/EnergyStarRating_4_Star.eps,https://reg.energyrating.gov.au/static/common/images/star_ratings_2014/Star-rating-4.png,Internal,Digital,AS/NZS 62087.1:2010,ATV4768,Greenhouse and Energy Minimum Standards (Televisions) Determination 2013
452,143752,LG,65UQ75006LF,,"Australia,New Zealand",Indonesia,163.897,11477.9975,LCD (LED),0.4,0.0,0.0,145.0,N/A,N/A,532.0,Approved,2027-01-16,,Single product class,Available,4.0,,,4.405453871887269,https://reg.energyrating.gov.au/static/common/images/star_ratings_2014/EnergyStarRating_4_Star.eps,https://reg.energyrating.gov.au/static/common/images/star_ratings_2014/Star-rating-4.png,Internal,Analogue/Digital,AS/NZS 62087.1:2010,ATV4831,Greenhouse and Energy Minimum Standards (Televisions) Determination 2013
453,143753,LG,OLED55G2PSA,,"Australia,New Zealand",Indonesia,138.783,8230.118400000001,OLED,0.4,0.0,0.0,95.0,N/A,N/A,349.0,Approved,2026-12-19,,Single product class,Available,4.5,,,4.904594324171205,https://reg.energyrating.gov.au/static/common/images/star_ratings_2014/EnergyStarRating_4.5_Star.eps,https://reg.energyrating.gov.au/static/common/images/star_ratings_2014/Star-rating-4.5.png,Internal,Analogue/Digital,AS/NZS 62087.1:2010,ATV4769,Greenhouse and Energy Minimum Standards (Televisions) Determination 2013
454,143754,LG,OLED55G26LA,,"Australia,New Zealand",Indonesia,138.783,8230.118400000001,OLED,0.4,0.0,0.0,95.0,N/A,N/A,349.0,Approved,2027-01-18,,Single product class,Available,4.5,,,4.904594324171205,https://reg.energyrating.gov.au/static/common/images/star_ratings_2014/EnergyStarRating_4.5_Star.eps,https://reg.energyrating.gov.au/static/common/images/star_ratings_2014/Star-rating-4.5.png,Internal,Analogue/Digital,AS/NZS 62087.1:2010,ATV4852,Greenhouse and Energy Minimum Standards (Televisions) Determination 2013
455,143755,LG,OLED77G2PSA,,"Australia,New Zealand",Indonesia,194.738,16204.123099999999,OLED,0.4,0.0,0.0,152.0,N/A,N/A,557.0,Approved,2026-12-19,,Single product class,Available,5.5,,,5.669203581321107,https://reg.energyrating.gov.au/static/common/images/star_ratings_2014/EnergyStarRating_5.5_Star.eps,https://reg.energyrating.gov.au/static/common/images/star_ratings_2014/Star-rating-5.5.png,Internal,Analogue/Digital,AS/NZS 62087.1:2010,ATV4770,Greenhouse and Energy Minimum Standards (Televisions) Determination 2013
456,143756,LG,OLED77G26LA,,"Australia,New Zealand",Indonesia,194.738,16204.123099999999,OLED,0.4,0.0,0.0,152.0,N/A,N/A,557.0,Approved,2027-01-18,,Single product class,Available,5.5,,,5.669203581321107,https://reg.energyrating.gov.au/static/common/images/star_ratings_2014/EnergyStarRating_5.5_Star.eps,https://reg.energyrating.gov.au/static/common/images/star_ratings_2014/Star-rating-5.5.png,Internal,Analogue/Digital,AS/NZS 62087.1:2010,ATV4851,Greenhouse and Energy Minimum Standards (Televisions) Determination 2013
457,143757,LG,OLED65G2PSA,,"Australia,New Zealand",Indonesia,163.897,11477.9975,OLED,0.4,0.0,0.0,109.0,N/A,N/A,400.0,Approved,2026-12-19,,Single product class,Available,5.5,,,5.68346052076461,https://reg.energyrating.gov.au/static/common/images/star_ratings_2014/EnergyStarRating_5.5_Star.eps,https://reg.energyrating.gov.au/static/common/images/star_ratings_2014/Star-rating-5.5.png,Internal,Analogue/Digital,AS/NZS 62087.1:2010,ATV4771,Greenhouse and Energy Minimum Standards (Televisions) Determination 2013
458,143758,LG,OLED65G26LA,,"Australia,New Zealand",Indonesia,163.897,11477.9975,OLED,0.4,0.0,0.0,109.0,N/A,N/A,400.0,Approved,2027-01-18,,Single product class,Available,5.5,,,5.68346052076461,https://reg.energyrating.gov.au/static/common/images/star_ratings_2014/EnergyStarRating_5.5_Star.eps,https://reg.energyrating.gov.au/static/common/images/star_ratings_2014/Star-rating-5.5.png,Internal,Analogue/Digital,AS/NZS 62087.1:2010,ATV4850,Greenhouse and Energy Minimum Standards (Televisions) Determination 2013
459,143759,LG,OLED77A2PSA,,"Australia,New Zealand",Indonesia,194.738,16204.123099999999,OLED,0.4,0.0,0.0,126.0,N/A,N/A,462.0,Approved,2026-12-19,,Single product class,Available,6.0,,,6.507230706659042,https://reg.energyrating.gov.au/static/common/images/star_ratings_2014/EnergyStarRating_6_Star.eps,https://reg.energyrating.gov.au/static/common/images/star_ratings_2014/Star-rating-6.png,Internal,Analogue/Digital,AS/NZS 62087.1:2010,ATV4772,Greenhouse and Energy Minimum Standards (Televisions) Determination 2013
460,143826,SAMSUNG ELECTRONICS,QA75QN800BW,QA75QN800B*,"Australia,Fiji,New Zealand",Vietnam,189.338,15318.8066,LCD (LED),0.5,0.0,0.0,339.0,N/A,N/A,1240.0,Approved,2027-01-10,,Single product class,Available,1.5,,http://www.samsung.com.au,1.8416473664139523,https://reg.energyrating.gov.au/static/common/images/star_ratings_2014/EnergyStarRating_1.5_Star.eps,https://reg.energyrating.gov.au/static/common/images/star_ratings_2014/Star-rating-1.5.png,Internal,Digital,,ATV4802,Greenhouse and Energy Minimum Standards (Televisions) Determination 2013
461,143826,SAMSUNG ELECTRONICS,QA75QN800BS,QA75QN800B*,"Australia,Fiji,New Zealand",Vietnam,189.338,15318.8066,LCD (LED),0.5,0.0,0.0,339.0,N/A,N/A,1240.0,Approved,2027-01-10,,Single product class,Available,1.5,,http://www.samsung.com.au,1.8416473664139523,https://reg.energyrating.gov.au/static/common/images/star_ratings_2014/EnergyStarRating_1.5_Star.eps,https://reg.energyrating.gov.au/static/common/images/star_ratings_2014/Star-rating-1.5.png,Internal,Digital,,ATV4802,Greenhouse and Energy Minimum Standards (Televisions) Determination 2013
462,143826,SAMSUNG ELECTRONICS,QA75QN800B*,QA75QN800B*,"Australia,Fiji,New Zealand",Vietnam,189.338,15318.8066,LCD (LED),0.5,0.0,0.0,339.0,N/A,N/A,1240.0,Approved,2027-01-10,,Single product class,Available,1.5,,http://www.samsung.com.au,1.8416473664139523,https://reg.energyrating.gov.au/static/common/images/star_ratings_2014/EnergyStarRating_1.5_Star.eps,https://reg.energyrating.gov.au/static/common/images/star_ratings_2014/Star-rating-1.5.png,Internal,Digital,,ATV4802,Greenhouse and Energy Minimum Standards (Televisions) Determination 2013
463,143827,SAMSUNG ELECTRONICS,QA85QN800BW,QA85QN800B*,"Australia,Fiji,New Zealand",Vietnam,214.783,19712.16,LCD (LED),0.5,0.0,0.0,389.0,N/A,N/A,1423.0,Approved,2027-01-10,,Single product class,Available,2.0,,http://www.samsung.com.au,2.310883880229027,https://reg.energyrating.gov.au/static/common/images/star_ratings_2014/EnergyStarRating_2_Star.eps,https://reg.energyrating.gov.au/static/common/images/star_ratings_2014/Star-rating-2.png,Internal,Digital,,ATV4801,Greenhouse and Energy Minimum Standards (Televisions) Determination 2013
464,143827,SAMSUNG ELECTRONICS,QA85QN800BS,QA85QN800B*,"Australia,Fiji,New Zealand",Vietnam,214.783,19712.16,LCD (LED),0.5,0.0,0.0,389.0,N/A,N/A,1423.0,Approved,2027-01-10,,Single product class,Available,2.0,,http://www.samsung.com.au,2.310883880229027,https://reg.energyrating.gov.au/static/common/images/star_ratings_2014/EnergyStarRating_2_Star.eps,https://reg.energyrating.gov.au/static/common/images/star_ratings_2014/Star-rating-2.png,Internal,Digital,,ATV4801,Greenhouse and Energy Minimum Standards (Televisions) Determination 2013
465,143827,SAMSUNG ELECTRONICS,QA85QN800B*,QA85QN800B*,"Australia,Fiji,New Zealand",Vietnam,214.783,19712.16,LCD (LED),0.5,0.0,0.0,389.0,N/A,N/A,1423.0,Approved,2027-01-10,,Single product class,Available,2.0,,http://www.samsung.com.au,2.310883880229027,https://reg.energyrating.gov.au/static/common/images/star_ratings_2014/EnergyStarRating_2_Star.eps,https://reg.energyrating.gov.au/static/common/images/star_ratings_2014/Star-rating-2.png,Internal,Digital,,ATV4801,Greenhouse and Energy Minimum Standards (Televisions) Determination 2013
466,143828,SAMSUNG ELECTRONICS,QA55QN90BAW,QA55QN90BA*,"Australia,Fiji,New Zealand",Vietnam,138.783,8230.118400000001,LCD (LED),0.5,0.0,0.0,162.0,N/A,N/A,594.0,Approved,2027-01-10,,Single product class,Available,2.5,,http://www.samsung.com.au,2.5213419557826757,https://reg.energyrating.gov.au/static/common/images/star_ratings_2014/EnergyStarRating_2.5_Star.eps,https://reg.energyrating.gov.au/static/common/images/star_ratings_2014/Star-rating-2.5.png,Internal,Digital,,ATV4800,Greenhouse and Energy Minimum Standards (Televisions) Determination 2013
467,143828,SAMSUNG ELECTRONICS,QA55QN90BAS,QA55QN90BA*,"Australia,Fiji,New Zealand",Vietnam,138.783,8230.118400000001,LCD (LED),0.5,0.0,0.0,162.0,N/A,N/A,594.0,Approved,2027-01-10,,Single product class,Available,2.5,,http://www.samsung.com.au,2.5213419557826757,https://reg.energyrating.gov.au/static/common/images/star_ratings_2014/EnergyStarRating_2.5_Star.eps,https://reg.energyrating.gov.au/static/common/images/star_ratings_2014/Star-rating-2.5.png,Internal,Digital,,ATV4800,Greenhouse and Energy Minimum Standards (Televisions) Determination 2013
468,143828,SAMSUNG ELECTRONICS,QA55QN90BA*,QA55QN90BA*,"Australia,Fiji,New Zealand",Vietnam,138.783,8230.118400000001,LCD (LED),0.5,0.0,0.0,162.0,N/A,N/A,594.0,Approved,2027-01-10,,Single product class,Available,2.5,,http://www.samsung.com.au,2.5213419557826757,https://reg.energyrating.gov.au/static/common/images/star_ratings_2014/EnergyStarRating_2.5_Star.eps,https://reg.energyrating.gov.au/static/common/images/star_ratings_2014/Star-rating-2.5.png,Internal,Digital,,ATV4800,Greenhouse and Energy Minimum Standards (Televisions) Determination 2013
469,143830,SAMSUNG ELECTRONICS,QA85QN90BAW,QA85QN90BA*,"Australia,Fiji,New Zealand",Vietnam,214.783,19712.16,LCD (LED),0.5,0.0,0.0,304.0,N/A,N/A,1113.0,Approved,2027-01-10,,Single product class,Available,3.0,,http://www.samsung.com.au,3.4120057605934937,https://reg.energyrating.gov.au/static/common/images/star_ratings_2014/EnergyStarRating_3_Star.eps,https://reg.energyrating.gov.au/static/common/images/star_ratings_2014/Star-rating-3.png,Internal,Digital,,ATV4799,Greenhouse and Energy Minimum Standards (Televisions) Determination 2013
470,143830,SAMSUNG ELECTRONICS,QA85QN90BAS,QA85QN90BA*,"Australia,Fiji,New Zealand",Vietnam,214.783,19712.16,LCD (LED),0.5,0.0,0.0,304.0,N/A,N/A,1113.0,Approved,2027-01-10,,Single product class,Available,3.0,,http://www.samsung.com.au,3.4120057605934937,https://reg.energyrating.gov.au/static/common/images/star_ratings_2014/EnergyStarRating_3_Star.eps,https://reg.energyrating.gov.au/static/common/images/star_ratings_2014/Star-rating-3.png,Internal,Digital,,ATV4799,Greenhouse and Energy Minimum Standards (Televisions) Determination 2013
471,143830,SAMSUNG ELECTRONICS,QA85QN90BA*,QA85QN90BA*,"Australia,Fiji,New Zealand",Vietnam,214.783,19712.16,LCD (LED),0.5,0.0,0.0,304.0,N/A,N/A,1113.0,Approved,2027-01-10,,Single product class,Available,3.0,,http://www.samsung.com.au,3.4120057605934937,https://reg.energyrating.gov.au/static/common/images/star_ratings_2014/EnergyStarRating_3_Star.eps,https://reg.energyrating.gov.au/static/common/images/star_ratings_2014/Star-rating-3.png,Internal,Digital,,ATV4799,Greenhouse and Energy Minimum Standards (Televisions) Determination 2013
472,143833,AKAI,AK5021S6WOS,,"Australia,Fiji,New Zealand",China,125.774,6762.32,LCD (LED),0.35,0.037,0.0,54.8,N/A,N/A,202.0,Approved,2027-01-31,,Single product class,Available,6.0,,,6.550386915674646,https://reg.energyrating.gov.au/static/common/images/star_ratings_2014/EnergyStarRating_6_Star.eps,https://reg.energyrating.gov.au/static/common/images/star_ratings_2014/Star-rating-6.png,Internal,Analogue/Digital,AS/NZS 62087.1:2010,ATV4884,Greenhouse and Energy Minimum Standards (Televisions) Determination 2013
473,143840,SAMSUNG ELECTRONICS,QA43QN90BAW,QA43QN90BA*,"Australia,Fiji,New Zealand",Vietnam,107.987,4982.7128,LCD (LED),0.5,0.0,0.0,99.0,N/A,N/A,364.0,Approved,2027-01-10,,Single product class,Available,2.5,,http://www.samsung.com.au,2.6904934974743866,https://reg.energyrating.gov.au/static/common/images/star_ratings_2014/EnergyStarRating_2.5_Star.eps,https://reg.energyrating.gov.au/static/common/images/star_ratings_2014/Star-rating-2.5.png,Internal,Digital,,ATV4798,Greenhouse and Energy Minimum Standards (Televisions) Determination 2013
474,143840,SAMSUNG ELECTRONICS,QA43QN90BAS,QA43QN90BA*,"Australia,Fiji,New Zealand",Vietnam,107.987,4982.7128,LCD (LED),0.5,0.0,0.0,99.0,N/A,N/A,364.0,Approved,2027-01-10,,Single product class,Available,2.5,,http://www.samsung.com.au,2.6904934974743866,https://reg.energyrating.gov.au/static/common/images/star_ratings_2014/EnergyStarRating_2.5_Star.eps,https://reg.energyrating.gov.au/static/common/images/star_ratings_2014/Star-rating-2.5.png,Internal,Digital,,ATV4798,Greenhouse and Energy Minimum Standards (Televisions) Determination 2013
475,143840,SAMSUNG ELECTRONICS,QA43QN90BA*,QA43QN90BA*,"Australia,Fiji,New Zealand",Vietnam,107.987,4982.7128,LCD (LED),0.5,0.0,0.0,99.0,N/A,N/A,364.0,Approved,2027-01-10,,Single product class,Available,2.5,,http://www.samsung.com.au,2.6904934974743866,https://reg.energyrating.gov.au/static/common/images/star_ratings_2014/EnergyStarRating_2.5_Star.eps,https://reg.energyrating.gov.au/static/common/images/star_ratings_2014/Star-rating-2.5.png,Internal,Digital,,ATV4798,Greenhouse and Energy Minimum Standards (Televisions) Determination 2013
476,143841,SAMSUNG ELECTRONICS,QA50LS03BAW,QA50LS03BA*,"Australia,Fiji,New Zealand",Vietnam,125.727,6754.5112,LCD (LED),0.5,0.0,0.0,96.0,N/A,N/A,353.0,Approved,2027-01-10,,Single product class,Available,4.0,,http://www.samsung.com.au,4.044164846323894,https://reg.energyrating.gov.au/static/common/images/star_ratings_2014/EnergyStarRating_4_Star.eps,https://reg.energyrating.gov.au/static/common/images/star_ratings_2014/Star-rating-4.png,Internal,Digital,,ATV4797,Greenhouse and Energy Minimum Standards (Televisions) Determination 2013
477,143841,SAMSUNG ELECTRONICS,QA50LS03BAS,QA50LS03BA*,"Australia,Fiji,New Zealand",Vietnam,125.727,6754.5112,LCD (LED),0.5,0.0,0.0,96.0,N/A,N/A,353.0,Approved,2027-01-10,,Single product class,Available,4.0,,http://www.samsung.com.au,4.044164846323894,https://reg.energyrating.gov.au/static/common/images/star_ratings_2014/EnergyStarRating_4_Star.eps,https://reg.energyrating.gov.au/static/common/images/star_ratings_2014/Star-rating-4.png,Internal,Digital,,ATV4797,Greenhouse and Energy Minimum Standards (Televisions) Determination 2013
478,143841,SAMSUNG ELECTRONICS,QA50LS03BA*,QA50LS03BA*,"Australia,Fiji,New Zealand",Vietnam,125.727,6754.5112,LCD (LED),0.5,0.0,0.0,96.0,N/A,N/A,353.0,Approved,2027-01-10,,Single product class,Available,4.0,,http://www.samsung.com.au,4.044164846323894,https://reg.energyrating.gov.au/static/common/images/star_ratings_2014/EnergyStarRating_4_Star.eps,https://reg.energyrating.gov.au/static/common/images/star_ratings_2014/Star-rating-4.png,Internal,Digital,,ATV4797,Greenhouse and Energy Minimum Standards (Televisions) Determination 2013
479,143842,SAMSUNG ELECTRONICS,QA55LS03BAW,QA55LS03BA*,"Australia,Fiji,New Zealand",Vietnam,138.783,8230.118400000001,LCD (LED),0.5,0.0,0.0,140.0,N/A,N/A,514.0,Approved,2027-01-12,,Single product class,Available,3.0,,http://www.samsung.com.au,3.169606505914303,https://reg.energyrating.gov.au/static/common/images/star_ratings_2014/EnergyStarRating_3_Star.eps,https://reg.energyrating.gov.au/static/common/images/star_ratings_2014/Star-rating-3.png,Internal,Digital,,ATV4814,Greenhouse and Energy Minimum Standards (Televisions) Determination 2013
480,143842,SAMSUNG ELECTRONICS,QA55LS03BAS,QA55LS03BA*,"Australia,Fiji,New Zealand",Vietnam,138.783,8230.118400000001,LCD (LED),0.5,0.0,0.0,140.0,N/A,N/A,514.0,Approved,2027-01-12,,Single product class,Available,3.0,,http://www.samsung.com.au,3.169606505914303,https://reg.energyrating.gov.au/static/common/images/star_ratings_2014/EnergyStarRating_3_Star.eps,https://reg.energyrating.gov.au/static/common/images/star_ratings_2014/Star-rating-3.png,Internal,Digital,,ATV4814,Greenhouse and Energy Minimum Standards (Televisions) Determination 2013
481,143842,SAMSUNG ELECTRONICS,QA55LS03BA*,QA55LS03BA*,"Australia,Fiji,New Zealand",Vietnam,138.783,8230.118400000001,LCD (LED),0.5,0.0,0.0,140.0,N/A,N/A,514.0,Approved,2027-01-12,,Single product class,Available,3.0,,http://www.samsung.com.au,3.169606505914303,https://reg.energyrating.gov.au/static/common/images/star_ratings_2014/EnergyStarRating_3_Star.eps,https://reg.energyrating.gov.au/static/common/images/star_ratings_2014/Star-rating-3.png,Internal,Digital,,ATV4814,Greenhouse and Energy Minimum Standards (Televisions) Determination 2013
482,143843,SAMSUNG ELECTRONICS,QA55QN85BAW,QA55QN85BA*,"Australia,Fiji,New Zealand",Vietnam,138.783,8230.118400000001,LCD (LED),0.5,0.0,0.0,136.0,N/A,N/A,499.0,Approved,2027-01-10,,Single product class,Available,3.0,,http://www.samsung.com.au,3.302333486054286,https://reg.energyrating.gov.au/static/common/images/star_ratings_2014/EnergyStarRating_3_Star.eps,https://reg.energyrating.gov.au/static/common/images/star_ratings_2014/Star-rating-3.png,Internal,Digital,,ATV4796,Greenhouse and Energy Minimum Standards (Televisions) Determination 2013
483,143843,SAMSUNG ELECTRONICS,QA55QN85BAS,QA55QN85BA*,"Australia,Fiji,New Zealand",Vietnam,138.783,8230.118400000001,LCD (LED),0.5,0.0,0.0,136.0,N/A,N/A,499.0,Approved,2027-01-10,,Single product class,Available,3.0,,http://www.samsung.com.au,3.302333486054286,https://reg.energyrating.gov.au/static/common/images/star_ratings_2014/EnergyStarRating_3_Star.eps,https://reg.energyrating.gov.au/static/common/images/star_ratings_2014/Star-rating-3.png,Internal,Digital,,ATV4796,Greenhouse and Energy Minimum Standards (Televisions) Determination 2013
484,143843,SAMSUNG ELECTRONICS,QA55QN85BA*,QA55QN85BA*,"Australia,Fiji,New Zealand",Vietnam,138.783,8230.118400000001,LCD (LED),0.5,0.0,0.0,136.0,N/A,N/A,499.0,Approved,2027-01-10,,Single product class,Available,3.0,,http://www.samsung.com.au,3.302333486054286,https://reg.energyrating.gov.au/static/common/images/star_ratings_2014/EnergyStarRating_3_Star.eps,https://reg.energyrating.gov.au/static/common/images/star_ratings_2014/Star-rating-3.png,Internal,Digital,,ATV4796,Greenhouse and Energy Minimum Standards (Televisions) Determination 2013
485,143844,SAMSUNG ELECTRONICS,QA65LS03BAW,QA65LS03BA*,"Australia,Fiji,New Zealand",Vietnam,163.897,11477.9975,LCD (LED),0.5,0.0,0.0,158.0,N/A,N/A,580.0,Approved,2027-01-10,,Single product class,Available,4.0,,http://www.samsung.com.au,4.0183281239548,https://reg.energyrating.gov.au/static/common/images/star_ratings_2014/EnergyStarRating_4_Star.eps,https://reg.energyrating.gov.au/static/common/images/star_ratings_2014/Star-rating-4.png,Internal,Digital,,ATV4795,Greenhouse and Energy Minimum Standards (Televisions) Determination 2013
486,143844,SAMSUNG ELECTRONICS,QA65LS03BAS,QA65LS03BA*,"Australia,Fiji,New Zealand",Vietnam,163.897,11477.9975,LCD (LED),0.5,0.0,0.0,158.0,N/A,N/A,580.0,Approved,2027-01-10,,Single product class,Available,4.0,,http://www.samsung.com.au,4.0183281239548,https://reg.energyrating.gov.au/static/common/images/star_ratings_2014/EnergyStarRating_4_Star.eps,https://reg.energyrating.gov.au/static/common/images/star_ratings_2014/Star-rating-4.png,Internal,Digital,,ATV4795,Greenhouse and Energy Minimum Standards (Televisions) Determination 2013
487,143844,SAMSUNG ELECTRONICS,QA65LS03BA*,QA65LS03BA*,"Australia,Fiji,New Zealand",Vietnam,163.897,11477.9975,LCD (LED),0.5,0.0,0.0,158.0,N/A,N/A,580.0,Approved,2027-01-10,,Single product class,Available,4.0,,http://www.samsung.com.au,4.0183281239548,https://reg.energyrating.gov.au/static/common/images/star_ratings_2014/EnergyStarRating_4_Star.eps,https://reg.energyrating.gov.au/static/common/images/star_ratings_2014/Star-rating-4.png,Internal,Digital,,ATV4795,Greenhouse and Energy Minimum Standards (Televisions) Determination 2013
488,143845,SAMSUNG ELECTRONICS,QA65QN85BAW,QA65QN85BA*,"Australia,Fiji,New Zealand",Vietnam,163.897,11477.9975,LCD (LED),0.5,0.0,0.0,158.0,N/A,N/A,580.0,Approved,2027-01-10,,Single product class,Available,4.0,,http://www.samsung.com.au,4.0183281239548,https://reg.energyrating.gov.au/static/common/images/star_ratings_2014/EnergyStarRating_4_Star.eps,https://reg.energyrating.gov.au/static/common/images/star_ratings_2014/Star-rating-4.png,Internal,Digital,,ATV4794,Greenhouse and Energy Minimum Standards (Televisions) Determination 2013
489,143845,SAMSUNG ELECTRONICS,QA65QN85BAS,QA65QN85BA*,"Australia,Fiji,New Zealand",Vietnam,163.897,11477.9975,LCD (LED),0.5,0.0,0.0,158.0,N/A,N/A,580.0,Approved,2027-01-10,,Single product class,Available,4.0,,http://www.samsung.com.au,4.0183281239548,https://reg.energyrating.gov.au/static/common/images/star_ratings_2014/EnergyStarRating_4_Star.eps,https://reg.energyrating.gov.au/static/common/images/star_ratings_2014/Star-rating-4.png,Internal,Digital,,ATV4794,Greenhouse and Energy Minimum Standards (Televisions) Determination 2013
490,143845,SAMSUNG ELECTRONICS,QA65QN85BA*,QA65QN85BA*,"Australia,Fiji,New Zealand",Vietnam,163.897,11477.9975,LCD (LED),0.5,0.0,0.0,158.0,N/A,N/A,580.0,Approved,2027-01-10,,Single product class,Available,4.0,,http://www.samsung.com.au,4.0183281239548,https://reg.energyrating.gov.au/static/common/images/star_ratings_2014/EnergyStarRating_4_Star.eps,https://reg.energyrating.gov.au/static/common/images/star_ratings_2014/Star-rating-4.png,Internal,Digital,,ATV4794,Greenhouse and Energy Minimum Standards (Televisions) Determination 2013
491,143846,SAMSUNG ELECTRONICS,QA75LS03BAW,QA75LS03BA*,"Australia,Fiji,New Zealand",Vietnam,189.338,15318.8066,LCD (LED),0.5,0.0,0.0,195.0,N/A,N/A,715.0,Approved,2027-01-12,,Single product class,Available,4.0,,http://www.samsung.com.au,4.309046099930541,https://reg.energyrating.gov.au/static/common/images/star_ratings_2014/EnergyStarRating_4_Star.eps,https://reg.energyrating.gov.au/static/common/images/star_ratings_2014/Star-rating-4.png,Internal,Digital,,ATV4813,Greenhouse and Energy Minimum Standards (Televisions) Determination 2013
492,143846,SAMSUNG ELECTRONICS,QA75LS03BAS,QA75LS03BA*,"Australia,Fiji,New Zealand",Vietnam,189.338,15318.8066,LCD (LED),0.5,0.0,0.0,195.0,N/A,N/A,715.0,Approved,2027-01-12,,Single product class,Available,4.0,,http://www.samsung.com.au,4.309046099930541,https://reg.energyrating.gov.au/static/common/images/star_ratings_2014/EnergyStarRating_4_Star.eps,https://reg.energyrating.gov.au/static/common/images/star_ratings_2014/Star-rating-4.png,Internal,Digital,,ATV4813,Greenhouse and Energy Minimum Standards (Televisions) Determination 2013
493,143846,SAMSUNG ELECTRONICS,QA75LS03BA*,QA75LS03BA*,"Australia,Fiji,New Zealand",Vietnam,189.338,15318.8066,LCD (LED),0.5,0.0,0.0,195.0,N/A,N/A,715.0,Approved,2027-01-12,,Single product class,Available,4.0,,http://www.samsung.com.au,4.309046099930541,https://reg.energyrating.gov.au/static/common/images/star_ratings_2014/EnergyStarRating_4_Star.eps,https://reg.energyrating.gov.au/static/common/images/star_ratings_2014/Star-rating-4.png,Internal,Digital,,ATV4813,Greenhouse and Energy Minimum Standards (Televisions) Determination 2013
494,143847,SAMSUNG ELECTRONICS,QA85LS03BAW,QA85LS03BA*,"Australia,Fiji,New Zealand",Vietnam,214.783,19712.16,LCD (LED),0.5,0.0,0.0,250.0,N/A,N/A,916.0,Approved,2027-01-10,,Single product class,Available,4.0,,http://www.samsung.com.au,4.284977376641311,https://reg.energyrating.gov.au/static/common/images/star_ratings_2014/EnergyStarRating_4_Star.eps,https://reg.energyrating.gov.au/static/common/images/star_ratings_2014/Star-rating-4.png,Internal,Digital,,ATV4793,Greenhouse and Energy Minimum Standards (Televisions) Determination 2013
495,143847,SAMSUNG ELECTRONICS,QA85LS03BAS,QA85LS03BA*,"Australia,Fiji,New Zealand",Vietnam,214.783,19712.16,LCD (LED),0.5,0.0,0.0,250.0,N/A,N/A,916.0,Approved,2027-01-10,,Single product class,Available,4.0,,http://www.samsung.com.au,4.284977376641311,https://reg.energyrating.gov.au/static/common/images/star_ratings_2014/EnergyStarRating_4_Star.eps,https://reg.energyrating.gov.au/static/common/images/star_ratings_2014/Star-rating-4.png,Internal,Digital,,ATV4793,Greenhouse and Energy Minimum Standards (Televisions) Determination 2013
496,143847,SAMSUNG ELECTRONICS,QA85LS03BA*,QA85LS03BA*,"Australia,Fiji,New Zealand",Vietnam,214.783,19712.16,LCD (LED),0.5,0.0,0.0,250.0,N/A,N/A,916.0,Approved,2027-01-10,,Single product class,Available,4.0,,http://www.samsung.com.au,4.284977376641311,https://reg.energyrating.gov.au/static/common/images/star_ratings_2014/EnergyStarRating_4_Star.eps,https://reg.energyrating.gov.au/static/common/images/star_ratings_2014/Star-rating-4.png,Internal,Digital,,ATV4793,Greenhouse and Energy Minimum Standards (Televisions) Determination 2013
497,143886,LG,43UP801C0TB,,"Australia,New Zealand",Indonesia,107.987,4982.7128,LCD (LED),0.4,0.0,0.0,78.0,N/A,N/A,287.0,Approved,2027-01-10,,Single product class,Available,3.5,,,3.755600019609336,https://reg.energyrating.gov.au/static/common/images/star_ratings_2014/EnergyStarRating_3.5_Star.eps,https://reg.energyrating.gov.au/static/common/images/star_ratings_2014/Star-rating-3.5.png,Internal,Analogue/Digital,AS/NZS 62087.1:2010,ATV4792,Greenhouse and Energy Minimum Standards (Televisions) Determination 2013
498,143887,LG,50UP801C0TB,,"Australia,New Zealand",Indonesia,125.727,6754.5112,LCD (LED),0.4,0.0,0.0,93.0,N/A,N/A,342.0,Approved,2027-01-10,,Single product class,Available,4.0,,,4.186034596465652,https://reg.energyrating.gov.au/static/common/images/star_ratings_2014/EnergyStarRating_4_Star.eps,https://reg.energyrating.gov.au/static/common/images/star_ratings_2014/Star-rating-4.png,Internal,Analogue/Digital,AS/NZS 62087.1:2010,ATV4791,Greenhouse and Energy Minimum Standards (Televisions) Determination 2013
499,143888,LG,75UP801C0TB,,"Australia,New Zealand",Indonesia,189.275,15307.5663,LCD (LED),0.4,0.0,0.0,169.0,N/A,N/A,619.0,Approved,2027-01-13,,Single product class,Available,4.5,,,4.95201939210664,https://reg.energyrating.gov.au/static/common/images/star_ratings_2014/EnergyStarRating_4.5_Star.eps,https://reg.energyrating.gov.au/static/common/images/star_ratings_2014/Star-rating-4.5.png,Internal,Analogue/Digital,AS/NZS 62087.1:2010,ATV4820,Greenhouse and Energy Minimum Standards (Televisions) Determination 2013
500,143889,LG,86UP801C0TB,,"Australia,New Zealand",Indonesia,217.425,20200.7,LCD (LED),0.4,0.0,0.0,250.0,N/A,N/A,915.0,Approved,2027-01-13,,Single product class,Available,4.0,,,4.395864655180622,https://reg.energyrating.gov.au/static/common/images/star_ratings_2014/EnergyStarRating_4_Star.eps,https://reg.energyrating.gov.au/static/common/images/star_ratings_2014/Star-rating-4.png,Internal,Analogue/Digital,AS/NZS 62087.1:2010,ATV4819,Greenhouse and Energy Minimum Standards (Televisions) Determination 2013
501,143898,METZ,40MTD6500A,,"Australia,Fiji,New Zealand",China,100.645,4319.76,LCD (LED),0.26,0.38,7.0,28.2,N/A,N/A,122.0,Approved,2027-01-10,,Single product class,Available,7.0,,,7.033409441022956,https://reg.energyrating.gov.au/static/common/images/star_ratings_2014/EnergyStarRating_7_Star.eps,https://reg.energyrating.gov.au/static/common/images/star_ratings_2014/Star-rating-7.png,Internal,unknown,AS/NZS 62087.1:2010,ATV4790,Greenhouse and Energy Minimum Standards (Televisions) Determination 2013
502,143944,BLAUPUNKT,BP85WOS,,Australia,China,214.783,19712.16,LCD,-,-,-,317.2,N/A,N/A,1159.0,Approved,2027-01-12,,Single product class,Unavailable,3.0,http://www.ayonz.com/,,3.2305150035194496,https://reg.energyrating.gov.au/static/common/images/star_ratings_2014/EnergyStarRating_3_Star.eps,https://reg.energyrating.gov.au/static/common/images/star_ratings_2014/Star-rating-3.png,Internal,Analogue/Digital,AS/NZS 62087.1:2010,ATV4812,Greenhouse and Energy Minimum Standards (Televisions) Determination 2013
503,143946,EKO,K500USG,,Australia,China,125.638,6745.2,LCD,0.36,0.36,7.0,59.9,N/A,N/A,226.0,Approved,2027-01-12,,Single product class,Available,6.0,http://www.ayonz.com/,,6.03697736111736,https://reg.energyrating.gov.au/static/common/images/star_ratings_2014/EnergyStarRating_6_Star.eps,https://reg.energyrating.gov.au/static/common/images/star_ratings_2014/Star-rating-6.png,Internal,Digital,AS/NZS 62087.1:2010,ATV4811,Greenhouse and Energy Minimum Standards (Televisions) Determination 2013
504,143947,EKO,K550USG,,Australia,China,138.783,8230.118400000001,LCD,-,-,-,87.2,N/A,N/A,321.0,Approved,2027-01-12,,Single product class,Available,5.0,http://www.ayonz.com/,,5.279379069595689,https://reg.energyrating.gov.au/static/common/images/star_ratings_2014/EnergyStarRating_5_Star.eps,https://reg.energyrating.gov.au/static/common/images/star_ratings_2014/Star-rating-5.png,Internal,Analogue/Digital,AS/NZS 62087.1:2010,ATV4810,Greenhouse and Energy Minimum Standards (Televisions) Determination 2013
505,143949,EKO,K550USG,,Australia,China,138.783,8230.118400000001,LCD,0.36,0.0,0.0,115.1,N/A,N/A,455.0,Approved,2027-01-12,,Single product class,Available,3.5,http://www.ayonz.com/,,3.7160074473088853,https://reg.energyrating.gov.au/static/common/images/star_ratings_2014/EnergyStarRating_3.5_Star.eps,https://reg.energyrating.gov.au/static/common/images/star_ratings_2014/Star-rating-3.5.png,Internal,Digital,AS/NZS 62087.1:2010,ATV4809,Greenhouse and Energy Minimum Standards (Televisions) Determination 2013
506,143950,BLAUPUNKT,BP550USG9500,,Australia,China,138.783,8230.118400000001,LCD,0.36,0.0,0.0,115.1,N/A,N/A,455.0,Approved,2027-01-12,,Single product class,Available,3.5,http://www.ayonz.com/,,3.7160074473088853,https://reg.energyrating.gov.au/static/common/images/star_ratings_2014/EnergyStarRating_3.5_Star.eps,https://reg.energyrating.gov.au/static/common/images/star_ratings_2014/Star-rating-3.5.png,Internal,Digital,AS/NZS 62087.1:2010,ATV4808,Greenhouse and Energy Minimum Standards (Televisions) Determination 2013
507,143954,BLAUPUNKT,BP2400HDV7100,,Australia,China,60.47,1562.462784,LCD,0.23,0.0,0.0,23.28,N/A,N/A,87.0,Approved,2027-01-20,,Single product class,Available,4.5,http://www.ayonz.com/,,4.977614981385587,https://reg.energyrating.gov.au/static/common/images/star_ratings_2014/EnergyStarRating_4.5_Star.eps,https://reg.energyrating.gov.au/static/common/images/star_ratings_2014/Star-rating-4.5.png,EPS,Digital,AS/NZS 62087.1:2010,ATV4868,Greenhouse and Energy Minimum Standards (Televisions) Determination 2013
508,144002,SONY,KD-65X75K,,"Australia,New Zealand",Vietnam,163.878,11481.120000000003,LCD (LED),0.5,10.7,0.65,129.6,N/A,N/A,478.0,Approved,2027-01-12,,Single product class,Available,4.5,http://www.sony.com.au/,,4.88626150283395,https://reg.energyrating.gov.au/static/common/images/star_ratings_2014/EnergyStarRating_4.5_Star.eps,https://reg.energyrating.gov.au/static/common/images/star_ratings_2014/Star-rating-4.5.png,Internal,Analogue/Digital,AS/NZS 62087.1:2010,ATV4807,Greenhouse and Energy Minimum Standards (Televisions) Determination 2013
509,144004,SONY,KD-55X75K,,"Australia,New Zealand",Vietnam,138.798,8228.0,LCD (LED),0.5,12.1,0.65,101.4,N/A,N/A,376.0,Approved,2027-01-13,,Single product class,Available,4.5,http://www.sony.com.au/,,4.569588181025617,https://reg.energyrating.gov.au/static/common/images/star_ratings_2014/EnergyStarRating_4.5_Star.eps,https://reg.energyrating.gov.au/static/common/images/star_ratings_2014/Star-rating-4.5.png,Internal,Analogue/Digital,AS/NZS 62087.1:2010,ATV4818,Greenhouse and Energy Minimum Standards (Televisions) Determination 2013
510,144009,SONY,XR-85X90K,,"Australia,New Zealand",Malaysia,214.783,19712.16,LCD (LED),0.5,23.9,0.65,235.8,N/A,N/A,869.0,Approved,2027-01-12,,Single product class,Available,4.5,http://www.sony.com.au/,,4.5210282913933515,https://reg.energyrating.gov.au/static/common/images/star_ratings_2014/EnergyStarRating_4.5_Star.eps,https://reg.energyrating.gov.au/static/common/images/star_ratings_2014/Star-rating-4.5.png,Internal,Analogue/Digital,AS/NZS 62087.1:2010,ATV4804,Greenhouse and Energy Minimum Standards (Televisions) Determination 2013
511,144021,SONY,KD-55X80K,,"Australia,New Zealand",Malaysia,138.798,8228.0,LCD (LED),0.5,13.6,0.65,126.2,N/A,N/A,467.0,Approved,2027-01-13,,Single product class,Available,3.5,http://www.sony.com.au/,,3.5982846725777753,https://reg.energyrating.gov.au/static/common/images/star_ratings_2014/EnergyStarRating_3.5_Star.eps,https://reg.energyrating.gov.au/static/common/images/star_ratings_2014/Star-rating-3.5.png,Internal,Analogue/Digital,AS/NZS 62087.1:2010,ATV4816,Greenhouse and Energy Minimum Standards (Televisions) Determination 2013
512,144023,SONY,KD-75X80K,,"Australia,New Zealand",Malaysia,189.306,15312.0,LCD (LED),0.5,13.1,0.65,191.3,N/A,N/A,704.0,Approved,2027-01-12,,Single product class,Available,4.0,http://www.sony.com.au/,,4.376622293003026,https://reg.energyrating.gov.au/static/common/images/star_ratings_2014/EnergyStarRating_4_Star.eps,https://reg.energyrating.gov.au/static/common/images/star_ratings_2014/Star-rating-4.png,Internal,Analogue/Digital,AS/NZS 62087.1:2010,ATV4803,Greenhouse and Energy Minimum Standards (Televisions) Determination 2013
513,144031,kogan,KAQLED85XQ9610STA,,"Australia,Fiji,New Zealand",China,214.783,19712.16,LCD (LED),0.32,0.0,0.0,260.1,N/A,N/A,970.0,Approved,2027-01-13,,Single product class,Available,4.0,,,4.0282829461460175,https://reg.energyrating.gov.au/static/common/images/star_ratings_2014/EnergyStarRating_4_Star.eps,https://reg.energyrating.gov.au/static/common/images/star_ratings_2014/Star-rating-4.png,Internal,Analogue/Digital,AS/NZS 62087.1:2010,ATV4815,Greenhouse and Energy Minimum Standards (Televisions) Determination 2013
514,144046,SAMSUNG ELECTRONICS,QA65QN900BW,QA65QN900B*,"Australia,Fiji,New Zealand",Vietnam,163.897,11477.9975,LCD (LED),0.5,0.0,0.0,310.0,N/A,N/A,1135.0,Approved,2027-01-18,,Single product class,Available,1.0,,http://www.samsung.com.au,1.0096826918056427,https://reg.energyrating.gov.au/static/common/images/star_ratings_2014/EnergyStarRating_1_Star.eps,https://reg.energyrating.gov.au/static/common/images/star_ratings_2014/Star-rating-1.png,Internal,Digital,,ATV4849,Greenhouse and Energy Minimum Standards (Televisions) Determination 2013
515,144046,SAMSUNG ELECTRONICS,QA65QN900BS,QA65QN900B*,"Australia,Fiji,New Zealand",Vietnam,163.897,11477.9975,LCD (LED),0.5,0.0,0.0,310.0,N/A,N/A,1135.0,Approved,2027-01-18,,Single product class,Available,1.0,,http://www.samsung.com.au,1.0096826918056427,https://reg.energyrating.gov.au/static/common/images/star_ratings_2014/EnergyStarRating_1_Star.eps,https://reg.energyrating.gov.au/static/common/images/star_ratings_2014/Star-rating-1.png,Internal,Digital,,ATV4849,Greenhouse and Energy Minimum Standards (Televisions) Determination 2013
516,144046,SAMSUNG ELECTRONICS,QA65QN900B*,QA65QN900B*,"Australia,Fiji,New Zealand",Vietnam,163.897,11477.9975,LCD (LED),0.5,0.0,0.0,310.0,N/A,N/A,1135.0,Approved,2027-01-18,,Single product class,Available,1.0,,http://www.samsung.com.au,1.0096826918056427,https://reg.energyrating.gov.au/static/common/images/star_ratings_2014/EnergyStarRating_1_Star.eps,https://reg.energyrating.gov.au/static/common/images/star_ratings_2014/Star-rating-1.png,Internal,Digital,,ATV4849,Greenhouse and Energy Minimum Standards (Televisions) Determination 2013
517,144049,SAMSUNG ELECTRONICS,QA85QN900BW,QA85QN900B*,"Australia,Fiji,New Zealand",Vietnam,214.783,19712.16,LCD (LED),0.5,0.0,0.0,439.0,N/A,N/A,1605.0,Approved,2027-01-18,,Single product class,Available,1.5,,http://www.samsung.com.au,1.7715161200342038,https://reg.energyrating.gov.au/static/common/images/star_ratings_2014/EnergyStarRating_1.5_Star.eps,https://reg.energyrating.gov.au/static/common/images/star_ratings_2014/Star-rating-1.5.png,Internal,Digital,,ATV4848,Greenhouse and Energy Minimum Standards (Televisions) Determination 2013
518,144049,SAMSUNG ELECTRONICS,QA85QN900BS,QA85QN900B*,"Australia,Fiji,New Zealand",Vietnam,214.783,19712.16,LCD (LED),0.5,0.0,0.0,439.0,N/A,N/A,1605.0,Approved,2027-01-18,,Single product class,Available,1.5,,http://www.samsung.com.au,1.7715161200342038,https://reg.energyrating.gov.au/static/common/images/star_ratings_2014/EnergyStarRating_1.5_Star.eps,https://reg.energyrating.gov.au/static/common/images/star_ratings_2014/Star-rating-1.5.png,Internal,Digital,,ATV4848,Greenhouse and Energy Minimum Standards (Televisions) Determination 2013
519,144049,SAMSUNG ELECTRONICS,QA85QN900B*,QA85QN900B*,"Australia,Fiji,New Zealand",Vietnam,214.783,19712.16,LCD (LED),0.5,0.0,0.0,439.0,N/A,N/A,1605.0,Approved,2027-01-18,,Single product class,Available,1.5,,http://www.samsung.com.au,1.7715161200342038,https://reg.energyrating.gov.au/static/common/images/star_ratings_2014/EnergyStarRating_1.5_Star.eps,https://reg.energyrating.gov.au/static/common/images/star_ratings_2014/Star-rating-1.5.png,Internal,Digital,,ATV4848,Greenhouse and Energy Minimum Standards (Televisions) Determination 2013
520,144057,SONY,KD-65X80K,,"Australia,New Zealand",Malaysia,163.878,11481.120000000003,LCD (LED),0.5,12.0,0.65,147.6,N/A,N/A,544.0,Approved,2027-01-16,,Single product class,Available,4.0,http://www.sony.com.au/,,4.306641282564334,https://reg.energyrating.gov.au/static/common/images/star_ratings_2014/EnergyStarRating_4_Star.eps,https://reg.energyrating.gov.au/static/common/images/star_ratings_2014/Star-rating-4.png,Internal,Analogue/Digital,AS/NZS 62087.1:2010,ATV4830,Greenhouse and Energy Minimum Standards (Televisions) Determination 2013
521,144065,SAMSUNG ELECTRONICS,QA75QN900BW,QA75QN900B*,"Australia,Fiji,New Zealand",Vietnam,189.338,15318.8066,LCD (LED),0.5,0.0,0.0,395.0,N/A,N/A,1445.0,Approved,2027-01-18,,Single product class,Available,1.0,,http://www.samsung.com.au,1.1559993114001974,https://reg.energyrating.gov.au/static/common/images/star_ratings_2014/EnergyStarRating_1_Star.eps,https://reg.energyrating.gov.au/static/common/images/star_ratings_2014/Star-rating-1.png,Internal,Digital,,ATV4847,Greenhouse and Energy Minimum Standards (Televisions) Determination 2013
522,144065,SAMSUNG ELECTRONICS,QA75QN900BS,QA75QN900B*,"Australia,Fiji,New Zealand",Vietnam,189.338,15318.8066,LCD (LED),0.5,0.0,0.0,395.0,N/A,N/A,1445.0,Approved,2027-01-18,,Single product class,Available,1.0,,http://www.samsung.com.au,1.1559993114001974,https://reg.energyrating.gov.au/static/common/images/star_ratings_2014/EnergyStarRating_1_Star.eps,https://reg.energyrating.gov.au/static/common/images/star_ratings_2014/Star-rating-1.png,Internal,Digital,,ATV4847,Greenhouse and Energy Minimum Standards (Televisions) Determination 2013
523,144065,SAMSUNG ELECTRONICS,QA75QN900B*,QA75QN900B*,"Australia,Fiji,New Zealand",Vietnam,189.338,15318.8066,LCD (LED),0.5,0.0,0.0,395.0,N/A,N/A,1445.0,Approved,2027-01-18,,Single product class,Available,1.0,,http://www.samsung.com.au,1.1559993114001974,https://reg.energyrating.gov.au/static/common/images/star_ratings_2014/EnergyStarRating_1_Star.eps,https://reg.energyrating.gov.au/static/common/images/star_ratings_2014/Star-rating-1.png,Internal,Digital,,ATV4847,Greenhouse and Energy Minimum Standards (Televisions) Determination 2013
524,144102,SAMSUNG ELECTRONICS,QA43LS03BAW,QA43LS03BA*,"Australia,Fiji,New Zealand",Vietnam,107.987,4982.7128,LCD (LED),0.5,0.0,0.0,92.0,N/A,N/A,339.0,Approved,2027-01-18,,Single product class,Available,3.0,,http://www.samsung.com.au,3.009363390138676,https://reg.energyrating.gov.au/static/common/images/star_ratings_2014/EnergyStarRating_3_Star.eps,https://reg.energyrating.gov.au/static/common/images/star_ratings_2014/Star-rating-3.png,Internal,Digital,,ATV4846,Greenhouse and Energy Minimum Standards (Televisions) Determination 2013
525,144102,SAMSUNG ELECTRONICS,QA43LS03BAS,QA43LS03BA*,"Australia,Fiji,New Zealand",Vietnam,107.987,4982.7128,LCD (LED),0.5,0.0,0.0,92.0,N/A,N/A,339.0,Approved,2027-01-18,,Single product class,Available,3.0,,http://www.samsung.com.au,3.009363390138676,https://reg.energyrating.gov.au/static/common/images/star_ratings_2014/EnergyStarRating_3_Star.eps,https://reg.energyrating.gov.au/static/common/images/star_ratings_2014/Star-rating-3.png,Internal,Digital,,ATV4846,Greenhouse and Energy Minimum Standards (Televisions) Determination 2013
526,144102,SAMSUNG ELECTRONICS,QA43LS03BA*,QA43LS03BA*,"Australia,Fiji,New Zealand",Vietnam,107.987,4982.7128,LCD (LED),0.5,0.0,0.0,92.0,N/A,N/A,339.0,Approved,2027-01-18,,Single product class,Available,3.0,,http://www.samsung.com.au,3.009363390138676,https://reg.energyrating.gov.au/static/common/images/star_ratings_2014/EnergyStarRating_3_Star.eps,https://reg.energyrating.gov.au/static/common/images/star_ratings_2014/Star-rating-3.png,Internal,Digital,,ATV4846,Greenhouse and Energy Minimum Standards (Televisions) Determination 2013
527,144104,SAMSUNG ELECTRONICS,QA65QN90BAW,QA65QN90BA*,"Australia,Fiji,New Zealand",Vietnam,163.897,11477.9975,LCD (LED),0.5,0.0,0.0,203.0,N/A,N/A,744.0,Approved,2027-01-18,,Single product class,Available,2.5,,http://www.samsung.com.au,2.9023965640864606,https://reg.energyrating.gov.au/static/common/images/star_ratings_2014/EnergyStarRating_2.5_Star.eps,https://reg.energyrating.gov.au/static/common/images/star_ratings_2014/Star-rating-2.5.png,Internal,Digital,,ATV4845,Greenhouse and Energy Minimum Standards (Televisions) Determination 2013
528,144104,SAMSUNG ELECTRONICS,QA65QN90BAS,QA65QN90BA*,"Australia,Fiji,New Zealand",Vietnam,163.897,11477.9975,LCD (LED),0.5,0.0,0.0,203.0,N/A,N/A,744.0,Approved,2027-01-18,,Single product class,Available,2.5,,http://www.samsung.com.au,2.9023965640864606,https://reg.energyrating.gov.au/static/common/images/star_ratings_2014/EnergyStarRating_2.5_Star.eps,https://reg.energyrating.gov.au/static/common/images/star_ratings_2014/Star-rating-2.5.png,Internal,Digital,,ATV4845,Greenhouse and Energy Minimum Standards (Televisions) Determination 2013
529,144104,SAMSUNG ELECTRONICS,QA65QN90BA*,QA65QN90BA*,"Australia,Fiji,New Zealand",Vietnam,163.897,11477.9975,LCD (LED),0.5,0.0,0.0,203.0,N/A,N/A,744.0,Approved,2027-01-18,,Single product class,Available,2.5,,http://www.samsung.com.au,2.9023965640864606,https://reg.energyrating.gov.au/static/common/images/star_ratings_2014/EnergyStarRating_2.5_Star.eps,https://reg.energyrating.gov.au/static/common/images/star_ratings_2014/Star-rating-2.5.png,Internal,Digital,,ATV4845,Greenhouse and Energy Minimum Standards (Televisions) Determination 2013
530,144105,SAMSUNG ELECTRONICS,QA65QN95BAW,QA65QN95BA*,"Australia,Fiji,New Zealand",Vietnam,163.897,11477.9975,LCD (LED),0.5,0.0,0.0,213.0,N/A,N/A,781.0,Approved,2027-01-19,,Single product class,Available,2.5,,http://www.samsung.com.au,2.684894804699953,https://reg.energyrating.gov.au/static/common/images/star_ratings_2014/EnergyStarRating_2.5_Star.eps,https://reg.energyrating.gov.au/static/common/images/star_ratings_2014/Star-rating-2.5.png,Internal,Digital,,ATV4866,Greenhouse and Energy Minimum Standards (Televisions) Determination 2013
531,144105,SAMSUNG ELECTRONICS,QA65QN95BAS,QA65QN95BA*,"Australia,Fiji,New Zealand",Vietnam,163.897,11477.9975,LCD (LED),0.5,0.0,0.0,213.0,N/A,N/A,781.0,Approved,2027-01-19,,Single product class,Available,2.5,,http://www.samsung.com.au,2.684894804699953,https://reg.energyrating.gov.au/static/common/images/star_ratings_2014/EnergyStarRating_2.5_Star.eps,https://reg.energyrating.gov.au/static/common/images/star_ratings_2014/Star-rating-2.5.png,Internal,Digital,,ATV4866,Greenhouse and Energy Minimum Standards (Televisions) Determination 2013
532,144105,SAMSUNG ELECTRONICS,QA65QN95BA*,QA65QN95BA*,"Australia,Fiji,New Zealand",Vietnam,163.897,11477.9975,LCD (LED),0.5,0.0,0.0,213.0,N/A,N/A,781.0,Approved,2027-01-19,,Single product class,Available,2.5,,http://www.samsung.com.au,2.684894804699953,https://reg.energyrating.gov.au/static/common/images/star_ratings_2014/EnergyStarRating_2.5_Star.eps,https://reg.energyrating.gov.au/static/common/images/star_ratings_2014/Star-rating-2.5.png,Internal,Digital,,ATV4866,Greenhouse and Energy Minimum Standards (Televisions) Determination 2013
533,144106,SAMSUNG ELECTRONICS,QA85QN85BAW,QA85QN85BA*,"Australia,Fiji,New Zealand",Vietnam,214.783,19712.16,LCD (LED),0.5,0.0,0.0,195.0,N/A,N/A,715.0,Approved,2027-01-19,,Single product class,Available,5.0,,http://www.samsung.com.au,5.395176710303825,https://reg.energyrating.gov.au/static/common/images/star_ratings_2014/EnergyStarRating_5_Star.eps,https://reg.energyrating.gov.au/static/common/images/star_ratings_2014/Star-rating-5.png,Internal,Digital,,ATV4865,Greenhouse and Energy Minimum Standards (Televisions) Determination 2013
534,144106,SAMSUNG ELECTRONICS,QA85QN85BAS,QA85QN85BA*,"Australia,Fiji,New Zealand",Vietnam,214.783,19712.16,LCD (LED),0.5,0.0,0.0,195.0,N/A,N/A,715.0,Approved,2027-01-19,,Single product class,Available,5.0,,http://www.samsung.com.au,5.395176710303825,https://reg.energyrating.gov.au/static/common/images/star_ratings_2014/EnergyStarRating_5_Star.eps,https://reg.energyrating.gov.au/static/common/images/star_ratings_2014/Star-rating-5.png,Internal,Digital,,ATV4865,Greenhouse and Energy Minimum Standards (Televisions) Determination 2013
535,144106,SAMSUNG ELECTRONICS,QA85QN85BA*,QA85QN85BA*,"Australia,Fiji,New Zealand",Vietnam,214.783,19712.16,LCD (LED),0.5,0.0,0.0,195.0,N/A,N/A,715.0,Approved,2027-01-19,,Single product class,Available,5.0,,http://www.samsung.com.au,5.395176710303825,https://reg.energyrating.gov.au/static/common/images/star_ratings_2014/EnergyStarRating_5_Star.eps,https://reg.energyrating.gov.au/static/common/images/star_ratings_2014/Star-rating-5.png,Internal,Digital,,ATV4865,Greenhouse and Energy Minimum Standards (Televisions) Determination 2013
536,144119,SAMSUNG ELECTRONICS,QA65Q80BAW,QA65Q80BA*,"Australia,Fiji,New Zealand",Vietnam,163.897,11477.9975,LCD (LED),0.5,0.0,0.0,206.0,N/A,N/A,755.0,Approved,2027-01-19,,Single product class,Available,2.5,,http://www.samsung.com.au,2.8366240408408006,https://reg.energyrating.gov.au/static/common/images/star_ratings_2014/EnergyStarRating_2.5_Star.eps,https://reg.energyrating.gov.au/static/common/images/star_ratings_2014/Star-rating-2.5.png,Internal,Digital,,ATV4864,Greenhouse and Energy Minimum Standards (Televisions) Determination 2013
537,144119,SAMSUNG ELECTRONICS,QA65Q80BAS,QA65Q80BA*,"Australia,Fiji,New Zealand",Vietnam,163.897,11477.9975,LCD (LED),0.5,0.0,0.0,206.0,N/A,N/A,755.0,Approved,2027-01-19,,Single product class,Available,2.5,,http://www.samsung.com.au,2.8366240408408006,https://reg.energyrating.gov.au/static/common/images/star_ratings_2014/EnergyStarRating_2.5_Star.eps,https://reg.energyrating.gov.au/static/common/images/star_ratings_2014/Star-rating-2.5.png,Internal,Digital,,ATV4864,Greenhouse and Energy Minimum Standards (Televisions) Determination 2013
538,144119,SAMSUNG ELECTRONICS,QA65Q80BA*,QA65Q80BA*,"Australia,Fiji,New Zealand",Vietnam,163.897,11477.9975,LCD (LED),0.5,0.0,0.0,206.0,N/A,N/A,755.0,Approved,2027-01-19,,Single product class,Available,2.5,,http://www.samsung.com.au,2.8366240408408006,https://reg.energyrating.gov.au/static/common/images/star_ratings_2014/EnergyStarRating_2.5_Star.eps,https://reg.energyrating.gov.au/static/common/images/star_ratings_2014/Star-rating-2.5.png,Internal,Digital,,ATV4864,Greenhouse and Energy Minimum Standards (Televisions) Determination 2013
539,144120,SAMSUNG ELECTRONICS,QA55QN95BAW,QA55QN95BA*,"Australia,Fiji,New Zealand",Vietnam,138.783,8230.118400000001,LCD (LED),0.5,0.0,0.0,173.0,N/A,N/A,635.0,Approved,2027-01-19,,Single product class,Available,2.0,,http://www.samsung.com.au,2.2222265247655284,https://reg.energyrating.gov.au/static/common/images/star_ratings_2014/EnergyStarRating_2_Star.eps,https://reg.energyrating.gov.au/static/common/images/star_ratings_2014/Star-rating-2.png,Internal,Digital,,ATV4863,Greenhouse and Energy Minimum Standards (Televisions) Determination 2013
540,144120,SAMSUNG ELECTRONICS,QA55QN95BAS,QA55QN95BA*,"Australia,Fiji,New Zealand",Vietnam,138.783,8230.118400000001,LCD (LED),0.5,0.0,0.0,173.0,N/A,N/A,635.0,Approved,2027-01-19,,Single product class,Available,2.0,,http://www.samsung.com.au,2.2222265247655284,https://reg.energyrating.gov.au/static/common/images/star_ratings_2014/EnergyStarRating_2_Star.eps,https://reg.energyrating.gov.au/static/common/images/star_ratings_2014/Star-rating-2.png,Internal,Digital,,ATV4863,Greenhouse and Energy Minimum Standards (Televisions) Determination 2013
541,144120,SAMSUNG ELECTRONICS,QA55QN95BA*,QA55QN95BA*,"Australia,Fiji,New Zealand",Vietnam,138.783,8230.118400000001,LCD (LED),0.5,0.0,0.0,173.0,N/A,N/A,635.0,Approved,2027-01-19,,Single product class,Available,2.0,,http://www.samsung.com.au,2.2222265247655284,https://reg.energyrating.gov.au/static/common/images/star_ratings_2014/EnergyStarRating_2_Star.eps,https://reg.energyrating.gov.au/static/common/images/star_ratings_2014/Star-rating-2.png,Internal,Digital,,ATV4863,Greenhouse and Energy Minimum Standards (Televisions) Determination 2013
542,144123,SAMSUNG ELECTRONICS,QA55QN700BS,,"Australia,Fiji,New Zealand",Vietnam,138.783,8230.118400000001,LCD (LED),0.5,0.0,0.0,223.0,N/A,N/A,817.0,Approved,2027-01-19,,Single product class,Available,1.0,,http://www.samsung.com.au,1.0928454851474543,https://reg.energyrating.gov.au/static/common/images/star_ratings_2014/EnergyStarRating_1_Star.eps,https://reg.energyrating.gov.au/static/common/images/star_ratings_2014/Star-rating-1.png,Internal,Digital,,ATV4862,Greenhouse and Energy Minimum Standards (Televisions) Determination 2013
543,144138,SAMSUNG ELECTRONICS,QA75Q80BAW,QA75Q80BA*,"Australia,Fiji,New Zealand",Vietnam,189.338,15318.8066,LCD (LED),0.5,0.0,0.0,267.0,N/A,N/A,978.0,Approved,2027-01-19,,Single product class,Available,2.5,,http://www.samsung.com.au,2.9053437500483668,https://reg.energyrating.gov.au/static/common/images/star_ratings_2014/EnergyStarRating_2.5_Star.eps,https://reg.energyrating.gov.au/static/common/images/star_ratings_2014/Star-rating-2.5.png,Internal,Digital,,ATV4861,Greenhouse and Energy Minimum Standards (Televisions) Determination 2013
544,144138,SAMSUNG ELECTRONICS,QA75Q80BAS,QA75Q80BA*,"Australia,Fiji,New Zealand",Vietnam,189.338,15318.8066,LCD (LED),0.5,0.0,0.0,267.0,N/A,N/A,978.0,Approved,2027-01-19,,Single product class,Available,2.5,,http://www.samsung.com.au,2.9053437500483668,https://reg.energyrating.gov.au/static/common/images/star_ratings_2014/EnergyStarRating_2.5_Star.eps,https://reg.energyrating.gov.au/static/common/images/star_ratings_2014/Star-rating-2.5.png,Internal,Digital,,ATV4861,Greenhouse and Energy Minimum Standards (Televisions) Determination 2013
545,144138,SAMSUNG ELECTRONICS,QA75Q80BA*,QA75Q80BA*,"Australia,Fiji,New Zealand",Vietnam,189.338,15318.8066,LCD (LED),0.5,0.0,0.0,267.0,N/A,N/A,978.0,Approved,2027-01-19,,Single product class,Available,2.5,,http://www.samsung.com.au,2.9053437500483668,https://reg.energyrating.gov.au/static/common/images/star_ratings_2014/EnergyStarRating_2.5_Star.eps,https://reg.energyrating.gov.au/static/common/images/star_ratings_2014/Star-rating-2.5.png,Internal,Digital,,ATV4861,Greenhouse and Energy Minimum Standards (Televisions) Determination 2013
546,144139,SAMSUNG ELECTRONICS,QA85Q80BAW,QA85Q80BA*,"Australia,Fiji,New Zealand",Vietnam,214.783,19712.16,LCD (LED),0.5,0.0,0.0,337.0,N/A,N/A,1233.0,Approved,2027-01-19,,Single product class,Available,2.5,,http://www.samsung.com.au,2.9531479926420383,https://reg.energyrating.gov.au/static/common/images/star_ratings_2014/EnergyStarRating_2.5_Star.eps,https://reg.energyrating.gov.au/static/common/images/star_ratings_2014/Star-rating-2.5.png,Internal,Digital,,ATV4860,Greenhouse and Energy Minimum Standards (Televisions) Determination 2013
547,144139,SAMSUNG ELECTRONICS,QA85Q80BAS,QA85Q80BA*,"Australia,Fiji,New Zealand",Vietnam,214.783,19712.16,LCD (LED),0.5,0.0,0.0,337.0,N/A,N/A,1233.0,Approved,2027-01-19,,Single product class,Available,2.5,,http://www.samsung.com.au,2.9531479926420383,https://reg.energyrating.gov.au/static/common/images/star_ratings_2014/EnergyStarRating_2.5_Star.eps,https://reg.energyrating.gov.au/static/common/images/star_ratings_2014/Star-rating-2.5.png,Internal,Digital,,ATV4860,Greenhouse and Energy Minimum Standards (Televisions) Determination 2013
548,144139,SAMSUNG ELECTRONICS,QA85Q80BA*,QA85Q80BA*,"Australia,Fiji,New Zealand",Vietnam,214.783,19712.16,LCD (LED),0.5,0.0,0.0,337.0,N/A,N/A,1233.0,Approved,2027-01-19,,Single product class,Available,2.5,,http://www.samsung.com.au,2.9531479926420383,https://reg.energyrating.gov.au/static/common/images/star_ratings_2014/EnergyStarRating_2.5_Star.eps,https://reg.energyrating.gov.au/static/common/images/star_ratings_2014/Star-rating-2.5.png,Internal,Digital,,ATV4860,Greenhouse and Energy Minimum Standards (Televisions) Determination 2013
549,144140,SAMSUNG ELECTRONICS,QA65QN700BW,QA65QN700B*,"Australia,Fiji,New Zealand",Vietnam,163.897,11477.9975,LCD (LED),0.5,0.0,0.0,245.0,N/A,N/A,897.0,Approved,2027-01-19,,Single product class,Available,2.0,,http://www.samsung.com.au,2.0643045550444086,https://reg.energyrating.gov.au/static/common/images/star_ratings_2014/EnergyStarRating_2_Star.eps,https://reg.energyrating.gov.au/static/common/images/star_ratings_2014/Star-rating-2.png,Internal,Digital,,ATV4859,Greenhouse and Energy Minimum Standards (Televisions) Determination 2013
550,144140,SAMSUNG ELECTRONICS,QA65QN700BS,QA65QN700B*,"Australia,Fiji,New Zealand",Vietnam,163.897,11477.9975,LCD (LED),0.5,0.0,0.0,245.0,N/A,N/A,897.0,Approved,2027-01-19,,Single product class,Available,2.0,,http://www.samsung.com.au,2.0643045550444086,https://reg.energyrating.gov.au/static/common/images/star_ratings_2014/EnergyStarRating_2_Star.eps,https://reg.energyrating.gov.au/static/common/images/star_ratings_2014/Star-rating-2.png,Internal,Digital,,ATV4859,Greenhouse and Energy Minimum Standards (Televisions) Determination 2013
551,144140,SAMSUNG ELECTRONICS,QA65QN700B*,QA65QN700B*,"Australia,Fiji,New Zealand",Vietnam,163.897,11477.9975,LCD (LED),0.5,0.0,0.0,245.0,N/A,N/A,897.0,Approved,2027-01-19,,Single product class,Available,2.0,,http://www.samsung.com.au,2.0643045550444086,https://reg.energyrating.gov.au/static/common/images/star_ratings_2014/EnergyStarRating_2_Star.eps,https://reg.energyrating.gov.au/static/common/images/star_ratings_2014/Star-rating-2.png,Internal,Digital,,ATV4859,Greenhouse and Energy Minimum Standards (Televisions) Determination 2013
552,144141,SAMSUNG ELECTRONICS,QA65LS01BAW,QA65LS01B**,"Australia,Fiji,New Zealand",Vietnam,163.897,11477.9975,LCD (LED),0.5,0.0,0.0,134.0,N/A,N/A,492.0,Approved,2027-01-19,,Single product class,Available,4.5,,http://www.samsung.com.au,4.755743057431653,https://reg.energyrating.gov.au/static/common/images/star_ratings_2014/EnergyStarRating_4.5_Star.eps,https://reg.energyrating.gov.au/static/common/images/star_ratings_2014/Star-rating-4.5.png,Internal,Digital,,ATV4858,Greenhouse and Energy Minimum Standards (Televisions) Determination 2013
553,144141,SAMSUNG ELECTRONICS,QA65LS01BBW,QA65LS01B**,"Australia,Fiji,New Zealand",Vietnam,163.897,11477.9975,LCD (LED),0.5,0.0,0.0,134.0,N/A,N/A,492.0,Approved,2027-01-19,,Single product class,Available,4.5,,http://www.samsung.com.au,4.755743057431653,https://reg.energyrating.gov.au/static/common/images/star_ratings_2014/EnergyStarRating_4.5_Star.eps,https://reg.energyrating.gov.au/static/common/images/star_ratings_2014/Star-rating-4.5.png,Internal,Digital,,ATV4858,Greenhouse and Energy Minimum Standards (Televisions) Determination 2013
554,144142,SAMSUNG ELECTRONICS,QA55LS01BAW,QA55LS01B**,"Australia,Fiji,New Zealand",Vietnam,138.783,8230.118400000001,LCD (LED),0.5,0.0,0.0,116.0,N/A,N/A,426.0,Approved,2027-01-19,,Single product class,Available,4.0,,http://www.samsung.com.au,4.0111451391386845,https://reg.energyrating.gov.au/static/common/images/star_ratings_2014/EnergyStarRating_4_Star.eps,https://reg.energyrating.gov.au/static/common/images/star_ratings_2014/Star-rating-4.png,Internal,Digital,,ATV4857,Greenhouse and Energy Minimum Standards (Televisions) Determination 2013
555,144142,SAMSUNG ELECTRONICS,QA55LS01BBW,QA55LS01B**,"Australia,Fiji,New Zealand",Vietnam,138.783,8230.118400000001,LCD (LED),0.5,0.0,0.0,116.0,N/A,N/A,426.0,Approved,2027-01-19,,Single product class,Available,4.0,,http://www.samsung.com.au,4.0111451391386845,https://reg.energyrating.gov.au/static/common/images/star_ratings_2014/EnergyStarRating_4_Star.eps,https://reg.energyrating.gov.au/static/common/images/star_ratings_2014/Star-rating-4.png,Internal,Digital,,ATV4857,Greenhouse and Energy Minimum Standards (Televisions) Determination 2013
556,144145,FURRION,FDFD24D3D,,"Australia,Fiji,New Zealand",China,60.47,1562.462784,LCD (LED),-,-,-,28.58,N/A,N/A,107.0,Approved,2027-01-19,,Single product class,Available,4.0,,,4.050316322792688,https://reg.energyrating.gov.au/static/common/images/star_ratings_2014/EnergyStarRating_4_Star.eps,https://reg.energyrating.gov.au/static/common/images/star_ratings_2014/Star-rating-4.png,EPS,Analogue/Digital,AS/NZS 62087.1:2010,ATV4856,Greenhouse and Energy Minimum Standards (Televisions) Determination 2013
557,144165,SONY,XR-55A80K,,"Australia,New Zealand",Malaysia,138.798,8228.0,OLED,0.5,23.1,0.65,103.7,N/A,N/A,387.0,Approved,2027-01-18,,Single product class,Available,4.0,http://www.sony.com.au/,,4.440363968763781,https://reg.energyrating.gov.au/static/common/images/star_ratings_2014/EnergyStarRating_4_Star.eps,https://reg.energyrating.gov.au/static/common/images/star_ratings_2014/Star-rating-4.png,Internal,Analogue/Digital,AS/NZS 62087.1:2010,ATV4844,Greenhouse and Energy Minimum Standards (Televisions) Determination 2013
558,144166,KOGAN,KALED32EH7520SVA,,"Australia,Fiji,New Zealand",China,80.039,2736.7112736,LCD (LED),-,-,-,24.61,N/A,N/A,110.0,Approved,2027-01-18,,Single product class,Available,5.5,http://www.expressluck.com,,5.799687998815937,https://reg.energyrating.gov.au/static/common/images/star_ratings_2014/EnergyStarRating_5.5_Star.eps,https://reg.energyrating.gov.au/static/common/images/star_ratings_2014/Star-rating-5.5.png,EPS,Analogue/Digital,AS/NZS 62087.1:2010,ATV4843,Greenhouse and Energy Minimum Standards (Televisions) Determination 2013
559,144167,SONY,XR-65A80K,,"Australia,New Zealand",Malaysia,163.878,11481.120000000003,OLED,0.5,27.7,0.65,121.1,N/A,N/A,451.0,Approved,2027-01-18,,Single product class,Available,5.0,http://www.sony.com.au/,,5.146826473886623,https://reg.energyrating.gov.au/static/common/images/star_ratings_2014/EnergyStarRating_5_Star.eps,https://reg.energyrating.gov.au/static/common/images/star_ratings_2014/Star-rating-5.png,Internal,Analogue/Digital,AS/NZS 62087.1:2010,ATV4842,Greenhouse and Energy Minimum Standards (Televisions) Determination 2013
560,144168,SONY,XR-77A80K,,"Australia,New Zealand",Malaysia,194.726,16206.349999999999,OLED,0.5,28.8,0.65,169.7,N/A,N/A,629.0,Approved,2027-01-19,,Single product class,Available,5.0,http://www.sony.com.au/,,5.1250055072718785,https://reg.energyrating.gov.au/static/common/images/star_ratings_2014/EnergyStarRating_5_Star.eps,https://reg.energyrating.gov.au/static/common/images/star_ratings_2014/Star-rating-5.png,Internal,Analogue/Digital,AS/NZS 62087.1:2010,ATV4855,Greenhouse and Energy Minimum Standards (Televisions) Determination 2013
561,144170,SONY,XR-75X90K,,"Australia,New Zealand",Malaysia,189.306,15312.0,LCD (LED),0.5,23.6,0.65,198.1,N/A,N/A,732.0,Approved,2027-01-18,,Single product class,Available,4.0,http://www.sony.com.au/,,4.201837238388788,https://reg.energyrating.gov.au/static/common/images/star_ratings_2014/EnergyStarRating_4_Star.eps,https://reg.energyrating.gov.au/static/common/images/star_ratings_2014/Star-rating-4.png,Internal,Analogue/Digital,AS/NZS 62087.1:2010,ATV4841,Greenhouse and Energy Minimum Standards (Televisions) Determination 2013
562,144171,SONY,XR-65X90K,,"Australia,New Zealand",Malaysia,163.878,11481.120000000003,LCD (LED),0.5,23.1,0.65,149.8,N/A,N/A,555.0,Approved,2027-01-18,,Single product class,Available,4.0,http://www.sony.com.au/,,4.216928329747233,https://reg.energyrating.gov.au/static/common/images/star_ratings_2014/EnergyStarRating_4_Star.eps,https://reg.energyrating.gov.au/static/common/images/star_ratings_2014/Star-rating-4.png,Internal,Analogue/Digital,AS/NZS 62087.1:2010,ATV4840,Greenhouse and Energy Minimum Standards (Televisions) Determination 2013
563,144176,LG,43UQ80006LB,,"Australia,New Zealand",Indonesia,107.987,4982.7128,LCD (LED),0.4,0.0,0.0,73.0,N/A,N/A,269.0,Approved,2027-02-14,,Single product class,Available,4.0,,,4.045865347808662,https://reg.energyrating.gov.au/static/common/images/star_ratings_2014/EnergyStarRating_4_Star.eps,https://reg.energyrating.gov.au/static/common/images/star_ratings_2014/Star-rating-4.png,Internal,Analogue/Digital,AS/NZS 62087.1:2010,ATV4920,Greenhouse and Energy Minimum Standards (Televisions) Determination 2013
564,144177,LG,50NANO806QA,,"Australia,New Zealand",Indonesia,125.727,6754.5112,LCD (LED),0.4,0.0,0.0,75.0,N/A,N/A,276.0,Approved,2027-02-16,,Single product class,Available,5.0,,,5.146895307351907,https://reg.energyrating.gov.au/static/common/images/star_ratings_2014/EnergyStarRating_5_Star.eps,https://reg.energyrating.gov.au/static/common/images/star_ratings_2014/Star-rating-5.png,Internal,Analogue/Digital,AS/NZS 62087.1:2010,ATV4935,Greenhouse and Energy Minimum Standards (Televisions) Determination 2013
565,144178,LG,50UQ75006LF,,"Australia,New Zealand",Indonesia,125.727,6754.5112,LCD (LED),0.4,0.0,0.0,93.0,N/A,N/A,342.0,Approved,2027-02-14,,Single product class,Available,4.0,,,4.186034596465652,https://reg.energyrating.gov.au/static/common/images/star_ratings_2014/EnergyStarRating_4_Star.eps,https://reg.energyrating.gov.au/static/common/images/star_ratings_2014/Star-rating-4.png,Internal,Analogue/Digital,AS/NZS 62087.1:2010,ATV4921,Greenhouse and Energy Minimum Standards (Televisions) Determination 2013
566,144179,LG,55UQ75006LF,,"Australia,New Zealand",Indonesia,138.783,8230.118400000001,LCD (LED),0.4,0.0,0.0,114.0,N/A,N/A,419.0,Approved,2027-02-17,,Single product class,Available,4.0,,,4.08539521829021,https://reg.energyrating.gov.au/static/common/images/star_ratings_2014/EnergyStarRating_4_Star.eps,https://reg.energyrating.gov.au/static/common/images/star_ratings_2014/Star-rating-4.png,Internal,Analogue/Digital,AS/NZS 62087.1:2010,ATV4941,Greenhouse and Energy Minimum Standards (Televisions) Determination 2013
567,144180,LG,65NANO806QA,,"Australia,New Zealand",Indonesia,163.897,11477.9975,LCD (LED),0.4,0.0,0.0,114.0,N/A,N/A,419.0,Approved,2027-02-14,,Single product class,Available,5.0,,,5.475494068044627,https://reg.energyrating.gov.au/static/common/images/star_ratings_2014/EnergyStarRating_5_Star.eps,https://reg.energyrating.gov.au/static/common/images/star_ratings_2014/Star-rating-5.png,Internal,Analogue/Digital,AS/NZS 62087.1:2010,ATV4922,Greenhouse and Energy Minimum Standards (Televisions) Determination 2013
568,144181,LG,65QNED96SQA,,"Australia,New Zealand",Indonesia,163.897,11477.9975,LCD (LED),0.4,0.0,0.0,152.0,N/A,N/A,557.0,Approved,2027-03-14,,Single product class,Available,4.0,,,4.199659214971653,https://reg.energyrating.gov.au/static/common/images/star_ratings_2014/EnergyStarRating_4_Star.eps,https://reg.energyrating.gov.au/static/common/images/star_ratings_2014/Star-rating-4.png,Internal,Analogue/Digital,AS/NZS 62087.1:2010,ATV4973,Greenhouse and Energy Minimum Standards (Televisions) Determination 2013
569,144182,LG,65QNED99SQB,,"Australia,New Zealand",Indonesia,163.897,11477.9975,LCD (LED),0.4,0.0,0.0,212.0,N/A,N/A,776.0,Approved,2027-02-14,,Single product class,Available,2.5,,,2.7136773064511392,https://reg.energyrating.gov.au/static/common/images/star_ratings_2014/EnergyStarRating_2.5_Star.eps,https://reg.energyrating.gov.au/static/common/images/star_ratings_2014/Star-rating-2.5.png,Internal,Analogue/Digital,AS/NZS 62087.1:2010,ATV4923,Greenhouse and Energy Minimum Standards (Televisions) Determination 2013
570,144183,LG,65QNED996QB,,"Australia,New Zealand",Indonesia,163.897,11477.9975,LCD (LED),0.4,0.0,0.0,212.0,N/A,N/A,776.0,Approved,2027-03-14,,Single product class,Available,2.5,,,2.7136773064511392,https://reg.energyrating.gov.au/static/common/images/star_ratings_2014/EnergyStarRating_2.5_Star.eps,https://reg.energyrating.gov.au/static/common/images/star_ratings_2014/Star-rating-2.5.png,Internal,Analogue/Digital,AS/NZS 62087.1:2010,ATV4974,Greenhouse and Energy Minimum Standards (Televisions) Determination 2013
571,144184,LG,65UQ80006LB,,"Australia,New Zealand",Indonesia,163.897,11477.9975,LCD (LED),0.4,0.0,0.0,127.0,N/A,N/A,466.0,Approved,2027-02-14,,Single product class,Available,4.5,,,4.99905316900289,https://reg.energyrating.gov.au/static/common/images/star_ratings_2014/EnergyStarRating_4.5_Star.eps,https://reg.energyrating.gov.au/static/common/images/star_ratings_2014/Star-rating-4.5.png,Internal,Analogue/Digital,AS/NZS 62087.1:2010,ATV4924,Greenhouse and Energy Minimum Standards (Televisions) Determination 2013
572,144185,LG,75NANO816QA,,"Australia,New Zealand",Indonesia,189.275,15307.5663,LCD (LED),0.4,0.0,0.0,126.0,N/A,N/A,462.0,Approved,2027-03-14,,Single product class,Available,6.0,,,6.263015743468501,https://reg.energyrating.gov.au/static/common/images/star_ratings_2014/EnergyStarRating_6_Star.eps,https://reg.energyrating.gov.au/static/common/images/star_ratings_2014/Star-rating-6.png,Internal,Analogue/Digital,AS/NZS 62087.1:2010,ATV4975,Greenhouse and Energy Minimum Standards (Televisions) Determination 2013
573,144186,LG,75QNED99SQB,,"Australia,New Zealand",Indonesia,189.275,15307.5663,LCD (LED),0.4,0.0,0.0,232.0,N/A,N/A,849.0,Approved,2027-02-14,,Single product class,Available,3.5,,,3.536097167305912,https://reg.energyrating.gov.au/static/common/images/star_ratings_2014/EnergyStarRating_3.5_Star.eps,https://reg.energyrating.gov.au/static/common/images/star_ratings_2014/Star-rating-3.5.png,Internal,Analogue/Digital,AS/NZS 62087.1:2010,ATV4925,Greenhouse and Energy Minimum Standards (Televisions) Determination 2013
574,144187,LG,75QNED996QB,,"Australia,New Zealand",Indonesia,189.275,15307.5663,LCD (LED),0.4,0.0,0.0,232.0,N/A,N/A,849.0,Approved,2027-02-17,,Single product class,Available,3.5,,,3.536097167305912,https://reg.energyrating.gov.au/static/common/images/star_ratings_2014/EnergyStarRating_3.5_Star.eps,https://reg.energyrating.gov.au/static/common/images/star_ratings_2014/Star-rating-3.5.png,Internal,Analogue/Digital,AS/NZS 62087.1:2010,ATV4942,Greenhouse and Energy Minimum Standards (Televisions) Determination 2013
575,144188,LG,75UQ80006LB,,"Australia,New Zealand",Indonesia,189.275,15307.5663,LCD (LED),0.4,0.0,0.0,165.0,N/A,N/A,605.0,Approved,2027-02-14,,Single product class,Available,5.0,,,5.054540009525431,https://reg.energyrating.gov.au/static/common/images/star_ratings_2014/EnergyStarRating_5_Star.eps,https://reg.energyrating.gov.au/static/common/images/star_ratings_2014/Star-rating-5.png,Internal,Analogue/Digital,AS/NZS 62087.1:2010,ATV4926,Greenhouse and Energy Minimum Standards (Televisions) Determination 2013
576,144189,LG,86QNED99SQB,,"Australia,New Zealand",Indonesia,217.425,20200.7,LCD (LED),0.4,0.0,0.0,328.0,N/A,N/A,1200.0,Approved,2027-02-20,,Single product class,Available,3.0,,,3.180715174482618,https://reg.energyrating.gov.au/static/common/images/star_ratings_2014/EnergyStarRating_3_Star.eps,https://reg.energyrating.gov.au/static/common/images/star_ratings_2014/Star-rating-3.png,Internal,Analogue/Digital,AS/NZS 62087.1:2010,ATV4943,Greenhouse and Energy Minimum Standards (Televisions) Determination 2013
577,144190,LG,86QNED996QB,,"Australia,New Zealand",Indonesia,217.425,20200.7,LCD (LED),0.4,0.0,0.0,328.0,N/A,N/A,1200.0,Approved,2027-02-14,,Single product class,Available,3.0,,,3.180715174482618,https://reg.energyrating.gov.au/static/common/images/star_ratings_2014/EnergyStarRating_3_Star.eps,https://reg.energyrating.gov.au/static/common/images/star_ratings_2014/Star-rating-3.png,Internal,Analogue/Digital,AS/NZS 62087.1:2010,ATV4927,Greenhouse and Energy Minimum Standards (Televisions) Determination 2013
578,144191,LG,OLED77Z2PSA,,"Australia,New Zealand",South Korea,194.738,16204.123099999999,OLED,0.4,0.0,0.0,262.0,N/A,N/A,959.0,Approved,2027-02-20,,Single product class,Available,3.0,,,3.234332254069108,https://reg.energyrating.gov.au/static/common/images/star_ratings_2014/EnergyStarRating_3_Star.eps,https://reg.energyrating.gov.au/static/common/images/star_ratings_2014/Star-rating-3.png,Internal,Analogue/Digital,AS/NZS 62087.1:2010,ATV4944,Greenhouse and Energy Minimum Standards (Televisions) Determination 2013
579,144192,LG,OLED88Z2PSA,,"Australia,New Zealand",South Korea,222.494,21152.793599999997,OLED,0.4,0.0,0.0,320.0,N/A,N/A,1171.0,Approved,2027-02-14,,Single product class,Available,3.0,,,3.4899731293288854,https://reg.energyrating.gov.au/static/common/images/star_ratings_2014/EnergyStarRating_3_Star.eps,https://reg.energyrating.gov.au/static/common/images/star_ratings_2014/Star-rating-3.png,Internal,Analogue/Digital,AS/NZS 62087.1:2010,ATV4928,Greenhouse and Energy Minimum Standards (Televisions) Determination 2013
580,144193,LG,OLED88Z26LA,,"Australia,New Zealand",South Korea,222.494,21152.793599999997,OLED,0.4,0.0,0.0,320.0,N/A,N/A,1171.0,Approved,2027-02-20,,Single product class,Available,3.0,,,3.4899731293288854,https://reg.energyrating.gov.au/static/common/images/star_ratings_2014/EnergyStarRating_3_Star.eps,https://reg.energyrating.gov.au/static/common/images/star_ratings_2014/Star-rating-3.png,Internal,Analogue/Digital,AS/NZS 62087.1:2010,ATV4945,Greenhouse and Energy Minimum Standards (Televisions) Determination 2013
581,144195,EKO,K500USG,,Australia,China,125.731,6754.867344,LCD (LED),-,-,-,50.6,N/A,N/A,210.0,Approved,2027-01-30,,Single product class,Available,6.0,http://www.ayonz.com/,,6.371851645208939,https://reg.energyrating.gov.au/static/common/images/star_ratings_2014/EnergyStarRating_6_Star.eps,https://reg.energyrating.gov.au/static/common/images/star_ratings_2014/Star-rating-6.png,Internal,Analogue/Digital,AS/NZS 62087.1:2010,ATV4882,Greenhouse and Energy Minimum Standards (Televisions) Determination 2013
582,144196,BLAUPUNKT,BP500USG9500,,Australia,China,125.731,6754.867344,LCD (LED),-,-,-,50.6,N/A,N/A,210.0,Approved,2027-01-24,,Single product class,Available,6.0,http://www.ayonz.com/,,6.371851645208939,https://reg.energyrating.gov.au/static/common/images/star_ratings_2014/EnergyStarRating_6_Star.eps,https://reg.energyrating.gov.au/static/common/images/star_ratings_2014/Star-rating-6.png,Internal,Analogue/Digital,AS/NZS 62087.1:2010,ATV4872,Greenhouse and Energy Minimum Standards (Televisions) Determination 2013
583,144197,EKO,K65USW,,Australia,China,163.896,11478.122496000002,LCD,0.18,0.0,0.0,108.2,N/A,N/A,396.0,Approved,2027-01-30,,Single product class,Available,5.5,http://www.ayonz.com/,,5.728546294275628,https://reg.energyrating.gov.au/static/common/images/star_ratings_2014/EnergyStarRating_5.5_Star.eps,https://reg.energyrating.gov.au/static/common/images/star_ratings_2014/Star-rating-5.5.png,Internal,Digital,AS/NZS 62087.1:2010,ATV4881,Greenhouse and Energy Minimum Standards (Televisions) Determination 2013
584,144142,SAMSUNG ELECTRONICS,QA55LS01BAS,QA55LS01B**,"Australia,Fiji,New Zealand",Vietnam,138.783,8230.118400000001,LCD (LED),0.5,0.0,0.0,116.0,N/A,N/A,426.0,Approved,2027-01-19,,Single product class,Available,4.0,,http://www.samsung.com.au,4.0111451391386845,https://reg.energyrating.gov.au/static/common/images/star_ratings_2014/EnergyStarRating_4_Star.eps,https://reg.energyrating.gov.au/static/common/images/star_ratings_2014/Star-rating-4.png,Internal,Digital,,ATV4857,Greenhouse and Energy Minimum Standards (Televisions) Determination 2013
585,144142,SAMSUNG ELECTRONICS,QA55LS01B**,QA55LS01B**,"Australia,Fiji,New Zealand",Vietnam,138.783,8230.118400000001,LCD (LED),0.5,0.0,0.0,116.0,N/A,N/A,426.0,Approved,2027-01-19,,Single product class,Available,4.0,,http://www.samsung.com.au,4.0111451391386845,https://reg.energyrating.gov.au/static/common/images/star_ratings_2014/EnergyStarRating_4_Star.eps,https://reg.energyrating.gov.au/static/common/images/star_ratings_2014/Star-rating-4.png,Internal,Digital,,ATV4857,Greenhouse and Energy Minimum Standards (Televisions) Determination 2013
586,144141,SAMSUNG ELECTRONICS,QA65LS01BAS,QA65LS01B**,"Australia,Fiji,New Zealand",Vietnam,163.897,11477.9975,LCD (LED),0.5,0.0,0.0,134.0,N/A,N/A,492.0,Approved,2027-01-19,,Single product class,Available,4.5,,http://www.samsung.com.au,4.755743057431653,https://reg.energyrating.gov.au/static/common/images/star_ratings_2014/EnergyStarRating_4.5_Star.eps,https://reg.energyrating.gov.au/static/common/images/star_ratings_2014/Star-rating-4.5.png,Internal,Digital,,ATV4858,Greenhouse and Energy Minimum Standards (Televisions) Determination 2013
587,144141,SAMSUNG ELECTRONICS,QA65LS01B**,QA65LS01B**,"Australia,Fiji,New Zealand",Vietnam,163.897,11477.9975,LCD (LED),0.5,0.0,0.0,134.0,N/A,N/A,492.0,Approved,2027-01-19,,Single product class,Available,4.5,,http://www.samsung.com.au,4.755743057431653,https://reg.energyrating.gov.au/static/common/images/star_ratings_2014/EnergyStarRating_4.5_Star.eps,https://reg.energyrating.gov.au/static/common/images/star_ratings_2014/Star-rating-4.5.png,Internal,Digital,,ATV4858,Greenhouse and Energy Minimum Standards (Televisions) Determination 2013
588,144201,SAMSUNG ELECTRONICS,QA50Q80BAS,,"Australia,Fiji,New Zealand",Vietnam,125.727,6754.5112,LCD (LED),0.5,0.0,0.0,138.0,N/A,N/A,507.0,Approved,2027-01-31,,Single product class,Available,2.0,,http://www.samsung.com.au,2.4216983016909657,https://reg.energyrating.gov.au/static/common/images/star_ratings_2014/EnergyStarRating_2_Star.eps,https://reg.energyrating.gov.au/static/common/images/star_ratings_2014/Star-rating-2.png,Internal,Digital,,ATV4885,Greenhouse and Energy Minimum Standards (Televisions) Determination 2013
589,144204,SAMSUNG ELECTRONICS,QA75QN700BW,QA75QN700B*,"Australia,Fiji,New Zealand",Vietnam,189.338,15318.8066,LCD (LED),0.5,0.0,0.0,273.0,N/A,N/A,1000.0,Approved,2027-01-24,,Single product class,Available,2.5,,http://www.samsung.com.au,2.805651830580815,https://reg.energyrating.gov.au/static/common/images/star_ratings_2014/EnergyStarRating_2.5_Star.eps,https://reg.energyrating.gov.au/static/common/images/star_ratings_2014/Star-rating-2.5.png,Internal,Digital,,ATV4873,Greenhouse and Energy Minimum Standards (Televisions) Determination 2013
590,144204,SAMSUNG ELECTRONICS,QA75QN700BS,QA75QN700B*,"Australia,Fiji,New Zealand",Vietnam,189.338,15318.8066,LCD (LED),0.5,0.0,0.0,273.0,N/A,N/A,1000.0,Approved,2027-01-24,,Single product class,Available,2.5,,http://www.samsung.com.au,2.805651830580815,https://reg.energyrating.gov.au/static/common/images/star_ratings_2014/EnergyStarRating_2.5_Star.eps,https://reg.energyrating.gov.au/static/common/images/star_ratings_2014/Star-rating-2.5.png,Internal,Digital,,ATV4873,Greenhouse and Energy Minimum Standards (Televisions) Determination 2013
591,144204,SAMSUNG ELECTRONICS,QA75QN700B*,QA75QN700B*,"Australia,Fiji,New Zealand",Vietnam,189.338,15318.8066,LCD (LED),0.5,0.0,0.0,273.0,N/A,N/A,1000.0,Approved,2027-01-24,,Single product class,Available,2.5,,http://www.samsung.com.au,2.805651830580815,https://reg.energyrating.gov.au/static/common/images/star_ratings_2014/EnergyStarRating_2.5_Star.eps,https://reg.energyrating.gov.au/static/common/images/star_ratings_2014/Star-rating-2.5.png,Internal,Digital,,ATV4873,Greenhouse and Energy Minimum Standards (Televisions) Determination 2013
592,144209,Linsar,LS32C12V,,"Australia,Fiji,New Zealand",China,80.054,2736.1600000000003,LCD,0.29,0.0,0.0,26.7,N/A,N/A,99.0,Approved,2027-02-09,,Single product class,Available,6.0,,,6.271133890295119,https://reg.energyrating.gov.au/static/common/images/star_ratings_2014/EnergyStarRating_6_Star.eps,https://reg.energyrating.gov.au/static/common/images/star_ratings_2014/Star-rating-6.png,Internal,Analogue/Digital,AS/NZS 62087.1:2010,ATV4909,Greenhouse and Energy Minimum Standards (Televisions) Determination 2013
593,144211,SAMSUNG ELECTRONICS,QA43LS01BAW,QA43LS01B**,"Australia,Fiji,New Zealand",Vietnam,107.987,4982.7128,LCD (LED),0.5,0.0,0.0,82.0,N/A,N/A,302.0,Approved,2027-02-01,,Single product class,Available,3.5,,http://www.samsung.com.au,3.527294960757275,https://reg.energyrating.gov.au/static/common/images/star_ratings_2014/EnergyStarRating_3.5_Star.eps,https://reg.energyrating.gov.au/static/common/images/star_ratings_2014/Star-rating-3.5.png,Internal,Digital,,ATV4887,Greenhouse and Energy Minimum Standards (Televisions) Determination 2013
594,144211,SAMSUNG ELECTRONICS,QA43LS01BBW,QA43LS01B**,"Australia,Fiji,New Zealand",Vietnam,107.987,4982.7128,LCD (LED),0.5,0.0,0.0,82.0,N/A,N/A,302.0,Approved,2027-02-01,,Single product class,Available,3.5,,http://www.samsung.com.au,3.527294960757275,https://reg.energyrating.gov.au/static/common/images/star_ratings_2014/EnergyStarRating_3.5_Star.eps,https://reg.energyrating.gov.au/static/common/images/star_ratings_2014/Star-rating-3.5.png,Internal,Digital,,ATV4887,Greenhouse and Energy Minimum Standards (Televisions) Determination 2013
595,144211,SAMSUNG ELECTRONICS,QA43LS01BAS,QA43LS01B**,"Australia,Fiji,New Zealand",Vietnam,107.987,4982.7128,LCD (LED),0.5,0.0,0.0,82.0,N/A,N/A,302.0,Approved,2027-02-01,,Single product class,Available,3.5,,http://www.samsung.com.au,3.527294960757275,https://reg.energyrating.gov.au/static/common/images/star_ratings_2014/EnergyStarRating_3.5_Star.eps,https://reg.energyrating.gov.au/static/common/images/star_ratings_2014/Star-rating-3.5.png,Internal,Digital,,ATV4887,Greenhouse and Energy Minimum Standards (Televisions) Determination 2013
596,144211,SAMSUNG ELECTRONICS,QA43LS01B**,QA43LS01B**,"Australia,Fiji,New Zealand",Vietnam,107.987,4982.7128,LCD (LED),0.5,0.0,0.0,82.0,N/A,N/A,302.0,Approved,2027-02-01,,Single product class,Available,3.5,,http://www.samsung.com.au,3.527294960757275,https://reg.energyrating.gov.au/static/common/images/star_ratings_2014/EnergyStarRating_3.5_Star.eps,https://reg.energyrating.gov.au/static/common/images/star_ratings_2014/Star-rating-3.5.png,Internal,Digital,,ATV4887,Greenhouse and Energy Minimum Standards (Televisions) Determination 2013
597,144212,SAMSUNG ELECTRONICS,QA50LS01BAS,,"Australia,Fiji,New Zealand",Vietnam,125.736,6755.127600000001,LCD (LED),0.5,0.0,0.0,96.0,N/A,N/A,353.0,Approved,2027-01-24,,Single product class,Available,4.0,,http://www.samsung.com.au,4.0445353755346325,https://reg.energyrating.gov.au/static/common/images/star_ratings_2014/EnergyStarRating_4_Star.eps,https://reg.energyrating.gov.au/static/common/images/star_ratings_2014/Star-rating-4.png,Internal,Digital,,ATV4874,Greenhouse and Energy Minimum Standards (Televisions) Determination 2013
598,144231,SAMSUNG ELECTRONICS,HG43AU800AW,,"Australia,Fiji,New Zealand",Vietnam,107.987,4982.7128,LCD (LED),0.5,0.0,0.0,68.0,N/A,N/A,251.0,Approved,2027-02-01,,Single product class,Available,4.0,,http://www.samsung.com.au,4.356241516253395,https://reg.energyrating.gov.au/static/common/images/star_ratings_2014/EnergyStarRating_4_Star.eps,https://reg.energyrating.gov.au/static/common/images/star_ratings_2014/Star-rating-4.png,Internal,Digital,,ATV4888,Greenhouse and Energy Minimum Standards (Televisions) Determination 2013
599,144232,SAMSUNG ELECTRONICS,HG50AU800AW,,"Australia,Fiji,New Zealand",Vietnam,125.727,6754.5112,LCD (LED),0.5,0.0,0.0,79.0,N/A,N/A,291.0,Approved,2027-01-26,,Single product class,Available,4.5,,http://www.samsung.com.au,4.909727792796122,https://reg.energyrating.gov.au/static/common/images/star_ratings_2014/EnergyStarRating_4.5_Star.eps,https://reg.energyrating.gov.au/static/common/images/star_ratings_2014/Star-rating-4.5.png,Internal,Digital,,ATV4876,Greenhouse and Energy Minimum Standards (Televisions) Determination 2013
600,144236,SAMSUNG ELECTRONICS,QA55Q80BAW,QA55Q80BA*,"Australia,Fiji,New Zealand",Vietnam,138.783,8230.118400000001,LCD (LED),0.5,0.0,0.0,158.0,N/A,N/A,580.0,Approved,2027-01-26,,Single product class,Available,2.5,,http://www.samsung.com.au,2.6282292742003825,https://reg.energyrating.gov.au/static/common/images/star_ratings_2014/EnergyStarRating_2.5_Star.eps,https://reg.energyrating.gov.au/static/common/images/star_ratings_2014/Star-rating-2.5.png,Internal,Digital,,ATV4877,Greenhouse and Energy Minimum Standards (Televisions) Determination 2013
601,144236,SAMSUNG ELECTRONICS,QA55Q80BAS,QA55Q80BA*,"Australia,Fiji,New Zealand",Vietnam,138.783,8230.118400000001,LCD (LED),0.5,0.0,0.0,158.0,N/A,N/A,580.0,Approved,2027-01-26,,Single product class,Available,2.5,,http://www.samsung.com.au,2.6282292742003825,https://reg.energyrating.gov.au/static/common/images/star_ratings_2014/EnergyStarRating_2.5_Star.eps,https://reg.energyrating.gov.au/static/common/images/star_ratings_2014/Star-rating-2.5.png,Internal,Digital,,ATV4877,Greenhouse and Energy Minimum Standards (Televisions) Determination 2013
602,144236,SAMSUNG ELECTRONICS,QA55Q80BA*,QA55Q80BA*,"Australia,Fiji,New Zealand",Vietnam,138.783,8230.118400000001,LCD (LED),0.5,0.0,0.0,158.0,N/A,N/A,580.0,Approved,2027-01-26,,Single product class,Available,2.5,,http://www.samsung.com.au,2.6282292742003825,https://reg.energyrating.gov.au/static/common/images/star_ratings_2014/EnergyStarRating_2.5_Star.eps,https://reg.energyrating.gov.au/static/common/images/star_ratings_2014/Star-rating-2.5.png,Internal,Digital,,ATV4877,Greenhouse and Energy Minimum Standards (Televisions) Determination 2013
603,144269,SAMSUNG ELECTRONICS,HG55AU800AW,,"Australia,Fiji,New Zealand",Vietnam,138.783,8230.118400000001,LCD (LED),0.5,0.0,0.0,86.0,N/A,N/A,317.0,Approved,2027-02-01,,Single product class,Available,5.0,,http://www.samsung.com.au,5.33557316160007,https://reg.energyrating.gov.au/static/common/images/star_ratings_2014/EnergyStarRating_5_Star.eps,https://reg.energyrating.gov.au/static/common/images/star_ratings_2014/Star-rating-5.png,Internal,Digital,,ATV4889,Greenhouse and Energy Minimum Standards (Televisions) Determination 2013
604,144270,SAMSUNG ELECTRONICS,HG65AU800AW,,"Australia,Fiji,New Zealand",Vietnam,163.897,11477.9975,LCD (LED),0.5,0.0,0.0,114.0,N/A,N/A,419.0,Approved,2027-01-26,,Single product class,Available,5.0,,http://www.samsung.com.au,5.475494068044627,https://reg.energyrating.gov.au/static/common/images/star_ratings_2014/EnergyStarRating_5_Star.eps,https://reg.energyrating.gov.au/static/common/images/star_ratings_2014/Star-rating-5.png,Internal,Digital,,ATV4878,Greenhouse and Energy Minimum Standards (Televisions) Determination 2013
605,144271,SAMSUNG ELECTRONICS,HG75AU800AW,,"Australia,Fiji,New Zealand",Vietnam,189.338,15318.8066,LCD (LED),0.5,0.0,0.0,157.0,N/A,N/A,576.0,Approved,2027-02-01,,Single product class,Available,5.0,,http://www.samsung.com.au,5.277816565063631,https://reg.energyrating.gov.au/static/common/images/star_ratings_2014/EnergyStarRating_5_Star.eps,https://reg.energyrating.gov.au/static/common/images/star_ratings_2014/Star-rating-5.png,Internal,Digital,,ATV4890,Greenhouse and Energy Minimum Standards (Televisions) Determination 2013
606,144272,SONY,XR-55X90K,,"Australia,New Zealand",Malaysia,138.798,8228.0,LCD (LED),0.5,22.4,0.65,126.7,N/A,N/A,471.0,Approved,2027-01-20,,Single product class,Available,3.5,http://www.sony.com.au/,,3.5600633737892173,https://reg.energyrating.gov.au/static/common/images/star_ratings_2014/EnergyStarRating_3.5_Star.eps,https://reg.energyrating.gov.au/static/common/images/star_ratings_2014/Star-rating-3.5.png,Internal,Analogue/Digital,AS/NZS 62087.1:2010,ATV4867,Greenhouse and Energy Minimum Standards (Televisions) Determination 2013
607,143613,SAMSUNG ELECTRONICS,QA55Q6*BA*,QA55Q6*BA*,"Australia,Fiji,New Zealand",Vietnam,138.783,8230.1184,LCD (LED),0.5,0.0,0.0,87.0,N/A,N/A,321.0,Approved,2026-12-20,,Single product class,Available,5.0,,http://www.samsung.com.au,5.27937906959569,https://reg.energyrating.gov.au/static/common/images/star_ratings_2014/EnergyStarRating_5_Star.eps,https://reg.energyrating.gov.au/static/common/images/star_ratings_2014/Star-rating-5.png,Internal,Digital,,ATV4784,Greenhouse and Energy Minimum Standards (Televisions) Determination 2013
608,143613,SAMSUNG ELECTRONICS,QA55Q63BAS,QA55Q6*BA*,"Australia,Fiji,New Zealand",Vietnam,138.783,8230.1184,LCD (LED),0.5,0.0,0.0,87.0,N/A,N/A,321.0,Approved,2026-12-20,,Single product class,Available,5.0,,http://www.samsung.com.au,5.27937906959569,https://reg.energyrating.gov.au/static/common/images/star_ratings_2014/EnergyStarRating_5_Star.eps,https://reg.energyrating.gov.au/static/common/images/star_ratings_2014/Star-rating-5.png,Internal,Digital,,ATV4784,Greenhouse and Energy Minimum Standards (Televisions) Determination 2013
609,143613,SAMSUNG ELECTRONICS,QA55Q60BAW,QA55Q6*BA*,"Australia,Fiji,New Zealand",Vietnam,138.783,8230.1184,LCD (LED),0.5,0.0,0.0,87.0,N/A,N/A,321.0,Approved,2026-12-20,,Single product class,Available,5.0,,http://www.samsung.com.au,5.27937906959569,https://reg.energyrating.gov.au/static/common/images/star_ratings_2014/EnergyStarRating_5_Star.eps,https://reg.energyrating.gov.au/static/common/images/star_ratings_2014/Star-rating-5.png,Internal,Digital,,ATV4784,Greenhouse and Energy Minimum Standards (Televisions) Determination 2013
610,143613,SAMSUNG ELECTRONICS,QA55Q60BAS,QA55Q6*BA*,"Australia,Fiji,New Zealand",Vietnam,138.783,8230.1184,LCD (LED),0.5,0.0,0.0,87.0,N/A,N/A,321.0,Approved,2026-12-20,,Single product class,Available,5.0,,http://www.samsung.com.au,5.27937906959569,https://reg.energyrating.gov.au/static/common/images/star_ratings_2014/EnergyStarRating_5_Star.eps,https://reg.energyrating.gov.au/static/common/images/star_ratings_2014/Star-rating-5.png,Internal,Digital,,ATV4784,Greenhouse and Energy Minimum Standards (Televisions) Determination 2013
611,143637,SAMSUNG ELECTRONICS,QA43Q6*BAS,QA43Q6*BAS,"Australia,Fiji,New Zealand",Vietnam,107.987,4982.7128,LCD (LED),0.5,0.0,0.0,70.0,N/A,N/A,259.0,Approved,2026-12-20,,Single product class,Available,4.0,,http://www.samsung.com.au,4.21563641078219,https://reg.energyrating.gov.au/static/common/images/star_ratings_2014/EnergyStarRating_4_Star.eps,https://reg.energyrating.gov.au/static/common/images/star_ratings_2014/Star-rating-4.png,Internal,Digital,,ATV4785,Greenhouse and Energy Minimum Standards (Televisions) Determination 2013
612,143637,SAMSUNG ELECTRONICS,QA43Q63BAS,QA43Q6*BAS,"Australia,Fiji,New Zealand",Vietnam,107.987,4982.7128,LCD (LED),0.5,0.0,0.0,70.0,N/A,N/A,259.0,Approved,2026-12-20,,Single product class,Available,4.0,,http://www.samsung.com.au,4.21563641078219,https://reg.energyrating.gov.au/static/common/images/star_ratings_2014/EnergyStarRating_4_Star.eps,https://reg.energyrating.gov.au/static/common/images/star_ratings_2014/Star-rating-4.png,Internal,Digital,,ATV4785,Greenhouse and Energy Minimum Standards (Televisions) Determination 2013
613,143637,SAMSUNG ELECTRONICS,QA43Q60BAS,QA43Q6*BAS,"Australia,Fiji,New Zealand",Vietnam,107.987,4982.7128,LCD (LED),0.5,0.0,0.0,70.0,N/A,N/A,259.0,Approved,2026-12-20,,Single product class,Available,4.0,,http://www.samsung.com.au,4.21563641078219,https://reg.energyrating.gov.au/static/common/images/star_ratings_2014/EnergyStarRating_4_Star.eps,https://reg.energyrating.gov.au/static/common/images/star_ratings_2014/Star-rating-4.png,Internal,Digital,,ATV4785,Greenhouse and Energy Minimum Standards (Televisions) Determination 2013
614,143638,SAMSUNG ELECTRONICS,QA50Q6*BAS,QA50Q6*BAS,"Australia,Fiji,New Zealand",Vietnam,125.727,6754.5112,LCD (LED),0.5,0.0,0.0,80.0,N/A,N/A,295.0,Approved,2026-12-19,,Single product class,Available,4.5,,http://www.samsung.com.au,4.84854704574821,https://reg.energyrating.gov.au/static/common/images/star_ratings_2014/EnergyStarRating_4.5_Star.eps,https://reg.energyrating.gov.au/static/common/images/star_ratings_2014/Star-rating-4.5.png,Internal,Digital,,ATV4776,Greenhouse and Energy Minimum Standards (Televisions) Determination 2013
615,143638,SAMSUNG ELECTRONICS,QA50Q63BAS,QA50Q6*BAS,"Australia,Fiji,New Zealand",Vietnam,125.727,6754.5112,LCD (LED),0.5,0.0,0.0,80.0,N/A,N/A,295.0,Approved,2026-12-19,,Single product class,Available,4.5,,http://www.samsung.com.au,4.84854704574821,https://reg.energyrating.gov.au/static/common/images/star_ratings_2014/EnergyStarRating_4.5_Star.eps,https://reg.energyrating.gov.au/static/common/images/star_ratings_2014/Star-rating-4.5.png,Internal,Digital,,ATV4776,Greenhouse and Energy Minimum Standards (Televisions) Determination 2013
616,143638,SAMSUNG ELECTRONICS,QA50Q60BAS,QA50Q6*BAS,"Australia,Fiji,New Zealand",Vietnam,125.727,6754.5112,LCD (LED),0.5,0.0,0.0,80.0,N/A,N/A,295.0,Approved,2026-12-19,,Single product class,Available,4.5,,http://www.samsung.com.au,4.84854704574821,https://reg.energyrating.gov.au/static/common/images/star_ratings_2014/EnergyStarRating_4.5_Star.eps,https://reg.energyrating.gov.au/static/common/images/star_ratings_2014/Star-rating-4.5.png,Internal,Digital,,ATV4776,Greenhouse and Energy Minimum Standards (Televisions) Determination 2013
617,143622,SAMSUNG ELECTRONICS,QA75Q63BAS,QA75Q6*BA*,"Australia,Fiji,New Zealand",Vietnam,189.338,15318.8066,LCD (LED),0.5,0.0,0.0,183.0,N/A,N/A,671.0,Approved,2026-12-19,,Single product class,Available,4.5,,http://www.samsung.com.au,4.59367635407977,https://reg.energyrating.gov.au/static/common/images/star_ratings_2014/EnergyStarRating_4.5_Star.eps,https://reg.energyrating.gov.au/static/common/images/star_ratings_2014/Star-rating-4.5.png,Internal,Digital,,ATV4774,Greenhouse and Energy Minimum Standards (Televisions) Determination 2013
618,143622,SAMSUNG ELECTRONICS,QA75Q6*BA*,QA75Q6*BA*,"Australia,Fiji,New Zealand",Vietnam,189.338,15318.8066,LCD (LED),0.5,0.0,0.0,183.0,N/A,N/A,671.0,Approved,2026-12-19,,Single product class,Available,4.5,,http://www.samsung.com.au,4.59367635407977,https://reg.energyrating.gov.au/static/common/images/star_ratings_2014/EnergyStarRating_4.5_Star.eps,https://reg.energyrating.gov.au/static/common/images/star_ratings_2014/Star-rating-4.5.png,Internal,Digital,,ATV4774,Greenhouse and Energy Minimum Standards (Televisions) Determination 2013
619,143622,SAMSUNG ELECTRONICS,QA75Q63BAK,QA75Q6*BA*,"Australia,Fiji,New Zealand",Vietnam,189.338,15318.8066,LCD (LED),0.5,0.0,0.0,183.0,N/A,N/A,671.0,Approved,2026-12-19,,Single product class,Available,4.5,,http://www.samsung.com.au,4.59367635407977,https://reg.energyrating.gov.au/static/common/images/star_ratings_2014/EnergyStarRating_4.5_Star.eps,https://reg.energyrating.gov.au/static/common/images/star_ratings_2014/Star-rating-4.5.png,Internal,Digital,,ATV4774,Greenhouse and Energy Minimum Standards (Televisions) Determination 2013
620,143622,SAMSUNG ELECTRONICS,QA75Q60BAW,QA75Q6*BA*,"Australia,Fiji,New Zealand",Vietnam,189.338,15318.8066,LCD (LED),0.5,0.0,0.0,183.0,N/A,N/A,671.0,Approved,2026-12-19,,Single product class,Available,4.5,,http://www.samsung.com.au,4.59367635407977,https://reg.energyrating.gov.au/static/common/images/star_ratings_2014/EnergyStarRating_4.5_Star.eps,https://reg.energyrating.gov.au/static/common/images/star_ratings_2014/Star-rating-4.5.png,Internal,Digital,,ATV4774,Greenhouse and Energy Minimum Standards (Televisions) Determination 2013
621,143622,SAMSUNG ELECTRONICS,QA75Q60BAS,QA75Q6*BA*,"Australia,Fiji,New Zealand",Vietnam,189.338,15318.8066,LCD (LED),0.5,0.0,0.0,183.0,N/A,N/A,671.0,Approved,2026-12-19,,Single product class,Available,4.5,,http://www.samsung.com.au,4.59367635407977,https://reg.energyrating.gov.au/static/common/images/star_ratings_2014/EnergyStarRating_4.5_Star.eps,https://reg.energyrating.gov.au/static/common/images/star_ratings_2014/Star-rating-4.5.png,Internal,Digital,,ATV4774,Greenhouse and Energy Minimum Standards (Televisions) Determination 2013
622,143616,SAMSUNG ELECTRONICS,QA65Q63BAS,QA65Q6*BA*,"Australia,Fiji,New Zealand",Vietnam,163.897,11477.9975,LCD (LED),0.5,0.0,0.0,117.0,N/A,N/A,430.0,Approved,2026-12-19,,Single product class,Available,5.0,,http://www.samsung.com.au,5.35936125303452,https://reg.energyrating.gov.au/static/common/images/star_ratings_2014/EnergyStarRating_5_Star.eps,https://reg.energyrating.gov.au/static/common/images/star_ratings_2014/Star-rating-5.png,Internal,Digital,,ATV4773,Greenhouse and Energy Minimum Standards (Televisions) Determination 2013
623,143616,SAMSUNG ELECTRONICS,QA65Q6*BA*,QA65Q6*BA*,"Australia,Fiji,New Zealand",Vietnam,163.897,11477.9975,LCD (LED),0.5,0.0,0.0,117.0,N/A,N/A,430.0,Approved,2026-12-19,,Single product class,Available,5.0,,http://www.samsung.com.au,5.35936125303452,https://reg.energyrating.gov.au/static/common/images/star_ratings_2014/EnergyStarRating_5_Star.eps,https://reg.energyrating.gov.au/static/common/images/star_ratings_2014/Star-rating-5.png,Internal,Digital,,ATV4773,Greenhouse and Energy Minimum Standards (Televisions) Determination 2013
624,143616,SAMSUNG ELECTRONICS,QA65Q63BAK,QA65Q6*BA*,"Australia,Fiji,New Zealand",Vietnam,163.897,11477.9975,LCD (LED),0.5,0.0,0.0,117.0,N/A,N/A,430.0,Approved,2026-12-19,,Single product class,Available,5.0,,http://www.samsung.com.au,5.35936125303452,https://reg.energyrating.gov.au/static/common/images/star_ratings_2014/EnergyStarRating_5_Star.eps,https://reg.energyrating.gov.au/static/common/images/star_ratings_2014/Star-rating-5.png,Internal,Digital,,ATV4773,Greenhouse and Energy Minimum Standards (Televisions) Determination 2013
625,143616,SAMSUNG ELECTRONICS,QA65Q60BAW,QA65Q6*BA*,"Australia,Fiji,New Zealand",Vietnam,163.897,11477.9975,LCD (LED),0.5,0.0,0.0,117.0,N/A,N/A,430.0,Approved,2026-12-19,,Single product class,Available,5.0,,http://www.samsung.com.au,5.35936125303452,https://reg.energyrating.gov.au/static/common/images/star_ratings_2014/EnergyStarRating_5_Star.eps,https://reg.energyrating.gov.au/static/common/images/star_ratings_2014/Star-rating-5.png,Internal,Digital,,ATV4773,Greenhouse and Energy Minimum Standards (Televisions) Determination 2013
626,143616,SAMSUNG ELECTRONICS,QA65Q60BAS,QA65Q6*BA*,"Australia,Fiji,New Zealand",Vietnam,163.897,11477.9975,LCD (LED),0.5,0.0,0.0,117.0,N/A,N/A,430.0,Approved,2026-12-19,,Single product class,Available,5.0,,http://www.samsung.com.au,5.35936125303452,https://reg.energyrating.gov.au/static/common/images/star_ratings_2014/EnergyStarRating_5_Star.eps,https://reg.energyrating.gov.au/static/common/images/star_ratings_2014/Star-rating-5.png,Internal,Digital,,ATV4773,Greenhouse and Energy Minimum Standards (Televisions) Determination 2013
627,144325,LG,65QNED966QA,,"Australia,New Zealand",Indonesia,163.897,11477.9975,LCD (LED),0.4,0.0,0.0,152.0,N/A,N/A,557.0,Approved,2027-02-20,,Single product class,Available,4.0,,,4.199659214971653,https://reg.energyrating.gov.au/static/common/images/star_ratings_2014/EnergyStarRating_4_Star.eps,https://reg.energyrating.gov.au/static/common/images/star_ratings_2014/Star-rating-4.png,Internal,Analogue/Digital,AS/NZS 62087.1:2010,ATV4946,Greenhouse and Energy Minimum Standards (Televisions) Determination 2013
628,144327,LG,75QNED966QA,,"Australia,New Zealand",Indonesia,189.275,15307.5663,LCD (LED),0.4,0.0,0.0,172.0,N/A,N/A,630.0,Approved,2027-02-20,,Single product class,Available,4.5,,,4.873081208156259,https://reg.energyrating.gov.au/static/common/images/star_ratings_2014/EnergyStarRating_4.5_Star.eps,https://reg.energyrating.gov.au/static/common/images/star_ratings_2014/Star-rating-4.5.png,Internal,Analogue/Digital,AS/NZS 62087.1:2010,ATV4947,Greenhouse and Energy Minimum Standards (Televisions) Determination 2013
629,144328,LG,86UQ91006LA,,"Australia,New Zealand",Indonesia,217.425,20200.7,LCD (LED),0.4,0.0,0.0,250.0,N/A,N/A,915.0,Approved,2027-01-26,,Single product class,Available,4.0,,,4.395864655180622,https://reg.energyrating.gov.au/static/common/images/star_ratings_2014/EnergyStarRating_4_Star.eps,https://reg.energyrating.gov.au/static/common/images/star_ratings_2014/Star-rating-4.png,Internal,Analogue/Digital,AS/NZS 62087.1:2010,ATV4875,Greenhouse and Energy Minimum Standards (Televisions) Determination 2013
630,144343,Polaroid,PL5021WOS,,"Australia,Fiji,New Zealand",China,125.774,6762.32,LCD (LED),0.35,0.037,0.0,54.8,N/A,N/A,202.0,Approved,2027-02-01,,Single product class,Available,6.0,,,6.550386915674646,https://reg.energyrating.gov.au/static/common/images/star_ratings_2014/EnergyStarRating_6_Star.eps,https://reg.energyrating.gov.au/static/common/images/star_ratings_2014/Star-rating-6.png,Internal,Analogue/Digital,AS/NZS 62087.1:2010,ATV4886,Greenhouse and Energy Minimum Standards (Televisions) Determination 2013
631,144350,EKO,K650USG,,Australia,China,163.896,11478.122496000002,LCD (LED),-,-,-,137.7,N/A,N/A,520.0,Approved,2027-02-10,,Single product class,Available,4.5,http://www.ayonz.com/,,4.507742024035239,https://reg.energyrating.gov.au/static/common/images/star_ratings_2014/EnergyStarRating_4.5_Star.eps,https://reg.energyrating.gov.au/static/common/images/star_ratings_2014/Star-rating-4.5.png,Internal,Analogue/Digital,AS/NZS 62087.1:2010,ATV4918,Greenhouse and Energy Minimum Standards (Televisions) Determination 2013
632,144351,EKO,K240HSG,,Australia,China,59.774,1526.53,LCD,0.227,0.227,7.0,22.0,N/A,N/A,84.0,Approved,2027-02-09,,Single product class,Available,5.0,http://www.ayonz.com/,,5.063138326718788,https://reg.energyrating.gov.au/static/common/images/star_ratings_2014/EnergyStarRating_5_Star.eps,https://reg.energyrating.gov.au/static/common/images/star_ratings_2014/Star-rating-5.png,EPS,Digital,AS/NZS 62087.1:2010,ATV4912,Greenhouse and Energy Minimum Standards (Televisions) Determination 2013
633,144352,BLAUPUNKT,BP240HSG9200,,Australia,China,59.774,1526.53,LCD,0.227,0.227,7.0,22.0,N/A,N/A,84.0,Approved,2027-02-09,,Single product class,Available,5.0,http://www.ayonz.com/,,5.063138326718788,https://reg.energyrating.gov.au/static/common/images/star_ratings_2014/EnergyStarRating_5_Star.eps,https://reg.energyrating.gov.au/static/common/images/star_ratings_2014/Star-rating-5.png,EPS,Digital,AS/NZS 62087.1:2010,ATV4914,Greenhouse and Energy Minimum Standards (Televisions) Determination 2013
634,144353,EKO,K58USG,,Australia,China,145.865,9142.279999999999,LCD,0.35,0.039,7.0,105.8,N/A,N/A,468.0,Approved,2027-02-09,,Single product class,Available,4.0,http://www.ayonz.com/,,4.025599758439423,https://reg.energyrating.gov.au/static/common/images/star_ratings_2014/EnergyStarRating_4_Star.eps,https://reg.energyrating.gov.au/static/common/images/star_ratings_2014/Star-rating-4.png,Internal,Digital,AS/NZS 62087.1:2010,ATV4913,Greenhouse and Energy Minimum Standards (Televisions) Determination 2013
635,144361,EKO,K40FSW,,Australia,China,100.332,4261.934154240001,LCD (LED),-,-,-,36.32,N/A,N/A,151.0,Approved,2027-02-16,,Single product class,Available,6.0,http://www.ayonz.com/,,6.025786528657009,https://reg.energyrating.gov.au/static/common/images/star_ratings_2014/EnergyStarRating_6_Star.eps,https://reg.energyrating.gov.au/static/common/images/star_ratings_2014/Star-rating-6.png,Internal,Analogue/Digital,AS/NZS 62087.1:2010,ATV4938,Greenhouse and Energy Minimum Standards (Televisions) Determination 2013
636,144362,BLAUPUNKT,BP4000F,,Australia,China,100.332,4261.906885,LCD (LED),0.33,0.341,4.0,25.92,N/A,N/A,151.0,Approved,2027-02-09,,Single product class,Available,6.0,http://www.ayonz.com/,,6.025761901698537,https://reg.energyrating.gov.au/static/common/images/star_ratings_2014/EnergyStarRating_6_Star.eps,https://reg.energyrating.gov.au/static/common/images/star_ratings_2014/Star-rating-6.png,Internal,Analogue/Digital,AS/NZS 62087.1:2010,ATV4915,Greenhouse and Energy Minimum Standards (Televisions) Determination 2013
637,144365,EKO,K400FSG,,Australia,China,100.305,4258.3,LCD,0.38,0.4,7.0,35.8,N/A,N/A,151.0,Approved,2027-02-16,,Single product class,Available,6.0,http://www.ayonz.com/,,6.022503316218213,https://reg.energyrating.gov.au/static/common/images/star_ratings_2014/EnergyStarRating_6_Star.eps,https://reg.energyrating.gov.au/static/common/images/star_ratings_2014/Star-rating-6.png,Internal,Digital,AS/NZS 62087.1:2010,ATV4939,Greenhouse and Energy Minimum Standards (Televisions) Determination 2013
638,144366,SONY,XR-65X95K,,"Australia,New Zealand",Malaysia,163.878,11481.120000000003,LCD (LED),0.5,32.0,0.65,226.0,N/A,N/A,835.0,Approved,2027-01-26,,Single product class,Available,2.0,http://www.sony.com.au/,,2.3864312855854646,https://reg.energyrating.gov.au/static/common/images/star_ratings_2014/EnergyStarRating_2_Star.eps,https://reg.energyrating.gov.au/static/common/images/star_ratings_2014/Star-rating-2.png,Internal,Analogue/Digital,AS/NZS 62087.1:2010,ATV4879,Greenhouse and Energy Minimum Standards (Televisions) Determination 2013
639,144368,SONY,XR-75X95K,,"Australia,New Zealand",Malaysia,189.306,15312.0,LCD (LED),0.5,31.2,0.65,242.0,N/A,N/A,894.0,Approved,2027-01-27,,Single product class,Available,3.0,http://www.sony.com.au/,,3.3058881507510876,https://reg.energyrating.gov.au/static/common/images/star_ratings_2014/EnergyStarRating_3_Star.eps,https://reg.energyrating.gov.au/static/common/images/star_ratings_2014/Star-rating-3.png,Internal,Analogue/Digital,AS/NZS 62087.1:2010,ATV4880,Greenhouse and Energy Minimum Standards (Televisions) Determination 2013
640,144369,SONY,XR-85X95K,,"Australia,New Zealand",Malaysia,214.783,19712.16,LCD (LED),0.5,29.0,0.65,292.0,N/A,N/A,1076.0,Approved,2027-02-01,,Single product class,Available,3.5,http://www.sony.com.au/,,3.5635163480816754,https://reg.energyrating.gov.au/static/common/images/star_ratings_2014/EnergyStarRating_3.5_Star.eps,https://reg.energyrating.gov.au/static/common/images/star_ratings_2014/Star-rating-3.5.png,Internal,Analogue/Digital,AS/NZS 62087.1:2010,ATV4891,Greenhouse and Energy Minimum Standards (Televisions) Determination 2013
641,144389,EKO,K700USG,,Australia,China,177.538,13429.306367999998,LCD (LED),-,-,-,160.0,N/A,N/A,590.0,Approved,2027-02-16,,Single product class,Available,4.5,http://www.ayonz.com/,,4.607734314278893,https://reg.energyrating.gov.au/static/common/images/star_ratings_2014/EnergyStarRating_4.5_Star.eps,https://reg.energyrating.gov.au/static/common/images/star_ratings_2014/Star-rating-4.5.png,Internal,Analogue/Digital,AS/NZS 62087.1:2010,ATV4940,Greenhouse and Energy Minimum Standards (Televisions) Determination 2013
642,144396,LG,OLED83G2PSA,,"Australia,New Zealand",Indonesia,209.585,18769.3425,OLED,0.4,0.0,0.0,181.0,N/A,N/A,663.0,Approved,2027-02-14,,Single product class,Available,5.5,,,5.521635940497602,https://reg.energyrating.gov.au/static/common/images/star_ratings_2014/EnergyStarRating_5.5_Star.eps,https://reg.energyrating.gov.au/static/common/images/star_ratings_2014/Star-rating-5.5.png,Internal,Analogue/Digital,AS/NZS 62087.1:2010,ATV4929,Greenhouse and Energy Minimum Standards (Televisions) Determination 2013
643,144397,LG,OLED83G26LA,,"Australia,New Zealand",Indonesia,209.585,18769.3425,OLED,0.4,0.0,0.0,181.0,N/A,N/A,663.0,Approved,2027-02-20,,Single product class,Available,5.5,,,5.521635940497602,https://reg.energyrating.gov.au/static/common/images/star_ratings_2014/EnergyStarRating_5.5_Star.eps,https://reg.energyrating.gov.au/static/common/images/star_ratings_2014/Star-rating-5.5.png,Internal,Analogue/Digital,AS/NZS 62087.1:2010,ATV4948,Greenhouse and Energy Minimum Standards (Televisions) Determination 2013
644,144403,SONY,XR-65A95K,,"Australia,New Zealand",Malaysia,163.878,11481.120000000003,OLED,0.5,31.0,0.65,136.0,N/A,N/A,507.0,Approved,2027-02-01,,Single product class,Available,4.5,http://www.sony.com.au/,,4.622304642988203,https://reg.energyrating.gov.au/static/common/images/star_ratings_2014/EnergyStarRating_4.5_Star.eps,https://reg.energyrating.gov.au/static/common/images/star_ratings_2014/Star-rating-4.5.png,Internal,Analogue/Digital,AS/NZS 62087.1:2010,ATV4892,Greenhouse and Energy Minimum Standards (Televisions) Determination 2013
645,144425,SAMSUNG ELECTRONICS,QA43LS05BAW,QA43LS05B**,"Australia,Fiji,New Zealand",Vietnam,107.987,4982.7128,LCD (LED),0.5,0.0,0.0,83.0,N/A,N/A,306.0,Approved,2027-02-06,,Single product class,Available,3.0,,http://www.samsung.com.au,3.468328055820896,https://reg.energyrating.gov.au/static/common/images/star_ratings_2014/EnergyStarRating_3_Star.eps,https://reg.energyrating.gov.au/static/common/images/star_ratings_2014/Star-rating-3.png,Internal,Digital,,ATV4895,Greenhouse and Energy Minimum Standards (Televisions) Determination 2013
646,144425,SAMSUNG ELECTRONICS,QA43LS05BBW,QA43LS05B**,"Australia,Fiji,New Zealand",Vietnam,107.987,4982.7128,LCD (LED),0.5,0.0,0.0,83.0,N/A,N/A,306.0,Approved,2027-02-06,,Single product class,Available,3.0,,http://www.samsung.com.au,3.468328055820896,https://reg.energyrating.gov.au/static/common/images/star_ratings_2014/EnergyStarRating_3_Star.eps,https://reg.energyrating.gov.au/static/common/images/star_ratings_2014/Star-rating-3.png,Internal,Digital,,ATV4895,Greenhouse and Energy Minimum Standards (Televisions) Determination 2013
647,144425,SAMSUNG ELECTRONICS,QA43LS05BAS,QA43LS05B**,"Australia,Fiji,New Zealand",Vietnam,107.987,4982.7128,LCD (LED),0.5,0.0,0.0,83.0,N/A,N/A,306.0,Approved,2027-02-06,,Single product class,Available,3.0,,http://www.samsung.com.au,3.468328055820896,https://reg.energyrating.gov.au/static/common/images/star_ratings_2014/EnergyStarRating_3_Star.eps,https://reg.energyrating.gov.au/static/common/images/star_ratings_2014/Star-rating-3.png,Internal,Digital,,ATV4895,Greenhouse and Energy Minimum Standards (Televisions) Determination 2013
648,144425,SAMSUNG ELECTRONICS,QA43LS05B**,QA43LS05B**,"Australia,Fiji,New Zealand",Vietnam,107.987,4982.7128,LCD (LED),0.5,0.0,0.0,83.0,N/A,N/A,306.0,Approved,2027-02-06,,Single product class,Available,3.0,,http://www.samsung.com.au,3.468328055820896,https://reg.energyrating.gov.au/static/common/images/star_ratings_2014/EnergyStarRating_3_Star.eps,https://reg.energyrating.gov.au/static/common/images/star_ratings_2014/Star-rating-3.png,Internal,Digital,,ATV4895,Greenhouse and Energy Minimum Standards (Televisions) Determination 2013
649,144436,kogan,KAQLED50XQ9610STA,,"Australia,Fiji,New Zealand",China,125.638,6745.2,LCD (LED),0.4,0.0,0.0,90.0,N/A,N/A,331.0,Approved,2027-02-08,,Single product class,Available,4.0,,,4.3269419428521605,https://reg.energyrating.gov.au/static/common/images/star_ratings_2014/EnergyStarRating_4_Star.eps,https://reg.energyrating.gov.au/static/common/images/star_ratings_2014/Star-rating-4.png,Internal,Analogue/Digital,AS/NZS 62087.1:2010,ATV4902,Greenhouse and Energy Minimum Standards (Televisions) Determination 2013
650,144480,Panasonic,TH-49LX900Z,,New Zealand,Malaysia,123.219,6486.96,LCD (LED),0.5,14.0,0.15,75.0,7.0,7.952463215097045,278.0,Approved,2122-01-10,,Single product class,Available,4.5,http://www.panasonic.co.nz/,http://www.panasonic.co.nz,4.950744667071304,https://reg.energyrating.gov.au/static/common/images/star_ratings_2014/EnergyStarRating_4.5_Star.eps,https://reg.energyrating.gov.au/static/common/images/star_ratings_2014/Star-rating-4.5.png,Internal,Analogue/Digital,AS/NZS 62087.1:2010,ZTV0602,AS/NZS 62087.2.2:2011
651,144488,Panasonic,TH-55LX900Z,,New Zealand,Malaysia,138.818,8232.84,LCD (LED),0.5,14.0,0.15,77.0,8.0,8.815575919294103,285.0,Approved,2122-01-10,,Single product class,Available,5.5,http://www.panasonic.co.nz/,http://www.panasonic.co.nz,5.813818228446395,https://reg.energyrating.gov.au/static/common/images/star_ratings_2014/EnergyStarRating_5.5_Star.eps,https://reg.energyrating.gov.au/static/common/images/star_ratings_2014/Star-rating-5.5.png,Internal,Analogue/Digital,AS/NZS 62087.1:2010,ZTV0603,AS/NZS 62087.2.2:2011
652,144494,Panasonic,TH-65LX900Z,,New Zealand,Malaysia,163.853,11473.98,LCD (LED),0.5,14.0,0.15,87.0,9.0,9.669799892148216,321.0,Approved,2122-01-10,,Single product class,Available,6.0,http://www.panasonic.co.nz/,http://www.panasonic.co.nz,6.667999301808216,https://reg.energyrating.gov.au/static/common/images/star_ratings_2014/EnergyStarRating_6_Star.eps,https://reg.energyrating.gov.au/static/common/images/star_ratings_2014/Star-rating-6.png,Internal,Analogue/Digital,AS/NZS 62087.1:2010,ZTV0604,AS/NZS 62087.2.2:2011
653,144495,Panasonic,TH-75LX900Z,,New Zealand,Malaysia,189.301,15310.35,LCD (LED),0.5,14.0,0.15,140.0,8.0,8.77893266573017,515.0,Approved,2122-01-10,,Single product class,Available,5.5,http://www.panasonic.co.nz/,http://www.panasonic.co.nz,5.777103744055873,https://reg.energyrating.gov.au/static/common/images/star_ratings_2014/EnergyStarRating_5.5_Star.eps,https://reg.energyrating.gov.au/static/common/images/star_ratings_2014/Star-rating-5.5.png,Internal,Analogue/Digital,AS/NZS 62087.1:2010,ZTV0605,AS/NZS 62087.2.2:2011
654,144497,Panasonic,TH-55LX950Z,,New Zealand,Malaysia,138.818,8232.84,LCD (LED),0.5,14.0,0.15,81.0,8.0,8.60067213722374,299.0,Approved,2122-01-10,,Single product class,Available,5.5,http://www.panasonic.co.nz/,http://www.panasonic.co.nz,5.598914446376031,https://reg.energyrating.gov.au/static/common/images/star_ratings_2014/EnergyStarRating_5.5_Star.eps,https://reg.energyrating.gov.au/static/common/images/star_ratings_2014/Star-rating-5.5.png,Internal,Analogue/Digital,AS/NZS 62087.1:2010,ZTV0606,AS/NZS 62087.2.2:2011
655,144499,Panasonic,TH-65LX950Z,,New Zealand,Malaysia,163.853,11473.98,LCD (LED),0.5,14.0,0.15,87.0,9.0,9.669799892148216,321.0,Approved,2122-01-10,,Single product class,Available,6.0,http://www.panasonic.co.nz/,http://www.panasonic.co.nz,6.667999301808216,https://reg.energyrating.gov.au/static/common/images/star_ratings_2014/EnergyStarRating_6_Star.eps,https://reg.energyrating.gov.au/static/common/images/star_ratings_2014/Star-rating-6.png,Internal,Analogue/Digital,AS/NZS 62087.1:2010,ZTV0607,AS/NZS 62087.2.2:2011
656,144561,DGTEC,DG5521WOS,,"Australia,Fiji,New Zealand",China,138.798,8228.0,LCD,0.33,0.0,0.0,69.6,N/A,N/A,256.0,Approved,2027-02-09,,Single product class,Available,6.0,,,6.292298502011051,https://reg.energyrating.gov.au/static/common/images/star_ratings_2014/EnergyStarRating_6_Star.eps,https://reg.energyrating.gov.au/static/common/images/star_ratings_2014/Star-rating-6.png,Internal,Analogue/Digital,AS/NZS 62087.1:2010,ATV4908,Greenhouse and Energy Minimum Standards (Televisions) Determination 2013
657,144564,AKAI,AK4021S6WOS,,"Australia,Fiji,New Zealand",China,100.305,4258.3,LCD,0.33,0.0,0.0,35.3,N/A,N/A,131.0,Approved,2027-02-06,,Single product class,Available,6.0,,,6.659234751103845,https://reg.energyrating.gov.au/static/common/images/star_ratings_2014/EnergyStarRating_6_Star.eps,https://reg.energyrating.gov.au/static/common/images/star_ratings_2014/Star-rating-6.png,Internal,Analogue/Digital,AS/NZS 62087.1:2010,ATV4897,Greenhouse and Energy Minimum Standards (Televisions) Determination 2013
658,144599,JVC,LT-40N5115AM,,Australia,China,100.344,4254.360000000001,LCD (LED),0.37,0.517,7.0,35.0,N/A,N/A,151.0,Approved,2027-02-16,,Single product class,Available,6.0,,,6.01894107318675,https://reg.energyrating.gov.au/static/common/images/star_ratings_2014/EnergyStarRating_6_Star.eps,https://reg.energyrating.gov.au/static/common/images/star_ratings_2014/Star-rating-6.png,Internal,Analogue/Digital,AS/NZS 62087.1:2010,ATV4931,Greenhouse and Energy Minimum Standards (Televisions) Determination 2013
659,144600,JVC,LT-55N7115AM,,"Australia,Fiji",China,138.886,8234.8,LCD (LED),0.34,0.34,7.0,87.3,N/A,N/A,360.0,Approved,2027-02-10,,Single product class,Available,4.5,,,4.767875082608744,https://reg.energyrating.gov.au/static/common/images/star_ratings_2014/EnergyStarRating_4.5_Star.eps,https://reg.energyrating.gov.au/static/common/images/star_ratings_2014/Star-rating-4.5.png,Internal,Analogue/Digital,AS/NZS 62087.1:2010,ATV4919,Greenhouse and Energy Minimum Standards (Televisions) Determination 2013
660,144611,LG,55UP751C0VG,,"Australia,New Zealand",Indonesia,138.783,8230.118400000001,LCD (LED),0.4,0.0,0.0,115.0,N/A,N/A,422.0,Approved,2027-02-09,,Single product class,Available,4.0,,,4.053423000980519,https://reg.energyrating.gov.au/static/common/images/star_ratings_2014/EnergyStarRating_4_Star.eps,https://reg.energyrating.gov.au/static/common/images/star_ratings_2014/Star-rating-4.png,Internal,Analogue/Digital,AS/NZS 62087.1:2010,ATV4910,Greenhouse and Energy Minimum Standards (Televisions) Determination 2013
661,144612,LG,65UP751C0VG,,"Australia,New Zealand",Indonesia,163.897,11477.9975,LCD (LED),0.4,0.0,0.0,145.0,N/A,N/A,532.0,Approved,2027-02-08,,Single product class,Available,4.0,,,4.405453871887269,https://reg.energyrating.gov.au/static/common/images/star_ratings_2014/EnergyStarRating_4_Star.eps,https://reg.energyrating.gov.au/static/common/images/star_ratings_2014/Star-rating-4.png,Internal,Analogue/Digital,AS/NZS 62087.1:2010,ATV4903,Greenhouse and Energy Minimum Standards (Televisions) Determination 2013
662,144613,LG,75UP751C0VC,,"Australia,New Zealand",Indonesia,189.275,15307.5663,LCD (LED),0.4,0.0,0.0,171.0,N/A,N/A,627.0,Approved,2027-02-09,,Single product class,Available,4.5,,,4.894472275585927,https://reg.energyrating.gov.au/static/common/images/star_ratings_2014/EnergyStarRating_4.5_Star.eps,https://reg.energyrating.gov.au/static/common/images/star_ratings_2014/Star-rating-4.5.png,Internal,Analogue/Digital,AS/NZS 62087.1:2010,ATV4911,Greenhouse and Energy Minimum Standards (Televisions) Determination 2013
663,144615,CHiQ,L24D6C,,"Australia,Fiji,New Zealand",China,59.774,1526.53,LCD,-,-,-,20.2,N/A,N/A,82.0,Approved,2027-02-09,,Single product class,Available,5.0,,https://www.chiq.com.au/,5.171129579153095,https://reg.energyrating.gov.au/static/common/images/star_ratings_2014/EnergyStarRating_5_Star.eps,https://reg.energyrating.gov.au/static/common/images/star_ratings_2014/Star-rating-5.png,EPS,unknown,AS/NZS 62087.1:2010,ATV4907,Greenhouse and Energy Minimum Standards (Televisions) Determination 2013
664,144674,Polaroid,PL3221HDC,,"Australia,Fiji,New Zealand",China,80.054,2736.1600000000003,LCD,0.29,0.0,0.0,26.7,N/A,N/A,99.0,Approved,2027-02-08,,Single product class,Available,6.0,,,6.271133890295119,https://reg.energyrating.gov.au/static/common/images/star_ratings_2014/EnergyStarRating_6_Star.eps,https://reg.energyrating.gov.au/static/common/images/star_ratings_2014/Star-rating-6.png,Internal,Analogue/Digital,AS/NZS 62087.1:2010,ATV4904,Greenhouse and Energy Minimum Standards (Televisions) Determination 2013
665,144679,EKO,K55USW,,Australia,China,138.798,8228.0,LCD,0.4,0.0,0.0,100.9,N/A,N/A,385.0,Approved,2027-03-17,,Single product class,Available,4.0,http://www.ayonz.com/,,4.4635838140673165,https://reg.energyrating.gov.au/static/common/images/star_ratings_2014/EnergyStarRating_4_Star.eps,https://reg.energyrating.gov.au/static/common/images/star_ratings_2014/Star-rating-4.png,Internal,Digital,AS/NZS 62087.1:2010,ATV4982,Greenhouse and Energy Minimum Standards (Televisions) Determination 2013
666,144694,SONY,XR-48A90K,,"Australia,New Zealand",Malaysia,120.713,6227.84,OLED,0.5,22.7,0.65,84.0,N/A,N/A,315.0,Approved,2027-02-09,,Single product class,Available,4.0,http://www.sony.com.au/,,4.226233251794239,https://reg.energyrating.gov.au/static/common/images/star_ratings_2014/EnergyStarRating_4_Star.eps,https://reg.energyrating.gov.au/static/common/images/star_ratings_2014/Star-rating-4.png,Internal,Analogue/Digital,AS/NZS 62087.1:2010,ATV4905,Greenhouse and Energy Minimum Standards (Televisions) Determination 2013
667,144696,SONY,KD-50X85K,,"Australia,New Zealand",Malaysia,125.725,6751.36,LCD (LED),0.5,12.0,0.65,93.6,N/A,N/A,347.0,Approved,2027-02-09,,Single product class,Available,4.0,http://www.sony.com.au/,,4.119096350472407,https://reg.energyrating.gov.au/static/common/images/star_ratings_2014/EnergyStarRating_4_Star.eps,https://reg.energyrating.gov.au/static/common/images/star_ratings_2014/Star-rating-4.png,Internal,Analogue/Digital,AS/NZS 62087.1:2010,ATV4906,Greenhouse and Energy Minimum Standards (Televisions) Determination 2013
668,144699,SONY,KD-55X85K,,"Australia,New Zealand",Malaysia,138.798,8228.0,LCD (LED),0.5,12.3,0.65,136.6,N/A,N/A,504.0,Approved,2027-02-16,,Single product class,Available,3.0,http://www.sony.com.au/,,3.2565897862437874,https://reg.energyrating.gov.au/static/common/images/star_ratings_2014/EnergyStarRating_3_Star.eps,https://reg.energyrating.gov.au/static/common/images/star_ratings_2014/Star-rating-3.png,Internal,Analogue/Digital,AS/NZS 62087.1:2010,ATV4936,Greenhouse and Energy Minimum Standards (Televisions) Determination 2013
669,144702,SONY,KD-65X85K,,"Australia,New Zealand",Malaysia,163.878,11481.120000000003,LCD (LED),0.5,12.8,0.65,179.5,N/A,N/A,661.0,Approved,2027-02-09,,Single product class,Available,3.0,http://www.sony.com.au/,,3.4336400604880652,https://reg.energyrating.gov.au/static/common/images/star_ratings_2014/EnergyStarRating_3_Star.eps,https://reg.energyrating.gov.au/static/common/images/star_ratings_2014/Star-rating-3.png,Internal,Analogue/Digital,AS/NZS 62087.1:2010,ATV4916,Greenhouse and Energy Minimum Standards (Televisions) Determination 2013
670,144703,SONY,KD-75X85K,,"Australia,New Zealand",Malaysia,189.306,15312.0,LCD (LED),0.5,16.4,0.65,224.4,N/A,N/A,826.0,Approved,2027-02-16,,Single product class,Available,3.5,http://www.sony.com.au/,,3.6604177850901025,https://reg.energyrating.gov.au/static/common/images/star_ratings_2014/EnergyStarRating_3.5_Star.eps,https://reg.energyrating.gov.au/static/common/images/star_ratings_2014/Star-rating-3.5.png,Internal,Analogue/Digital,AS/NZS 62087.1:2010,ATV4937,Greenhouse and Energy Minimum Standards (Televisions) Determination 2013
671,144704,SONY,KD-85X85K,,"Australia,New Zealand",Malaysia,214.783,19712.16,LCD (LED),0.5,17.0,0.65,237.7,N/A,N/A,875.0,Approved,2027-02-09,,Single product class,Available,4.0,http://www.sony.com.au/,,4.49019271020941,https://reg.energyrating.gov.au/static/common/images/star_ratings_2014/EnergyStarRating_4_Star.eps,https://reg.energyrating.gov.au/static/common/images/star_ratings_2014/Star-rating-4.png,Internal,Analogue/Digital,AS/NZS 62087.1:2010,ATV4917,Greenhouse and Energy Minimum Standards (Televisions) Determination 2013
672,144727,JVC,LT-75N7125A,,Australia,China,188.974,15220.27,LCD (LED),0.85,0.85,7.0,189.3,N/A,N/A,758.0,Approved,2027-02-16,,Single product class,Available,4.0,,,4.01967621728369,https://reg.energyrating.gov.au/static/common/images/star_ratings_2014/EnergyStarRating_4_Star.eps,https://reg.energyrating.gov.au/static/common/images/star_ratings_2014/Star-rating-4.png,Internal,Analogue/Digital,AS/NZS 62087.1:2010,ATV4933,Greenhouse and Energy Minimum Standards (Televisions) Determination 2013
673,144733,JVC,LT-65N7115AM,,"Australia,Fiji",China,163.682,11424.0,LCD (LED),0.39,0.45,7.0,93.0,N/A,N/A,370.0,Approved,2027-02-16,,Single product class,Available,6.0,,,6.012924571152087,https://reg.energyrating.gov.au/static/common/images/star_ratings_2014/EnergyStarRating_6_Star.eps,https://reg.energyrating.gov.au/static/common/images/star_ratings_2014/Star-rating-6.png,Internal,Analogue/Digital,AS/NZS 62087.1:2010,ATV4934,Greenhouse and Energy Minimum Standards (Televisions) Determination 2013
674,144741,AKAI,AK8521S6WOS,,Australia,China,214.783,19712.16,LCD,0.33,0.0,0.0,159.1,N/A,N/A,600.0,Approved,2027-02-24,,Single product class,Available,6.0,,http://www.tempoaustralia.com.au,6.1810066679482025,https://reg.energyrating.gov.au/static/common/images/star_ratings_2014/EnergyStarRating_6_Star.eps,https://reg.energyrating.gov.au/static/common/images/star_ratings_2014/Star-rating-6.png,Internal,Digital,AS/NZS 62087.1:2010,ATV4957,Greenhouse and Energy Minimum Standards (Televisions) Determination 2013
675,144723,JVC,LT-55NQ7105AT2,,"Australia,Fiji",China,138.783,8230.118400000001,LCD (LED),-,-,-,63.94,N/A,N/A,320.0,Approved,2027-02-16,,Single product class,Available,5.0,,,5.293361671010193,https://reg.energyrating.gov.au/static/common/images/star_ratings_2014/EnergyStarRating_5_Star.eps,https://reg.energyrating.gov.au/static/common/images/star_ratings_2014/Star-rating-5.png,Internal,Analogue/Digital,AS/NZS 62087.1:2010,ATV4932,Greenhouse and Energy Minimum Standards (Televisions) Determination 2013
676,144762,Linsar,LS85UHDNF,,Australia,China,214.783,19712.16,LCD,0.33,0.0,0.0,159.1,N/A,N/A,600.0,Approved,2027-02-14,,Single product class,Available,6.0,,,6.1810066679482025,https://reg.energyrating.gov.au/static/common/images/star_ratings_2014/EnergyStarRating_6_Star.eps,https://reg.energyrating.gov.au/static/common/images/star_ratings_2014/Star-rating-6.png,Internal,Digital,AS/NZS 62087.1:2010,ATV4930,Greenhouse and Energy Minimum Standards (Televisions) Determination 2013
677,144837,kogan,KALED50XU9220STD,,"Australia,Fiji,New Zealand",China,125.638,6745.2,LCD (LED),0.4,0.0,0.0,77.0,N/A,N/A,284.0,Approved,2027-02-21,,Single product class,Available,5.0,,,5.01324516028287,https://reg.energyrating.gov.au/static/common/images/star_ratings_2014/EnergyStarRating_5_Star.eps,https://reg.energyrating.gov.au/static/common/images/star_ratings_2014/Star-rating-5.png,Internal,Analogue/Digital,AS/NZS 62087.1:2010,ATV4950,Greenhouse and Energy Minimum Standards (Televisions) Determination 2013
678,144838,kogan,KALED75XU9220STA,,"Australia,Fiji,New Zealand",China,189.306,15312.0,LCD (LED),0.45,0.0,0.0,146.0,N/A,N/A,536.0,Approved,2027-03-15,,Single product class,Available,5.5,,,5.598455473847803,https://reg.energyrating.gov.au/static/common/images/star_ratings_2014/EnergyStarRating_5.5_Star.eps,https://reg.energyrating.gov.au/static/common/images/star_ratings_2014/Star-rating-5.5.png,Internal,Analogue/Digital,AS/NZS 62087.1:2010,ATV4980,Greenhouse and Energy Minimum Standards (Televisions) Determination 2013
679,144851,kogan,KAQLED65XQ9610STB,,"Australia,Fiji,New Zealand",China,163.829,11466.84,LCD (LED),0.43,0.0,0.0,156.0,N/A,N/A,572.0,Approved,2027-02-23,,Single product class,Available,4.0,,,4.076463412951497,https://reg.energyrating.gov.au/static/common/images/star_ratings_2014/EnergyStarRating_4_Star.eps,https://reg.energyrating.gov.au/static/common/images/star_ratings_2014/Star-rating-4.png,Internal,Analogue/Digital,AS/NZS 62087.1:2010,ATV4956,Greenhouse and Energy Minimum Standards (Televisions) Determination 2013
680,144853,kogan,KALED32RH9310STA,,"Australia,Fiji,New Zealand",China,79.967,2732.2400000000002,LCD (LED),0.35,0.0,0.0,28.0,N/A,N/A,104.0,Approved,2027-02-21,,Single product class,Available,6.0,,,6.04521473860549,https://reg.energyrating.gov.au/static/common/images/star_ratings_2014/EnergyStarRating_6_Star.eps,https://reg.energyrating.gov.au/static/common/images/star_ratings_2014/Star-rating-6.png,Internal,Analogue/Digital,AS/NZS 62087.1:2010,ATV4949,Greenhouse and Energy Minimum Standards (Televisions) Determination 2013
681,144421,SAMSUNG ELECTRONICS,QA32LS03BBK,QA32LS03B**,"Australia,Fiji,New Zealand",Vietnam,80.008,2735.5079,LCD (LED),0.5,0.0,0.0,39.0,N/A,N/A,145.0,Approved,2027-02-06,,Single product class,Available,4.5,,http://www.samsung.com.au,4.56011124992726,https://reg.energyrating.gov.au/static/common/images/star_ratings_2014/EnergyStarRating_4.5_Star.eps,https://reg.energyrating.gov.au/static/common/images/star_ratings_2014/Star-rating-4.5.png,Internal,Digital,,ATV4894,Greenhouse and Energy Minimum Standards (Televisions) Determination 2013
682,144421,SAMSUNG ELECTRONICS,QA32LS03BBW,QA32LS03B**,"Australia,Fiji,New Zealand",Vietnam,80.008,2735.5079,LCD (LED),0.5,0.0,0.0,39.0,N/A,N/A,145.0,Approved,2027-02-06,,Single product class,Available,4.5,,http://www.samsung.com.au,4.56011124992726,https://reg.energyrating.gov.au/static/common/images/star_ratings_2014/EnergyStarRating_4.5_Star.eps,https://reg.energyrating.gov.au/static/common/images/star_ratings_2014/Star-rating-4.5.png,Internal,Digital,,ATV4894,Greenhouse and Energy Minimum Standards (Televisions) Determination 2013
683,144421,SAMSUNG ELECTRONICS,QA32LS03BBS,QA32LS03B**,"Australia,Fiji,New Zealand",Vietnam,80.008,2735.5079,LCD (LED),0.5,0.0,0.0,39.0,N/A,N/A,145.0,Approved,2027-02-06,,Single product class,Available,4.5,,http://www.samsung.com.au,4.56011124992726,https://reg.energyrating.gov.au/static/common/images/star_ratings_2014/EnergyStarRating_4.5_Star.eps,https://reg.energyrating.gov.au/static/common/images/star_ratings_2014/Star-rating-4.5.png,Internal,Digital,,ATV4894,Greenhouse and Energy Minimum Standards (Televisions) Determination 2013
684,144421,SAMSUNG ELECTRONICS,QA32LS03B**,QA32LS03B**,"Australia,Fiji,New Zealand",Vietnam,80.008,2735.5079,LCD (LED),0.5,0.0,0.0,39.0,N/A,N/A,145.0,Approved,2027-02-06,,Single product class,Available,4.5,,http://www.samsung.com.au,4.56011124992726,https://reg.energyrating.gov.au/static/common/images/star_ratings_2014/EnergyStarRating_4.5_Star.eps,https://reg.energyrating.gov.au/static/common/images/star_ratings_2014/Star-rating-4.5.png,Internal,Digital,,ATV4894,Greenhouse and Energy Minimum Standards (Televisions) Determination 2013
685,144891,SONY,KD-43X85K,,"Australia,New Zealand",Malaysia,107.95,4977.889999999999,LCD (LED),0.5,10.5,0.65,76.9,N/A,N/A,286.0,Approved,2027-02-23,,Single product class,Available,3.5,http://www.sony.com.au/,,3.76743730294677,https://reg.energyrating.gov.au/static/common/images/star_ratings_2014/EnergyStarRating_3.5_Star.eps,https://reg.energyrating.gov.au/static/common/images/star_ratings_2014/Star-rating-3.5.png,Internal,Analogue/Digital,AS/NZS 62087.1:2010,ATV4955,Greenhouse and Energy Minimum Standards (Televisions) Determination 2013
686,144907,Avel Innovations,AVS240WS,,Australia,China,60.22,1548.75,LCD (LED),-,-,-,24.01,N/A,N/A,90.0,Approved,2027-04-04,,Single product class,Available,4.5,https://www.aviselectronics.tech/,http://www.avelinnovations.com.au,4.798447235076666,https://reg.energyrating.gov.au/static/common/images/star_ratings_2014/EnergyStarRating_4.5_Star.eps,https://reg.energyrating.gov.au/static/common/images/star_ratings_2014/Star-rating-4.5.png,Internal,Analogue/Digital,AS/NZS 62087.1:2010,ATV4997,Greenhouse and Energy Minimum Standards (Televisions) Determination 2013
687,144912,LG,55QNED85SQA,,"Australia,New Zealand",Indonesia,138.783,8230.118400000001,LCD (LED),0.4,0.0,0.0,102.0,N/A,N/A,375.0,Approved,2027-02-21,,Single product class,Available,4.5,,,4.582585898004297,https://reg.energyrating.gov.au/static/common/images/star_ratings_2014/EnergyStarRating_4.5_Star.eps,https://reg.energyrating.gov.au/static/common/images/star_ratings_2014/Star-rating-4.5.png,Internal,Analogue/Digital,AS/NZS 62087.1:2010,ATV4951,Greenhouse and Energy Minimum Standards (Televisions) Determination 2013
688,144913,LG,55QNED866QA,,"Australia,New Zealand",Indonesia,138.783,8230.118400000001,LCD (LED),0.4,0.0,0.0,102.0,N/A,N/A,375.0,Approved,2027-02-24,,Single product class,Available,4.5,,,4.582585898004297,https://reg.energyrating.gov.au/static/common/images/star_ratings_2014/EnergyStarRating_4.5_Star.eps,https://reg.energyrating.gov.au/static/common/images/star_ratings_2014/Star-rating-4.5.png,Internal,Analogue/Digital,AS/NZS 62087.1:2010,ATV4961,Greenhouse and Energy Minimum Standards (Televisions) Determination 2013
689,144914,LG,65QNED85SQA,,"Australia,New Zealand",Indonesia,163.897,11477.9975,LCD (LED),0.4,0.0,0.0,132.0,N/A,N/A,484.0,Approved,2027-02-21,,Single product class,Available,4.5,,,4.829210606366519,https://reg.energyrating.gov.au/static/common/images/star_ratings_2014/EnergyStarRating_4.5_Star.eps,https://reg.energyrating.gov.au/static/common/images/star_ratings_2014/Star-rating-4.5.png,Internal,Analogue/Digital,AS/NZS 62087.1:2010,ATV4952,Greenhouse and Energy Minimum Standards (Televisions) Determination 2013
690,144915,LG,65QNED866QA,,"Australia,New Zealand",Indonesia,163.897,11477.9975,LCD (LED),0.4,0.0,0.0,132.0,N/A,N/A,484.0,Approved,2027-02-24,,Single product class,Available,4.5,,,4.829210606366519,https://reg.energyrating.gov.au/static/common/images/star_ratings_2014/EnergyStarRating_4.5_Star.eps,https://reg.energyrating.gov.au/static/common/images/star_ratings_2014/Star-rating-4.5.png,Internal,Analogue/Digital,AS/NZS 62087.1:2010,ATV4960,Greenhouse and Energy Minimum Standards (Televisions) Determination 2013
691,144916,LG,75QNED85SQA,,"Australia,New Zealand",Indonesia,189.275,15307.5663,LCD (LED),0.4,0.0,0.0,160.0,N/A,N/A,587.0,Approved,2027-02-21,,Single product class,Available,5.0,,,5.189895201395687,https://reg.energyrating.gov.au/static/common/images/star_ratings_2014/EnergyStarRating_5_Star.eps,https://reg.energyrating.gov.au/static/common/images/star_ratings_2014/Star-rating-5.png,Internal,Analogue/Digital,AS/NZS 62087.1:2010,ATV4953,Greenhouse and Energy Minimum Standards (Televisions) Determination 2013
692,144917,LG,75QNED866QA,,"Australia,New Zealand",Indonesia,189.275,15307.5663,LCD (LED),0.4,0.0,0.0,160.0,N/A,N/A,587.0,Approved,2027-02-24,,Single product class,Available,5.0,,,5.189895201395687,https://reg.energyrating.gov.au/static/common/images/star_ratings_2014/EnergyStarRating_5_Star.eps,https://reg.energyrating.gov.au/static/common/images/star_ratings_2014/Star-rating-5.png,Internal,Analogue/Digital,AS/NZS 62087.1:2010,ATV4959,Greenhouse and Energy Minimum Standards (Televisions) Determination 2013
693,144918,LG,86QNED85SQA,,"Australia,New Zealand",Indonesia,217.425,20200.7,LCD (LED),0.4,0.0,0.0,206.0,N/A,N/A,754.0,Approved,2027-02-21,,Single product class,Available,5.0,,,5.263161496732867,https://reg.energyrating.gov.au/static/common/images/star_ratings_2014/EnergyStarRating_5_Star.eps,https://reg.energyrating.gov.au/static/common/images/star_ratings_2014/Star-rating-5.png,Internal,Analogue/Digital,AS/NZS 62087.1:2010,ATV4954,Greenhouse and Energy Minimum Standards (Televisions) Determination 2013
694,144919,LG,86QNED866QA,,"Australia,New Zealand",Indonesia,217.425,20200.7,LCD (LED),0.4,0.0,0.0,206.0,N/A,N/A,754.0,Approved,2027-02-24,,Single product class,Available,5.0,,,5.263161496732867,https://reg.energyrating.gov.au/static/common/images/star_ratings_2014/EnergyStarRating_5_Star.eps,https://reg.energyrating.gov.au/static/common/images/star_ratings_2014/Star-rating-5.png,Internal,Analogue/Digital,AS/NZS 62087.1:2010,ATV4958,Greenhouse and Energy Minimum Standards (Televisions) Determination 2013
695,145052,SONY,XR-42A90K,,"Australia,New Zealand",Malaysia,105.531,4756.400000000001,OLED,0.5,22.0,0.65,68.0,N/A,N/A,256.0,Approved,2027-02-28,,Single product class,Available,4.0,http://www.sony.com.au/,,4.085735586348889,https://reg.energyrating.gov.au/static/common/images/star_ratings_2014/EnergyStarRating_4_Star.eps,https://reg.energyrating.gov.au/static/common/images/star_ratings_2014/Star-rating-4.png,Internal,Analogue/Digital,AS/NZS 62087.1:2010,ATV4963,Greenhouse and Energy Minimum Standards (Televisions) Determination 2013
696,145125,Avel Innovations,AVS240KS,,Australia,China,60.22,1548.75,LCD (LED),-,-,-,24.37,N/A,N/A,91.0,Approved,2027-03-07,,Single product class,Available,4.5,https://www.aviselectronics.tech/,http://www.avelinnovations.com.au,4.748928276892544,https://reg.energyrating.gov.au/static/common/images/star_ratings_2014/EnergyStarRating_4.5_Star.eps,https://reg.energyrating.gov.au/static/common/images/star_ratings_2014/Star-rating-4.5.png,Internal,Analogue/Digital,AS/NZS 62087.1:2010,ATV4964,Greenhouse and Energy Minimum Standards (Televisions) Determination 2013
697,145126,Avel Innovations,AVS325KS,,Australia,China,80.103,2743.14,LCD (LED),-,-,-,39.33,N/A,N/A,145.0,Approved,2027-03-08,,Single product class,Available,4.5,https://www.aviselectronics.tech/,http://www.avelinnovations.com.au,4.570054909528788,https://reg.energyrating.gov.au/static/common/images/star_ratings_2014/EnergyStarRating_4.5_Star.eps,https://reg.energyrating.gov.au/static/common/images/star_ratings_2014/Star-rating-4.5.png,Internal,Analogue/Digital,AS/NZS 62087.1:2010,ATV4965,Greenhouse and Energy Minimum Standards (Televisions) Determination 2013
698,145221,EKO,K40FSW,,Australia,China,100.332,4261.934154240001,LCD,0.44,0.0,0.0,68.2,N/A,N/A,252.0,Approved,2027-03-14,,Single product class,Available,3.5,http://www.ayonz.com/,,3.7306305733081637,https://reg.energyrating.gov.au/static/common/images/star_ratings_2014/EnergyStarRating_3.5_Star.eps,https://reg.energyrating.gov.au/static/common/images/star_ratings_2014/Star-rating-3.5.png,Internal,Digital,AS/NZS 62087.1:2010,ATV4976,Greenhouse and Energy Minimum Standards (Televisions) Determination 2013
699,145222,EKO,K650USG,,Australia,China,163.896,11478.122496000002,LCD,0.44,0.0,0.0,137.3,N/A,N/A,505.0,Approved,2027-03-14,,Single product class,Available,4.5,http://www.ayonz.com/,,4.638914904128455,https://reg.energyrating.gov.au/static/common/images/star_ratings_2014/EnergyStarRating_4.5_Star.eps,https://reg.energyrating.gov.au/static/common/images/star_ratings_2014/Star-rating-4.5.png,Internal,Digital,AS/NZS 62087.1:2010,ATV4978,Greenhouse and Energy Minimum Standards (Televisions) Determination 2013
700,145328,kogan,KALED58XU9230STA,,"Australia,Fiji,New Zealand",China,146.039,9156.699999999999,LCD (LED),0.4,0.0,0.0,122.0,N/A,N/A,448.0,Approved,2027-03-09,,Single product class,Available,4.0,,,4.227886810654365,https://reg.energyrating.gov.au/static/common/images/star_ratings_2014/EnergyStarRating_4_Star.eps,https://reg.energyrating.gov.au/static/common/images/star_ratings_2014/Star-rating-4.png,Internal,Analogue/Digital,AS/NZS 62087.1:2010,ATV4968,Greenhouse and Energy Minimum Standards (Televisions) Determination 2013
701,145329,kogan,KALED24RH9310STA,,"Australia,Fiji,New Zealand",China,59.774,1526.53,LCD (LED),0.4,0.0,0.0,18.0,N/A,N/A,68.0,Approved,2027-03-15,,Single product class,Available,6.0,,,6.010103150137152,https://reg.energyrating.gov.au/static/common/images/star_ratings_2014/EnergyStarRating_6_Star.eps,https://reg.energyrating.gov.au/static/common/images/star_ratings_2014/Star-rating-6.png,EPS,Analogue/Digital,AS/NZS 62087.1:2010,ATV4979,Greenhouse and Energy Minimum Standards (Televisions) Determination 2013
702,145334,Polaroid,PL2421FHDC,,"Australia,Fiji,New Zealand",China,59.774,1526.53,LCD (LED),0.33,0.0,0.0,18.0,9.0,9.01137553413078,68.0,Approved,2027-03-08,,Single product class,Available,6.0,,,6.010103150137152,https://reg.energyrating.gov.au/static/common/images/star_ratings_2014/EnergyStarRating_6_Star.eps,https://reg.energyrating.gov.au/static/common/images/star_ratings_2014/Star-rating-6.png,Internal,Analogue/Digital,AS/NZS 62087.1:2010,ATV4966,Greenhouse and Energy Minimum Standards (Televisions) Determination 2013
703,145374,TEAC,LE50GA522,,"Australia,Fiji,New Zealand",China,125.731,6754.867344,LCD (LED),-,-,-,50.6,N/A,N/A,210.0,Approved,2027-03-10,,Single product class,Available,6.0,http://www.expressluck.com,,6.371851645208939,https://reg.energyrating.gov.au/static/common/images/star_ratings_2014/EnergyStarRating_6_Star.eps,https://reg.energyrating.gov.au/static/common/images/star_ratings_2014/Star-rating-6.png,Internal,Analogue/Digital,AS/NZS 62087.1:2010,ATV4969,Greenhouse and Energy Minimum Standards (Televisions) Determination 2013
704,145383,TEAC,LE55GA522,,"Australia,Fiji,New Zealand",China,138.783,8230.118400000001,LCD (LED),-,-,-,53.64,N/A,N/A,247.0,Approved,2027-03-14,,Single product class,Available,6.0,http://www.expressluck.com,,6.453747698931702,https://reg.energyrating.gov.au/static/common/images/star_ratings_2014/EnergyStarRating_6_Star.eps,https://reg.energyrating.gov.au/static/common/images/star_ratings_2014/Star-rating-6.png,Internal,Analogue/Digital,AS/NZS 62087.1:2010,ATV4972,Greenhouse and Energy Minimum Standards (Televisions) Determination 2013
705,145384,CHiQ,L24G5W,,"Australia,Fiji,New Zealand",China,59.774,1526.53,LCD (LED),0.3,0.0,0.0,22.0,N/A,N/A,82.0,Approved,2027-03-10,,Single product class,Available,5.0,,https://www.chiq.com.au/,5.171129579153095,https://reg.energyrating.gov.au/static/common/images/star_ratings_2014/EnergyStarRating_5_Star.eps,https://reg.energyrating.gov.au/static/common/images/star_ratings_2014/Star-rating-5.png,Internal,unknown,AS/NZS 62087.1:2010,ATV4970,Greenhouse and Energy Minimum Standards (Televisions) Determination 2013
706,145385,CHiQ,L32G5W,,"Australia,Fiji,New Zealand",China,79.967,2732.2400000000002,LCD (LED),0.45,0.0,0.0,35.0,N/A,N/A,131.0,Approved,2027-03-14,,Single product class,Available,5.0,,https://www.chiq.com.au/,5.0108741865239335,https://reg.energyrating.gov.au/static/common/images/star_ratings_2014/EnergyStarRating_5_Star.eps,https://reg.energyrating.gov.au/static/common/images/star_ratings_2014/Star-rating-5.png,Internal,unknown,AS/NZS 62087.1:2010,ATV4977,Greenhouse and Energy Minimum Standards (Televisions) Determination 2013
707,145386,CHiQ,L40G5W,,"Australia,Fiji,New Zealand",China,100.305,4258.3,LCD (LED),0.44,0.0,0.0,50.0,N/A,N/A,185.0,Approved,2027-03-10,,Single product class,Available,5.0,,https://www.chiq.com.au/,5.112434496987815,https://reg.energyrating.gov.au/static/common/images/star_ratings_2014/EnergyStarRating_5_Star.eps,https://reg.energyrating.gov.au/static/common/images/star_ratings_2014/Star-rating-5.png,Internal,unknown,AS/NZS 62087.1:2010,ATV4971,Greenhouse and Energy Minimum Standards (Televisions) Determination 2013
708,145414,EKO,K400DVD,,Australia,China,100.332,4261.934154240001,LCD,0.27,0.0,0.0,41.95,N/A,N/A,155.0,Approved,2027-03-30,,Single product class,Available,5.5,http://www.ayonz.com/,,5.908618544413956,https://reg.energyrating.gov.au/static/common/images/star_ratings_2014/EnergyStarRating_5.5_Star.eps,https://reg.energyrating.gov.au/static/common/images/star_ratings_2014/Star-rating-5.5.png,Internal,Digital,AS/NZS 62087.1:2010,ATV4994,Greenhouse and Energy Minimum Standards (Televisions) Determination 2013
709,145463,KONKA,KUD65WT806AN,,New Zealand,China,163.896,11478.122496000002,LCD,0.29,0.0,0.0,137.7,7.0,7.6407155346871285,505.0,Approved,2122-02-20,,Single product class,Available,4.5,,,4.638914904128455,https://reg.energyrating.gov.au/static/common/images/star_ratings_2014/EnergyStarRating_4.5_Star.eps,https://reg.energyrating.gov.au/static/common/images/star_ratings_2014/Star-rating-4.5.png,Internal,Digital,AS/NZS 62087.1:2010,ZTV0608,AS/NZS 62087.2.2:2011
710,145467,JVC,LT-43N7125A,,"Australia,Fiji",China,107.814,4963.2,LCD,0.365,1.365,7.0,49.98,N/A,N/A,235.0,Approved,2027-03-21,,Single product class,Available,4.5,,,4.636007606228578,https://reg.energyrating.gov.au/static/common/images/star_ratings_2014/EnergyStarRating_4.5_Star.eps,https://reg.energyrating.gov.au/static/common/images/star_ratings_2014/Star-rating-4.5.png,Internal,Analogue/Digital,AS/NZS 62087.1:2010,ATV4985,Greenhouse and Energy Minimum Standards (Televisions) Determination 2013
711,145531,TCL,43C635,,"Australia,Fiji,New Zealand",China,107.95,4977.889999999999,LCD (LED),0.387,0.0,0.0,53.5,7.0,7.01172383841875,218.0,Approved,2027-03-22,,Single product class,Available,4.5,https://www.tcl.com/au,http://www.tclelectronics.com.au,4.984128291468626,https://reg.energyrating.gov.au/static/common/images/star_ratings_2014/EnergyStarRating_4.5_Star.eps,https://reg.energyrating.gov.au/static/common/images/star_ratings_2014/Star-rating-4.5.png,Internal,Analogue/Digital,AS/NZS 62087.1:2010,ATV4986,Greenhouse and Energy Minimum Standards (Televisions) Determination 2013
712,145568,Veon,VN32HD2021,,New Zealand,China,80.103,2743.14,LCD (LED),0.31,0.0,0.0,28.0,8.0,8.571555699048693,116.0,Approved,2122-02-28,,Single product class,Available,5.5,,,5.570054909528788,https://reg.energyrating.gov.au/static/common/images/star_ratings_2014/EnergyStarRating_5.5_Star.eps,https://reg.energyrating.gov.au/static/common/images/star_ratings_2014/Star-rating-5.5.png,Internal,Analogue/Digital,AS/NZS 62087.1:2010,ZTV0610,AS/NZS 62087.2.2:2011
713,145635,JVC,LT-50NQ7115A,,"Australia,Fiji",China,125.589,6734.25,LCD,0.313,0.313,7.0,86.3,N/A,N/A,354.0,Approved,2027-03-24,,Single product class,Available,4.0,,,4.019291093555415,https://reg.energyrating.gov.au/static/common/images/star_ratings_2014/EnergyStarRating_4_Star.eps,https://reg.energyrating.gov.au/static/common/images/star_ratings_2014/Star-rating-4.png,Internal,Analogue/Digital,AS/NZS 62087.1:2010,ATV4989,Greenhouse and Energy Minimum Standards (Televisions) Determination 2013
714,145730,LG,65ART90ESQA,65ART90E,"Australia,New Zealand",South Korea,163.897,11477.9975,OLED,0.4,0.0,0.0,126.0,N/A,N/A,462.0,Approved,2027-03-27,,Single product class,Available,5.0,,,5.037686340309588,https://reg.energyrating.gov.au/static/common/images/star_ratings_2014/EnergyStarRating_5_Star.eps,https://reg.energyrating.gov.au/static/common/images/star_ratings_2014/Star-rating-5.png,Internal,Analogue/Digital,AS/NZS 62087.1:2010,ATV4991,Greenhouse and Energy Minimum Standards (Televisions) Determination 2013
715,145730,LG,65ART90ESQB,65ART90E,"Australia,New Zealand",South Korea,163.897,11477.9975,OLED,0.4,0.0,0.0,126.0,N/A,N/A,462.0,Approved,2027-03-27,,Single product class,Available,5.0,,,5.037686340309588,https://reg.energyrating.gov.au/static/common/images/star_ratings_2014/EnergyStarRating_5_Star.eps,https://reg.energyrating.gov.au/static/common/images/star_ratings_2014/Star-rating-5.png,Internal,Analogue/Digital,AS/NZS 62087.1:2010,ATV4991,Greenhouse and Energy Minimum Standards (Televisions) Determination 2013
716,145730,LG,65ART90ESQC,65ART90E,"Australia,New Zealand",South Korea,163.897,11477.9975,OLED,0.4,0.0,0.0,126.0,N/A,N/A,462.0,Approved,2027-03-27,,Single product class,Available,5.0,,,5.037686340309588,https://reg.energyrating.gov.au/static/common/images/star_ratings_2014/EnergyStarRating_5_Star.eps,https://reg.energyrating.gov.au/static/common/images/star_ratings_2014/Star-rating-5.png,Internal,Analogue/Digital,AS/NZS 62087.1:2010,ATV4991,Greenhouse and Energy Minimum Standards (Televisions) Determination 2013
717,145730,LG,65ART90E6QA,65ART90E,"Australia,New Zealand",South Korea,163.897,11477.9975,OLED,0.4,0.0,0.0,126.0,N/A,N/A,462.0,Approved,2027-03-27,,Single product class,Available,5.0,,,5.037686340309588,https://reg.energyrating.gov.au/static/common/images/star_ratings_2014/EnergyStarRating_5_Star.eps,https://reg.energyrating.gov.au/static/common/images/star_ratings_2014/Star-rating-5.png,Internal,Analogue/Digital,AS/NZS 62087.1:2010,ATV4991,Greenhouse and Energy Minimum Standards (Televisions) Determination 2013
718,145730,LG,65ART90E6QB,65ART90E,"Australia,New Zealand",South Korea,163.897,11477.9975,OLED,0.4,0.0,0.0,126.0,N/A,N/A,462.0,Approved,2027-03-27,,Single product class,Available,5.0,,,5.037686340309588,https://reg.energyrating.gov.au/static/common/images/star_ratings_2014/EnergyStarRating_5_Star.eps,https://reg.energyrating.gov.au/static/common/images/star_ratings_2014/Star-rating-5.png,Internal,Analogue/Digital,AS/NZS 62087.1:2010,ATV4991,Greenhouse and Energy Minimum Standards (Televisions) Determination 2013
719,145730,LG,65ART90E6QC,65ART90E,"Australia,New Zealand",South Korea,163.897,11477.9975,OLED,0.4,0.0,0.0,126.0,N/A,N/A,462.0,Approved,2027-03-27,,Single product class,Available,5.0,,,5.037686340309588,https://reg.energyrating.gov.au/static/common/images/star_ratings_2014/EnergyStarRating_5_Star.eps,https://reg.energyrating.gov.au/static/common/images/star_ratings_2014/Star-rating-5.png,Internal,Analogue/Digital,AS/NZS 62087.1:2010,ATV4991,Greenhouse and Energy Minimum Standards (Televisions) Determination 2013
720,145730,LG,65ART90E,65ART90E,"Australia,New Zealand",South Korea,163.897,11477.9975,OLED,0.4,0.0,0.0,126.0,N/A,N/A,462.0,Approved,2027-03-27,,Single product class,Available,5.0,,,5.037686340309588,https://reg.energyrating.gov.au/static/common/images/star_ratings_2014/EnergyStarRating_5_Star.eps,https://reg.energyrating.gov.au/static/common/images/star_ratings_2014/Star-rating-5.png,Internal,Analogue/Digital,AS/NZS 62087.1:2010,ATV4991,Greenhouse and Energy Minimum Standards (Televisions) Determination 2013
721,145723,Kogan,KALED70UN8920SNA,KALED70*,"Australia,Fiji,New Zealand",China,176.537,13380.8032,LCD (LED),0.3,0.0,0.0,182.3,N/A,N/A,667.0,Approved,2027-04-07,,Single product class,Available,4.0,,http://www.kogan.com/au/,4.042599711063555,https://reg.energyrating.gov.au/static/common/images/star_ratings_2014/EnergyStarRating_4_Star.eps,https://reg.energyrating.gov.au/static/common/images/star_ratings_2014/Star-rating-4.png,Internal,Analogue/Digital,AS/NZS 62087.1:2010,ATV4999,Greenhouse and Energy Minimum Standards (Televisions) Determination 2013
722,145723,Kogan,KALED70UN8920SNB,KALED70*,"Australia,Fiji,New Zealand",China,176.537,13380.8032,LCD (LED),0.3,0.0,0.0,182.3,N/A,N/A,667.0,Approved,2027-04-07,,Single product class,Available,4.0,,http://www.kogan.com/au/,4.042599711063555,https://reg.energyrating.gov.au/static/common/images/star_ratings_2014/EnergyStarRating_4_Star.eps,https://reg.energyrating.gov.au/static/common/images/star_ratings_2014/Star-rating-4.png,Internal,Analogue/Digital,AS/NZS 62087.1:2010,ATV4999,Greenhouse and Energy Minimum Standards (Televisions) Determination 2013
723,145723,Kogan,KALED70UN8920SNC,KALED70*,"Australia,Fiji,New Zealand",China,176.537,13380.8032,LCD (LED),0.3,0.0,0.0,182.3,N/A,N/A,667.0,Approved,2027-04-07,,Single product class,Available,4.0,,http://www.kogan.com/au/,4.042599711063555,https://reg.energyrating.gov.au/static/common/images/star_ratings_2014/EnergyStarRating_4_Star.eps,https://reg.energyrating.gov.au/static/common/images/star_ratings_2014/Star-rating-4.png,Internal,Analogue/Digital,AS/NZS 62087.1:2010,ATV4999,Greenhouse and Energy Minimum Standards (Televisions) Determination 2013
724,145723,Kogan,KALED70UN8920SND,KALED70*,"Australia,Fiji,New Zealand",China,176.537,13380.8032,LCD (LED),0.3,0.0,0.0,182.3,N/A,N/A,667.0,Approved,2027-04-07,,Single product class,Available,4.0,,http://www.kogan.com/au/,4.042599711063555,https://reg.energyrating.gov.au/static/common/images/star_ratings_2014/EnergyStarRating_4_Star.eps,https://reg.energyrating.gov.au/static/common/images/star_ratings_2014/Star-rating-4.png,Internal,Analogue/Digital,AS/NZS 62087.1:2010,ATV4999,Greenhouse and Energy Minimum Standards (Televisions) Determination 2013
725,145723,Kogan,D70S218-U-T2C-S-I,KALED70*,"Australia,Fiji,New Zealand",China,176.537,13380.8032,LCD (LED),0.3,0.0,0.0,182.3,N/A,N/A,667.0,Approved,2027-04-07,,Single product class,Available,4.0,,http://www.kogan.com/au/,4.042599711063555,https://reg.energyrating.gov.au/static/common/images/star_ratings_2014/EnergyStarRating_4_Star.eps,https://reg.energyrating.gov.au/static/common/images/star_ratings_2014/Star-rating-4.png,Internal,Analogue/Digital,AS/NZS 62087.1:2010,ATV4999,Greenhouse and Energy Minimum Standards (Televisions) Determination 2013
726,145723,Kogan,KALED70*,KALED70*,"Australia,Fiji,New Zealand",China,176.537,13380.8032,LCD (LED),0.3,0.0,0.0,182.3,N/A,N/A,667.0,Approved,2027-04-07,,Single product class,Available,4.0,,http://www.kogan.com/au/,4.042599711063555,https://reg.energyrating.gov.au/static/common/images/star_ratings_2014/EnergyStarRating_4_Star.eps,https://reg.energyrating.gov.au/static/common/images/star_ratings_2014/Star-rating-4.png,Internal,Analogue/Digital,AS/NZS 62087.1:2010,ATV4999,Greenhouse and Energy Minimum Standards (Televisions) Determination 2013
727,145780,KOGAN,KALED19PRIZC,,"Australia,Fiji,New Zealand",China,47.013,944.1791999999999,LCD (LED),0.241926,0.239838,14.0,15.8694,N/A,N/A,62.0,Approved,2027-04-03,,Single product class,Available,5.0,,,5.065515602883841,https://reg.energyrating.gov.au/static/common/images/star_ratings_2014/EnergyStarRating_5_Star.eps,https://reg.energyrating.gov.au/static/common/images/star_ratings_2014/Star-rating-5.png,Internal,Analogue/Digital,AS/NZS 62087.1:2010,ATV4996,Greenhouse and Energy Minimum Standards (Televisions) Determination 2013
728,145811,Kogan,KALED24EH6300NA,KALED24*,"Australia,Fiji,New Zealand",China,59.827,1529.038,LCD (LED),0.16,0.0,0.0,22.3,N/A,N/A,83.0,Approved,2027-04-07,,Single product class,Available,5.0,,http://www.kogan.com/au/,5.121853047308811,https://reg.energyrating.gov.au/static/common/images/star_ratings_2014/EnergyStarRating_5_Star.eps,https://reg.energyrating.gov.au/static/common/images/star_ratings_2014/Star-rating-5.png,EPS,Analogue/Digital,AS/NZS 62087.1:2010,ATV5000,Greenhouse and Energy Minimum Standards (Televisions) Determination 2013
729,145811,Kogan,KALED24EH6300NB,KALED24*,"Australia,Fiji,New Zealand",China,59.827,1529.038,LCD (LED),0.16,0.0,0.0,22.3,N/A,N/A,83.0,Approved,2027-04-07,,Single product class,Available,5.0,,http://www.kogan.com/au/,5.121853047308811,https://reg.energyrating.gov.au/static/common/images/star_ratings_2014/EnergyStarRating_5_Star.eps,https://reg.energyrating.gov.au/static/common/images/star_ratings_2014/Star-rating-5.png,EPS,Analogue/Digital,AS/NZS 62087.1:2010,ATV5000,Greenhouse and Energy Minimum Standards (Televisions) Determination 2013
730,145811,Kogan,KALED24EH6300NC,KALED24*,"Australia,Fiji,New Zealand",China,59.827,1529.038,LCD (LED),0.16,0.0,0.0,22.3,N/A,N/A,83.0,Approved,2027-04-07,,Single product class,Available,5.0,,http://www.kogan.com/au/,5.121853047308811,https://reg.energyrating.gov.au/static/common/images/star_ratings_2014/EnergyStarRating_5_Star.eps,https://reg.energyrating.gov.au/static/common/images/star_ratings_2014/Star-rating-5.png,EPS,Analogue/Digital,AS/NZS 62087.1:2010,ATV5000,Greenhouse and Energy Minimum Standards (Televisions) Determination 2013
731,145811,Kogan,KALED24EH6300ND,KALED24*,"Australia,Fiji,New Zealand",China,59.827,1529.038,LCD (LED),0.16,0.0,0.0,22.3,N/A,N/A,83.0,Approved,2027-04-07,,Single product class,Available,5.0,,http://www.kogan.com/au/,5.121853047308811,https://reg.energyrating.gov.au/static/common/images/star_ratings_2014/EnergyStarRating_5_Star.eps,https://reg.energyrating.gov.au/static/common/images/star_ratings_2014/Star-rating-5.png,EPS,Analogue/Digital,AS/NZS 62087.1:2010,ATV5000,Greenhouse and Energy Minimum Standards (Televisions) Determination 2013
732,145811,Kogan,D236GD064C-T2C,KALED24*,"Australia,Fiji,New Zealand",China,59.827,1529.038,LCD (LED),0.16,0.0,0.0,22.3,N/A,N/A,83.0,Approved,2027-04-07,,Single product class,Available,5.0,,http://www.kogan.com/au/,5.121853047308811,https://reg.energyrating.gov.au/static/common/images/star_ratings_2014/EnergyStarRating_5_Star.eps,https://reg.energyrating.gov.au/static/common/images/star_ratings_2014/Star-rating-5.png,EPS,Analogue/Digital,AS/NZS 62087.1:2010,ATV5000,Greenhouse and Energy Minimum Standards (Televisions) Determination 2013
733,145811,Kogan,KALED24*,KALED24*,"Australia,Fiji,New Zealand",China,59.827,1529.038,LCD (LED),0.16,0.0,0.0,22.3,N/A,N/A,83.0,Approved,2027-04-07,,Single product class,Available,5.0,,http://www.kogan.com/au/,5.121853047308811,https://reg.energyrating.gov.au/static/common/images/star_ratings_2014/EnergyStarRating_5_Star.eps,https://reg.energyrating.gov.au/static/common/images/star_ratings_2014/Star-rating-5.png,EPS,Analogue/Digital,AS/NZS 62087.1:2010,ATV5000,Greenhouse and Energy Minimum Standards (Televisions) Determination 2013
734,145854,BAUHN,ATV50UHDW-0422,,"Australia,Fiji,New Zealand",China,125.725,6751.36,LCD,0.33,0.0,0.0,59.7,N/A,N/A,220.0,Approved,2027-03-30,,Single product class,Available,6.0,,http://www.tempoaustralia.com,6.1612671006942135,https://reg.energyrating.gov.au/static/common/images/star_ratings_2014/EnergyStarRating_6_Star.eps,https://reg.energyrating.gov.au/static/common/images/star_ratings_2014/Star-rating-6.png,Internal,Analogue/Digital,AS/NZS 62087.1:2010,ATV4992,Greenhouse and Energy Minimum Standards (Televisions) Determination 2013
735,145910,EKO,K70USW,,Australia,China,176.539,13385.2,LCD,0.32,0.0,0.0,104.9,N/A,N/A,405.0,Approved,2027-04-21,,Single product class,Available,6.0,http://www.ayonz.com/,,6.2797926522064635,https://reg.energyrating.gov.au/static/common/images/star_ratings_2014/EnergyStarRating_6_Star.eps,https://reg.energyrating.gov.au/static/common/images/star_ratings_2014/Star-rating-6.png,Internal,Digital,AS/NZS 62087.1:2010,ATV5012,Greenhouse and Energy Minimum Standards (Televisions) Determination 2013
736,145986,TCL,55C735,,"Australia,Fiji,New Zealand",China,138.711,8221.2,LCD (LED),0.287,0.0,0.0,74.3,7.0,7.01172383841875,320.0,Approved,2027-04-10,,Single product class,Available,5.0,https://www.tcl.com/au,http://www.tclelectronics.com.au,5.2888840563711685,https://reg.energyrating.gov.au/static/common/images/star_ratings_2014/EnergyStarRating_5_Star.eps,https://reg.energyrating.gov.au/static/common/images/star_ratings_2014/Star-rating-5.png,Internal,Analogue/Digital,AS/NZS 62087.1:2010,ATV5005,Greenhouse and Energy Minimum Standards (Televisions) Determination 2013
737,145987,TCL,65C735,,"Australia,Fiji,New Zealand",China,163.829,11466.84,LCD (LED),0.216,0.0,0.0,108.5,7.0,7.01172383841875,440.0,Approved,2027-04-10,,Single product class,Available,5.0,https://www.tcl.com/au,http://www.tclelectronics.com.au,5.252227905908116,https://reg.energyrating.gov.au/static/common/images/star_ratings_2014/EnergyStarRating_5_Star.eps,https://reg.energyrating.gov.au/static/common/images/star_ratings_2014/Star-rating-5.png,Internal,Analogue/Digital,AS/NZS 62087.1:2010,ATV5003,Greenhouse and Energy Minimum Standards (Televisions) Determination 2013
738,145988,TCL,75C735,,"Australia,Fiji,New Zealand",China,189.306,15312.0,LCD (LED),0.215,0.0,0.0,165.5,7.0,7.01172383841875,665.0,Approved,2027-04-10,,Single product class,Available,4.5,https://www.tcl.com/au,http://www.tclelectronics.com.au,4.632024320830119,https://reg.energyrating.gov.au/static/common/images/star_ratings_2014/EnergyStarRating_4.5_Star.eps,https://reg.energyrating.gov.au/static/common/images/star_ratings_2014/Star-rating-4.5.png,Internal,Analogue/Digital,AS/NZS 62087.1:2010,ATV5006,Greenhouse and Energy Minimum Standards (Televisions) Determination 2013
739,145990,TCL,55C835,,"Australia,Fiji,New Zealand",China,138.711,8221.2,LCD (LED),0.303,0.0,0.0,139.5,7.0,7.01172383841875,587.0,Approved,2027-04-10,,Single product class,Available,2.5,https://www.tcl.com/au,http://www.tclelectronics.com.au,2.569989333843333,https://reg.energyrating.gov.au/static/common/images/star_ratings_2014/EnergyStarRating_2.5_Star.eps,https://reg.energyrating.gov.au/static/common/images/star_ratings_2014/Star-rating-2.5.png,Internal,Analogue/Digital,AS/NZS 62087.1:2010,ATV5007,Greenhouse and Energy Minimum Standards (Televisions) Determination 2013
740,145993,TCL,65C835,,"Australia,Fiji,New Zealand",China,163.829,11466.84,LCD (LED),0.399,0.0,0.0,175.3,7.0,7.01172383841875,726.0,Approved,2027-04-10,,Single product class,Available,3.0,https://www.tcl.com/au,http://www.tclelectronics.com.au,3.008043456197783,https://reg.energyrating.gov.au/static/common/images/star_ratings_2014/EnergyStarRating_3_Star.eps,https://reg.energyrating.gov.au/static/common/images/star_ratings_2014/Star-rating-3.png,Internal,Analogue/Digital,AS/NZS 62087.1:2010,ATV5004,Greenhouse and Energy Minimum Standards (Televisions) Determination 2013
741,145994,TCL,75C835,,"Australia,Fiji,New Zealand",China,189.306,15312.0,LCD (LED),0.364,0.0,0.0,281.0,7.0,7.01172383841875,1130.0,Approved,2027-04-10,,Single product class,Available,2.0,https://www.tcl.com/au,http://www.tclelectronics.com.au,2.2560386921709505,https://reg.energyrating.gov.au/static/common/images/star_ratings_2014/EnergyStarRating_2_Star.eps,https://reg.energyrating.gov.au/static/common/images/star_ratings_2014/Star-rating-2.png,Internal,Analogue/Digital,AS/NZS 62087.1:2010,ATV5008,Greenhouse and Energy Minimum Standards (Televisions) Determination 2013
742,146006,Linsar,LS50UHDNF,,"Australia,Fiji,New Zealand",China,125.725,6751.36,LCD,0.33,0.0,0.0,59.7,N/A,N/A,220.0,Approved,2027-04-04,,Single product class,Available,6.0,,,6.1612671006942135,https://reg.energyrating.gov.au/static/common/images/star_ratings_2014/EnergyStarRating_6_Star.eps,https://reg.energyrating.gov.au/static/common/images/star_ratings_2014/Star-rating-6.png,Internal,Analogue/Digital,AS/NZS 62087.1:2010,ATV4998,Greenhouse and Energy Minimum Standards (Televisions) Determination 2013
743,145876,SAMSUNG ELECTRONICS,QA65S95BAW,QA65S95BA*,"Australia,Fiji,New Zealand",Mexico,163.897,11477.9975,LCD (LED),0.5,0.0,0.0,155.0,N/A,N/A,569.0,Approved,2027-04-07,,Single product class,Available,4.0,,http://www.samsung.com.au,4.10413687487484,https://reg.energyrating.gov.au/static/common/images/star_ratings_2014/EnergyStarRating_4_Star.eps,https://reg.energyrating.gov.au/static/common/images/star_ratings_2014/Star-rating-4.png,Internal,Digital,,ATV5002,Greenhouse and Energy Minimum Standards (Televisions) Determination 2013
744,145876,SAMSUNG ELECTRONICS,QA65S95BAS,QA65S95BA*,"Australia,Fiji,New Zealand",Mexico,163.897,11477.9975,LCD (LED),0.5,0.0,0.0,155.0,N/A,N/A,569.0,Approved,2027-04-07,,Single product class,Available,4.0,,http://www.samsung.com.au,4.10413687487484,https://reg.energyrating.gov.au/static/common/images/star_ratings_2014/EnergyStarRating_4_Star.eps,https://reg.energyrating.gov.au/static/common/images/star_ratings_2014/Star-rating-4.png,Internal,Digital,,ATV5002,Greenhouse and Energy Minimum Standards (Televisions) Determination 2013
745,145876,SAMSUNG ELECTRONICS,QA65S95BA*,QA65S95BA*,"Australia,Fiji,New Zealand",Mexico,163.897,11477.9975,LCD (LED),0.5,0.0,0.0,155.0,N/A,N/A,569.0,Approved,2027-04-07,,Single product class,Available,4.0,,http://www.samsung.com.au,4.10413687487484,https://reg.energyrating.gov.au/static/common/images/star_ratings_2014/EnergyStarRating_4_Star.eps,https://reg.energyrating.gov.au/static/common/images/star_ratings_2014/Star-rating-4.png,Internal,Digital,,ATV5002,Greenhouse and Energy Minimum Standards (Televisions) Determination 2013
746,146100,EKO,K43FSG11,,Australia,China,107.942,4978.7136,LCD (LED),-,-,-,51.8,N/A,N/A,216.0,Approved,2027-04-21,,Single product class,Available,5.0,http://www.ayonz.com/,,5.026081958562645,https://reg.energyrating.gov.au/static/common/images/star_ratings_2014/EnergyStarRating_5_Star.eps,https://reg.energyrating.gov.au/static/common/images/star_ratings_2014/Star-rating-5.png,Internal,Analogue/Digital,AS/NZS 62087.1:2010,ATV5013,Greenhouse and Energy Minimum Standards (Televisions) Determination 2013
747,146151,BLAUPUNKT,BP320HSG9700,,Australia,China,80.029,2735.9872,LCD (LED),-,-,-,34.4,N/A,N/A,151.0,Approved,2027-04-21,,Single product class,Available,4.0,http://www.ayonz.com/,,4.379032283719447,https://reg.energyrating.gov.au/static/common/images/star_ratings_2014/EnergyStarRating_4_Star.eps,https://reg.energyrating.gov.au/static/common/images/star_ratings_2014/Star-rating-4.png,Internal,Analogue/Digital,AS/NZS 62087.1:2010,ATV5011,Greenhouse and Energy Minimum Standards (Televisions) Determination 2013
748,146152,EKO,K400FSG,,Australia,China,100.328,4261.4193000000005,LCD (LED),-,-,-,32.8,N/A,N/A,141.0,Approved,2027-04-21,,Single product class,Available,6.0,http://www.ayonz.com/,,6.332388205338999,https://reg.energyrating.gov.au/static/common/images/star_ratings_2014/EnergyStarRating_6_Star.eps,https://reg.energyrating.gov.au/static/common/images/star_ratings_2014/Star-rating-6.png,Internal,Analogue/Digital,AS/NZS 62087.1:2010,ATV5016,Greenhouse and Energy Minimum Standards (Televisions) Determination 2013
749,146153,BLAUPUNKT,BP400FSG9700,,Australia,China,100.328,4261.4193000000005,LCD (LED),-,-,-,32.8,N/A,N/A,141.0,Approved,2027-04-21,,Single product class,Available,6.0,http://www.ayonz.com/,,6.332388205338999,https://reg.energyrating.gov.au/static/common/images/star_ratings_2014/EnergyStarRating_6_Star.eps,https://reg.energyrating.gov.au/static/common/images/star_ratings_2014/Star-rating-6.png,Internal,Analogue/Digital,AS/NZS 62087.1:2010,ATV5010,Greenhouse and Energy Minimum Standards (Televisions) Determination 2013
750,146179,BAUHN,ATV70UHDW-0422,,Australia,China,176.592,13327.74,LCD,0.51,0.0,0.0,107.4,N/A,N/A,395.0,Approved,2027-05-04,,Single product class,Available,6.0,,http://www.tempoaustralia.com,6.37351524694427,https://reg.energyrating.gov.au/static/common/images/star_ratings_2014/EnergyStarRating_6_Star.eps,https://reg.energyrating.gov.au/static/common/images/star_ratings_2014/Star-rating-6.png,Internal,Analogue/Digital,AS/NZS 62087.1:2010,ATV5030,Greenhouse and Energy Minimum Standards (Televisions) Determination 2013
751,146314,SAMSUNG ELECTRONICS,QA55S95BA*,QA55S95BA*,"Australia,Fiji,New Zealand",Mexico,138.783,8230.118400000001,LCD (LED),0.5,0.0,0.0,142.0,N/A,N/A,521.0,Approved,2027-04-26,,Single product class,Available,3.0,,http://www.samsung.com.au,3.1089873384835816,https://reg.energyrating.gov.au/static/common/images/star_ratings_2014/EnergyStarRating_3_Star.eps,https://reg.energyrating.gov.au/static/common/images/star_ratings_2014/Star-rating-3.png,Internal,Digital,,ATV5022,Greenhouse and Energy Minimum Standards (Televisions) Determination 2013
752,146314,SAMSUNG ELECTRONICS,QA55S95BAS,QA55S95BA*,"Australia,Fiji,New Zealand",Mexico,138.783,8230.118400000001,LCD (LED),0.5,0.0,0.0,142.0,N/A,N/A,521.0,Approved,2027-04-26,,Single product class,Available,3.0,,http://www.samsung.com.au,3.1089873384835816,https://reg.energyrating.gov.au/static/common/images/star_ratings_2014/EnergyStarRating_3_Star.eps,https://reg.energyrating.gov.au/static/common/images/star_ratings_2014/Star-rating-3.png,Internal,Digital,,ATV5022,Greenhouse and Energy Minimum Standards (Televisions) Determination 2013
753,146314,SAMSUNG ELECTRONICS,QA55S95BAW,QA55S95BA*,"Australia,Fiji,New Zealand",Mexico,138.783,8230.118400000001,LCD (LED),0.5,0.0,0.0,142.0,N/A,N/A,521.0,Approved,2027-04-26,,Single product class,Available,3.0,,http://www.samsung.com.au,3.1089873384835816,https://reg.energyrating.gov.au/static/common/images/star_ratings_2014/EnergyStarRating_3_Star.eps,https://reg.energyrating.gov.au/static/common/images/star_ratings_2014/Star-rating-3.png,Internal,Digital,,ATV5022,Greenhouse and Energy Minimum Standards (Televisions) Determination 2013
754,146467,CHiQ,U50G7P,,"Australia,Fiji,New Zealand",China,125.725,6751.36,LCD (LED),-,-,-,72.0,N/A,N/A,265.0,Approved,2027-04-26,,Single product class,Available,5.0,,https://www.chiq.com.au/,5.32726460078863,https://reg.energyrating.gov.au/static/common/images/star_ratings_2014/EnergyStarRating_5_Star.eps,https://reg.energyrating.gov.au/static/common/images/star_ratings_2014/Star-rating-5.png,Internal,unknown,AS/NZS 62087.1:2010,ATV5019,Greenhouse and Energy Minimum Standards (Televisions) Determination 2013
755,146468,CHiQ,U55G7P,,"Australia,Fiji,New Zealand",China,138.886,8234.8,LCD (LED),-,-,-,95.0,N/A,N/A,349.0,Approved,2027-04-25,,Single product class,Available,4.5,,https://www.chiq.com.au/,4.90694300128694,https://reg.energyrating.gov.au/static/common/images/star_ratings_2014/EnergyStarRating_4.5_Star.eps,https://reg.energyrating.gov.au/static/common/images/star_ratings_2014/Star-rating-4.5.png,Internal,unknown,AS/NZS 62087.1:2010,ATV5018,Greenhouse and Energy Minimum Standards (Televisions) Determination 2013
756,146469,CHiQ,U55QM8V,,"Australia,Fiji,New Zealand",China,138.798,8228.0,LCD (LED),-,-,-,113.0,N/A,N/A,415.0,Approved,2027-04-26,,Single product class,Available,4.0,,https://www.chiq.com.au/,4.127319622245539,https://reg.energyrating.gov.au/static/common/images/star_ratings_2014/EnergyStarRating_4_Star.eps,https://reg.energyrating.gov.au/static/common/images/star_ratings_2014/Star-rating-4.png,Internal,unknown,AS/NZS 62087.1:2010,ATV5020,Greenhouse and Energy Minimum Standards (Televisions) Determination 2013
757,146470,CHiQ,U65QM8V,,"Australia,Fiji,New Zealand",China,163.896,11478.122496000002,LCD (LED),-,-,-,156.0,N/A,N/A,572.0,Approved,2027-04-25,,Single product class,Available,4.0,,https://www.chiq.com.au/,4.080617066836194,https://reg.energyrating.gov.au/static/common/images/star_ratings_2014/EnergyStarRating_4_Star.eps,https://reg.energyrating.gov.au/static/common/images/star_ratings_2014/Star-rating-4.png,Internal,unknown,AS/NZS 62087.1:2010,ATV5017,Greenhouse and Energy Minimum Standards (Televisions) Determination 2013
758,146505,Linsar,LS24C12V,,"Australia,Fiji,New Zealand",China,62.228,1645.45634304,LCD,0.27,0.0,0.0,15.85,N/A,N/A,67.0,Approved,2027-04-26,,Single product class,Available,6.0,,,6.309656677494295,https://reg.energyrating.gov.au/static/common/images/star_ratings_2014/EnergyStarRating_6_Star.eps,https://reg.energyrating.gov.au/static/common/images/star_ratings_2014/Star-rating-6.png,Internal,Analogue/Digital,AS/NZS 62087.1:2010,ATV5021,Greenhouse and Energy Minimum Standards (Televisions) Determination 2013
759,146510,Panasonic,TH-48LZ980Z,,New Zealand,Malaysia,120.703,6225.736,OLED,0.5,20.0,0.15,77.0,7.0,7.675099109948629,285.0,Approved,2122-04-04,,Single product class,Available,4.5,http://www.panasonic.co.nz/,http://www.panasonic.co.nz,4.67338811583935,https://reg.energyrating.gov.au/static/common/images/star_ratings_2014/EnergyStarRating_4.5_Star.eps,https://reg.energyrating.gov.au/static/common/images/star_ratings_2014/Star-rating-4.5.png,Internal,Analogue/Digital,AS/NZS 62087.1:2010,ZTV0611,AS/NZS 62087.2.2:2011
760,146531,LSP TV,Prison TV,,Australia,China,48.313,997.77,LCD (LED),0.07,0.0,0.0,16.1569,N/A,N/A,60.0,Approved,2027-05-18,,Single product class,Available,5.0,http://lifestylepanel.com/,http://lifestylepanel.com/,5.356171502503779,https://reg.energyrating.gov.au/static/common/images/star_ratings_2014/EnergyStarRating_5_Star.eps,https://reg.energyrating.gov.au/static/common/images/star_ratings_2014/Star-rating-5.png,Internal,Analogue/Digital,,ATV5050,Greenhouse and Energy Minimum Standards (Televisions) Determination 2013
761,146532,Panasonic,TH-55LZ980Z,,New Zealand,Malaysia,138.818,8232.84,OLED,0.5,20.0,0.15,96.0,7.0,7.843969383554086,354.0,Approved,2122-04-04,,Single product class,Available,4.5,http://www.panasonic.co.nz/,http://www.panasonic.co.nz,4.842211692706378,https://reg.energyrating.gov.au/static/common/images/star_ratings_2014/EnergyStarRating_4.5_Star.eps,https://reg.energyrating.gov.au/static/common/images/star_ratings_2014/Star-rating-4.5.png,Internal,Analogue/Digital,AS/NZS 62087.1:2010,ZTV0612,AS/NZS 62087.2.2:2011
762,146533,Panasonic,TH-65LZ980Z,,New Zealand,Malaysia,163.853,11473.98,OLED,0.5,20.0,0.15,125.0,8.0,8.057450513310425,460.0,Approved,2122-04-04,,Single product class,Available,5.0,http://www.panasonic.co.nz/,http://www.panasonic.co.nz,5.055649922970425,https://reg.energyrating.gov.au/static/common/images/star_ratings_2014/EnergyStarRating_5_Star.eps,https://reg.energyrating.gov.au/static/common/images/star_ratings_2014/Star-rating-5.png,Internal,Analogue/Digital,AS/NZS 62087.1:2010,ZTV0613,AS/NZS 62087.2.2:2011
763,146534,Panasonic,TH-55LZ1500Z,,New Zealand,Malaysia,138.818,8232.84,OLED,0.5,20.0,0.15,95.0,7.0,7.882109359447563,351.0,Approved,2122-04-04,,Single product class,Available,4.5,http://www.panasonic.co.nz/,http://www.panasonic.co.nz,4.880351668599854,https://reg.energyrating.gov.au/static/common/images/star_ratings_2014/EnergyStarRating_4.5_Star.eps,https://reg.energyrating.gov.au/static/common/images/star_ratings_2014/Star-rating-4.5.png,Internal,Analogue/Digital,AS/NZS 62087.1:2010,ZTV0614,AS/NZS 62087.2.2:2011
764,146535,Panasonic,TH-65LZ1500Z,,New Zealand,Malaysia,163.853,11473.98,OLED,0.5,20.0,0.15,121.0,8.0,8.195960173486782,446.0,Approved,2122-04-04,,Single product class,Available,5.0,http://www.panasonic.co.nz/,http://www.panasonic.co.nz,5.1941595831467815,https://reg.energyrating.gov.au/static/common/images/star_ratings_2014/EnergyStarRating_5_Star.eps,https://reg.energyrating.gov.au/static/common/images/star_ratings_2014/Star-rating-5.png,Internal,Analogue/Digital,AS/NZS 62087.1:2010,ZTV0615,AS/NZS 62087.2.2:2011
765,146538,Panasonic,TH-55LZ2000Z,,New Zealand,Malaysia,138.818,8232.84,OLED,0.5,22.0,0.15,107.0,7.0,7.352855698565562,395.0,Approved,2122-04-04,,Single product class,Available,4.0,http://www.panasonic.co.nz/,http://www.panasonic.co.nz,4.351098007717853,https://reg.energyrating.gov.au/static/common/images/star_ratings_2014/EnergyStarRating_4_Star.eps,https://reg.energyrating.gov.au/static/common/images/star_ratings_2014/Star-rating-4.png,Internal,Analogue/Digital,AS/NZS 62087.1:2010,ZTV0616,AS/NZS 62087.2.2:2011
766,146539,Panasonic,TH-65LZ2000Z,,New Zealand,Malaysia,163.853,11473.98,OLED,0.5,22.0,0.15,133.0,7.0,7.774319312567953,490.0,Approved,2122-04-04,,Single product class,Available,4.5,http://www.panasonic.co.nz/,http://www.panasonic.co.nz,4.772518722227953,https://reg.energyrating.gov.au/static/common/images/star_ratings_2014/EnergyStarRating_4.5_Star.eps,https://reg.energyrating.gov.au/static/common/images/star_ratings_2014/Star-rating-4.5.png,Internal,Analogue/Digital,AS/NZS 62087.1:2010,ZTV0617,AS/NZS 62087.2.2:2011
767,146540,Panasonic,TH-77LZ2000Z,,New Zealand,Malaysia,194.712,16201.258999999998,OLED,0.5,22.0,0.15,187.0,7.0,7.730214645016468,687.0,Approved,2122-04-04,,Single product class,Available,4.5,http://www.panasonic.co.nz/,http://www.panasonic.co.nz,4.728380984251501,https://reg.energyrating.gov.au/static/common/images/star_ratings_2014/EnergyStarRating_4.5_Star.eps,https://reg.energyrating.gov.au/static/common/images/star_ratings_2014/Star-rating-4.5.png,Internal,Analogue/Digital,AS/NZS 62087.1:2010,ZTV0618,AS/NZS 62087.2.2:2011
768,146556,CHiQ,L40G7P,,"Australia,Fiji,New Zealand",China,100.305,4258.3,LCD (LED),0.4,0.0,0.0,51.0,N/A,N/A,189.0,Approved,2027-04-28,,Single product class,Available,5.0,,https://www.chiq.com.au/,5.016571587863471,https://reg.energyrating.gov.au/static/common/images/star_ratings_2014/EnergyStarRating_5_Star.eps,https://reg.energyrating.gov.au/static/common/images/star_ratings_2014/Star-rating-5.png,Internal,unknown,AS/NZS 62087.1:2010,ATV5024,Greenhouse and Energy Minimum Standards (Televisions) Determination 2013
769,146557,CHiQ,U43G7P,,"Australia,Fiji,New Zealand",China,107.863,4972.599999999999,LCD (LED),0.4,0.0,0.0,65.0,N/A,N/A,240.0,Approved,2027-05-02,,Single product class,Available,4.5,,https://www.chiq.com.au/,4.549090282769516,https://reg.energyrating.gov.au/static/common/images/star_ratings_2014/EnergyStarRating_4.5_Star.eps,https://reg.energyrating.gov.au/static/common/images/star_ratings_2014/Star-rating-4.5.png,Internal,unknown,AS/NZS 62087.1:2010,ATV5028,Greenhouse and Energy Minimum Standards (Televisions) Determination 2013
770,146559,CHiQ,U65G7P,,"Australia,Fiji,New Zealand",China,163.829,11466.84,LCD (LED),0.4,0.0,0.0,138.0,N/A,N/A,506.0,Approved,2027-05-02,,Single product class,Available,4.5,,https://www.chiq.com.au/,4.62589592565582,https://reg.energyrating.gov.au/static/common/images/star_ratings_2014/EnergyStarRating_4.5_Star.eps,https://reg.energyrating.gov.au/static/common/images/star_ratings_2014/Star-rating-4.5.png,Internal,unknown,AS/NZS 62087.1:2010,ATV5027,Greenhouse and Energy Minimum Standards (Televisions) Determination 2013
771,146562,BAUHN,ATV55UHDQ-0722,,Australia,China,138.711,8221.2,LCD,0.4,0.0,0.0,83.0,N/A,N/A,305.0,Approved,2027-05-01,,Single product class,Available,5.5,,http://www.tempoaustralia.com,5.504033537069173,https://reg.energyrating.gov.au/static/common/images/star_ratings_2014/EnergyStarRating_5.5_Star.eps,https://reg.energyrating.gov.au/static/common/images/star_ratings_2014/Star-rating-5.5.png,Internal,Digital,AS/NZS 62087.1:2010,ATV5026,Greenhouse and Energy Minimum Standards (Televisions) Determination 2013
772,146462,PRISM+,Q55 PRO QE,,Australia,China,138.711,8221.2,LCD (LED),0.461,0.583,4.0,102.1,N/A,N/A,424.0,Approved,2027-05-29,,Single product class,Available,4.0,,,4.0277565992665405,https://reg.energyrating.gov.au/static/common/images/star_ratings_2014/EnergyStarRating_4_Star.eps,https://reg.energyrating.gov.au/static/common/images/star_ratings_2014/Star-rating-4.png,Internal,Analogue/Digital,AS/NZS 62087.1:2010,ATV5080,Greenhouse and Energy Minimum Standards (Televisions) Determination 2013
773,146714,PHILIPS,65PUT8507/79,65PUT8507/79,"Australia,Fiji,New Zealand",China,163.897,11477.9975,LCD (LED),0.33,0.0,0.0,116.25,N/A,N/A,469.0,Approved,2027-05-05,,Single product class,Available,4.5,,,4.9702952941602625,https://reg.energyrating.gov.au/static/common/images/star_ratings_2014/EnergyStarRating_4.5_Star.eps,https://reg.energyrating.gov.au/static/common/images/star_ratings_2014/Star-rating-4.5.png,Internal,Analogue/Digital,AS/NZS 62087.1:2010,ATV5033,Greenhouse and Energy Minimum Standards (Televisions) Determination 2013
774,146714,PHILIPS,65PUT8507/75,65PUT8507/79,"Australia,Fiji,New Zealand",China,163.897,11477.9975,LCD (LED),0.33,0.0,0.0,116.25,N/A,N/A,469.0,Approved,2027-05-05,,Single product class,Available,4.5,,,4.9702952941602625,https://reg.energyrating.gov.au/static/common/images/star_ratings_2014/EnergyStarRating_4.5_Star.eps,https://reg.energyrating.gov.au/static/common/images/star_ratings_2014/Star-rating-4.5.png,Internal,Analogue/Digital,AS/NZS 62087.1:2010,ATV5033,Greenhouse and Energy Minimum Standards (Televisions) Determination 2013
775,146715,PHILIPS,50PUT8507/79,50PUT8507/79,"Australia,Fiji,New Zealand",China,125.725,6751.36,LCD (LED),0.38,0.0,0.0,81.32,N/A,N/A,329.0,Approved,2027-05-08,,Single product class,Available,4.0,,,4.357808286657745,https://reg.energyrating.gov.au/static/common/images/star_ratings_2014/EnergyStarRating_4_Star.eps,https://reg.energyrating.gov.au/static/common/images/star_ratings_2014/Star-rating-4.png,Internal,Analogue/Digital,AS/NZS 62087.1:2010,ATV5034,Greenhouse and Energy Minimum Standards (Televisions) Determination 2013
776,146715,PHILIPS,50PUT8507/75,50PUT8507/79,"Australia,Fiji,New Zealand",China,125.725,6751.36,LCD (LED),0.38,0.0,0.0,81.32,N/A,N/A,329.0,Approved,2027-05-08,,Single product class,Available,4.0,,,4.357808286657745,https://reg.energyrating.gov.au/static/common/images/star_ratings_2014/EnergyStarRating_4_Star.eps,https://reg.energyrating.gov.au/static/common/images/star_ratings_2014/Star-rating-4.png,Internal,Analogue/Digital,AS/NZS 62087.1:2010,ATV5034,Greenhouse and Energy Minimum Standards (Televisions) Determination 2013
777,146746,TOSHIBA,75C350LP,,"Australia,New Zealand",China,189.274,15307.855004000001,LCD (LED),0.33,0.0,0.0,114.36,N/A,N/A,489.0,Approved,2027-05-08,,Single product class,Available,6.0,http://global.hisense.com/,https://hisense.com.au/,6.008562665563702,https://reg.energyrating.gov.au/static/common/images/star_ratings_2014/EnergyStarRating_6_Star.eps,https://reg.energyrating.gov.au/static/common/images/star_ratings_2014/Star-rating-6.png,Internal,Analogue/Digital,AS/NZS 62087.1:2010,ATV5035,Greenhouse and Energy Minimum Standards (Televisions) Determination 2013
778,146754,WALTON,W32D120GE,W32D120GE,"Australia,Fiji,New Zealand",Bangladesh,80.039,2736.719568,LCD (LED),-,-,-,29.57,N/A,N/A,115.0,Approved,2027-06-02,,Single product class,Available,5.5,,,5.600491790512466,https://reg.energyrating.gov.au/static/common/images/star_ratings_2014/EnergyStarRating_5.5_Star.eps,https://reg.energyrating.gov.au/static/common/images/star_ratings_2014/Star-rating-5.5.png,Internal,Digital,AS/NZS 62087.1:2010,ATV5084,Greenhouse and Energy Minimum Standards (Televisions) Determination 2013
779,146754,WALTON,W32D120G,W32D120GE,"Australia,Fiji,New Zealand",Bangladesh,80.039,2736.719568,LCD (LED),-,-,-,29.57,N/A,N/A,115.0,Approved,2027-06-02,,Single product class,Available,5.5,,,5.600491790512466,https://reg.energyrating.gov.au/static/common/images/star_ratings_2014/EnergyStarRating_5.5_Star.eps,https://reg.energyrating.gov.au/static/common/images/star_ratings_2014/Star-rating-5.5.png,Internal,Digital,AS/NZS 62087.1:2010,ATV5084,Greenhouse and Energy Minimum Standards (Televisions) Determination 2013
780,146754,WALTON,W32D120GAU,W32D120GE,"Australia,Fiji,New Zealand",Bangladesh,80.039,2736.719568,LCD (LED),-,-,-,29.57,N/A,N/A,115.0,Approved,2027-06-02,,Single product class,Available,5.5,,,5.600491790512466,https://reg.energyrating.gov.au/static/common/images/star_ratings_2014/EnergyStarRating_5.5_Star.eps,https://reg.energyrating.gov.au/static/common/images/star_ratings_2014/Star-rating-5.5.png,Internal,Digital,AS/NZS 62087.1:2010,ATV5084,Greenhouse and Energy Minimum Standards (Televisions) Determination 2013
781,146754,WALTON,W32D120G_AU,W32D120GE,"Australia,Fiji,New Zealand",Bangladesh,80.039,2736.719568,LCD (LED),-,-,-,29.57,N/A,N/A,115.0,Approved,2027-06-02,,Single product class,Available,5.5,,,5.600491790512466,https://reg.energyrating.gov.au/static/common/images/star_ratings_2014/EnergyStarRating_5.5_Star.eps,https://reg.energyrating.gov.au/static/common/images/star_ratings_2014/Star-rating-5.5.png,Internal,Digital,AS/NZS 62087.1:2010,ATV5084,Greenhouse and Energy Minimum Standards (Televisions) Determination 2013
782,146754,WALTON,32D120G,W32D120GE,"Australia,Fiji,New Zealand",Bangladesh,80.039,2736.719568,LCD (LED),-,-,-,29.57,N/A,N/A,115.0,Approved,2027-06-02,,Single product class,Available,5.5,,,5.600491790512466,https://reg.energyrating.gov.au/static/common/images/star_ratings_2014/EnergyStarRating_5.5_Star.eps,https://reg.energyrating.gov.au/static/common/images/star_ratings_2014/Star-rating-5.5.png,Internal,Digital,AS/NZS 62087.1:2010,ATV5084,Greenhouse and Energy Minimum Standards (Televisions) Determination 2013
783,146754,WALTON,32D120GAU,W32D120GE,"Australia,Fiji,New Zealand",Bangladesh,80.039,2736.719568,LCD (LED),-,-,-,29.57,N/A,N/A,115.0,Approved,2027-06-02,,Single product class,Available,5.5,,,5.600491790512466,https://reg.energyrating.gov.au/static/common/images/star_ratings_2014/EnergyStarRating_5.5_Star.eps,https://reg.energyrating.gov.au/static/common/images/star_ratings_2014/Star-rating-5.5.png,Internal,Digital,AS/NZS 62087.1:2010,ATV5084,Greenhouse and Energy Minimum Standards (Televisions) Determination 2013
784,146754,WALTON,32D120G_AU,W32D120GE,"Australia,Fiji,New Zealand",Bangladesh,80.039,2736.719568,LCD (LED),-,-,-,29.57,N/A,N/A,115.0,Approved,2027-06-02,,Single product class,Available,5.5,,,5.600491790512466,https://reg.energyrating.gov.au/static/common/images/star_ratings_2014/EnergyStarRating_5.5_Star.eps,https://reg.energyrating.gov.au/static/common/images/star_ratings_2014/Star-rating-5.5.png,Internal,Digital,AS/NZS 62087.1:2010,ATV5084,Greenhouse and Energy Minimum Standards (Televisions) Determination 2013
785,146760,WALTON,WD40RGE,WD40RGE,"Australia,Fiji,New Zealand",Bangladesh,100.333,4262.2974,LCD (LED),-,-,-,35.18,N/A,N/A,135.0,Approved,2027-06-02,,Single product class,Available,6.0,,,6.528056286326917,https://reg.energyrating.gov.au/static/common/images/star_ratings_2014/EnergyStarRating_6_Star.eps,https://reg.energyrating.gov.au/static/common/images/star_ratings_2014/Star-rating-6.png,Internal,Digital,AS/NZS 62087.1:2010,ATV5085,Greenhouse and Energy Minimum Standards (Televisions) Determination 2013
786,146760,WALTON,WD40RG,WD40RGE,"Australia,Fiji,New Zealand",Bangladesh,100.333,4262.2974,LCD (LED),-,-,-,35.18,N/A,N/A,135.0,Approved,2027-06-02,,Single product class,Available,6.0,,,6.528056286326917,https://reg.energyrating.gov.au/static/common/images/star_ratings_2014/EnergyStarRating_6_Star.eps,https://reg.energyrating.gov.au/static/common/images/star_ratings_2014/Star-rating-6.png,Internal,Digital,AS/NZS 62087.1:2010,ATV5085,Greenhouse and Energy Minimum Standards (Televisions) Determination 2013
787,146760,WALTON,WD40RGAU,WD40RGE,"Australia,Fiji,New Zealand",Bangladesh,100.333,4262.2974,LCD (LED),-,-,-,35.18,N/A,N/A,135.0,Approved,2027-06-02,,Single product class,Available,6.0,,,6.528056286326917,https://reg.energyrating.gov.au/static/common/images/star_ratings_2014/EnergyStarRating_6_Star.eps,https://reg.energyrating.gov.au/static/common/images/star_ratings_2014/Star-rating-6.png,Internal,Digital,AS/NZS 62087.1:2010,ATV5085,Greenhouse and Energy Minimum Standards (Televisions) Determination 2013
788,146760,WALTON,WD40RG_AU,WD40RGE,"Australia,Fiji,New Zealand",Bangladesh,100.333,4262.2974,LCD (LED),-,-,-,35.18,N/A,N/A,135.0,Approved,2027-06-02,,Single product class,Available,6.0,,,6.528056286326917,https://reg.energyrating.gov.au/static/common/images/star_ratings_2014/EnergyStarRating_6_Star.eps,https://reg.energyrating.gov.au/static/common/images/star_ratings_2014/Star-rating-6.png,Internal,Digital,AS/NZS 62087.1:2010,ATV5085,Greenhouse and Energy Minimum Standards (Televisions) Determination 2013
789,146760,WALTON,40RG,WD40RGE,"Australia,Fiji,New Zealand",Bangladesh,100.333,4262.2974,LCD (LED),-,-,-,35.18,N/A,N/A,135.0,Approved,2027-06-02,,Single product class,Available,6.0,,,6.528056286326917,https://reg.energyrating.gov.au/static/common/images/star_ratings_2014/EnergyStarRating_6_Star.eps,https://reg.energyrating.gov.au/static/common/images/star_ratings_2014/Star-rating-6.png,Internal,Digital,AS/NZS 62087.1:2010,ATV5085,Greenhouse and Energy Minimum Standards (Televisions) Determination 2013
790,146760,WALTON,40RGAU,WD40RGE,"Australia,Fiji,New Zealand",Bangladesh,100.333,4262.2974,LCD (LED),-,-,-,35.18,N/A,N/A,135.0,Approved,2027-06-02,,Single product class,Available,6.0,,,6.528056286326917,https://reg.energyrating.gov.au/static/common/images/star_ratings_2014/EnergyStarRating_6_Star.eps,https://reg.energyrating.gov.au/static/common/images/star_ratings_2014/Star-rating-6.png,Internal,Digital,AS/NZS 62087.1:2010,ATV5085,Greenhouse and Energy Minimum Standards (Televisions) Determination 2013
791,146760,WALTON,40RG_AU,WD40RGE,"Australia,Fiji,New Zealand",Bangladesh,100.333,4262.2974,LCD (LED),-,-,-,35.18,N/A,N/A,135.0,Approved,2027-06-02,,Single product class,Available,6.0,,,6.528056286326917,https://reg.energyrating.gov.au/static/common/images/star_ratings_2014/EnergyStarRating_6_Star.eps,https://reg.energyrating.gov.au/static/common/images/star_ratings_2014/Star-rating-6.png,Internal,Digital,AS/NZS 62087.1:2010,ATV5085,Greenhouse and Energy Minimum Standards (Televisions) Determination 2013
792,146761,WALTON,W43D210GE,W43D210GE,"Australia,Fiji,New Zealand",Bangladesh,107.956,4980.1837000000005,LCD (LED),-,-,-,35.97,N/A,N/A,138.0,Approved,2027-06-08,,Single product class,Available,7.0,,,7.035028893387631,https://reg.energyrating.gov.au/static/common/images/star_ratings_2014/EnergyStarRating_7_Star.eps,https://reg.energyrating.gov.au/static/common/images/star_ratings_2014/Star-rating-7.png,Internal,Digital,AS/NZS 62087.1:2010,ATV5091,Greenhouse and Energy Minimum Standards (Televisions) Determination 2013
793,146761,WALTON,W43D210G,W43D210GE,"Australia,Fiji,New Zealand",Bangladesh,107.956,4980.1837000000005,LCD (LED),-,-,-,35.97,N/A,N/A,138.0,Approved,2027-06-08,,Single product class,Available,7.0,,,7.035028893387631,https://reg.energyrating.gov.au/static/common/images/star_ratings_2014/EnergyStarRating_7_Star.eps,https://reg.energyrating.gov.au/static/common/images/star_ratings_2014/Star-rating-7.png,Internal,Digital,AS/NZS 62087.1:2010,ATV5091,Greenhouse and Energy Minimum Standards (Televisions) Determination 2013
794,146761,WALTON,W43D210GAU,W43D210GE,"Australia,Fiji,New Zealand",Bangladesh,107.956,4980.1837000000005,LCD (LED),-,-,-,35.97,N/A,N/A,138.0,Approved,2027-06-08,,Single product class,Available,7.0,,,7.035028893387631,https://reg.energyrating.gov.au/static/common/images/star_ratings_2014/EnergyStarRating_7_Star.eps,https://reg.energyrating.gov.au/static/common/images/star_ratings_2014/Star-rating-7.png,Internal,Digital,AS/NZS 62087.1:2010,ATV5091,Greenhouse and Energy Minimum Standards (Televisions) Determination 2013
795,146761,WALTON,W43D210G_AU,W43D210GE,"Australia,Fiji,New Zealand",Bangladesh,107.956,4980.1837000000005,LCD (LED),-,-,-,35.97,N/A,N/A,138.0,Approved,2027-06-08,,Single product class,Available,7.0,,,7.035028893387631,https://reg.energyrating.gov.au/static/common/images/star_ratings_2014/EnergyStarRating_7_Star.eps,https://reg.energyrating.gov.au/static/common/images/star_ratings_2014/Star-rating-7.png,Internal,Digital,AS/NZS 62087.1:2010,ATV5091,Greenhouse and Energy Minimum Standards (Televisions) Determination 2013
796,146761,WALTON,43D210G,W43D210GE,"Australia,Fiji,New Zealand",Bangladesh,107.956,4980.1837000000005,LCD (LED),-,-,-,35.97,N/A,N/A,138.0,Approved,2027-06-08,,Single product class,Available,7.0,,,7.035028893387631,https://reg.energyrating.gov.au/static/common/images/star_ratings_2014/EnergyStarRating_7_Star.eps,https://reg.energyrating.gov.au/static/common/images/star_ratings_2014/Star-rating-7.png,Internal,Digital,AS/NZS 62087.1:2010,ATV5091,Greenhouse and Energy Minimum Standards (Televisions) Determination 2013
797,146761,WALTON,43D210GAU,W43D210GE,"Australia,Fiji,New Zealand",Bangladesh,107.956,4980.1837000000005,LCD (LED),-,-,-,35.97,N/A,N/A,138.0,Approved,2027-06-08,,Single product class,Available,7.0,,,7.035028893387631,https://reg.energyrating.gov.au/static/common/images/star_ratings_2014/EnergyStarRating_7_Star.eps,https://reg.energyrating.gov.au/static/common/images/star_ratings_2014/Star-rating-7.png,Internal,Digital,AS/NZS 62087.1:2010,ATV5091,Greenhouse and Energy Minimum Standards (Televisions) Determination 2013
798,146761,WALTON,43D210G_AU,W43D210GE,"Australia,Fiji,New Zealand",Bangladesh,107.956,4980.1837000000005,LCD (LED),-,-,-,35.97,N/A,N/A,138.0,Approved,2027-06-08,,Single product class,Available,7.0,,,7.035028893387631,https://reg.energyrating.gov.au/static/common/images/star_ratings_2014/EnergyStarRating_7_Star.eps,https://reg.energyrating.gov.au/static/common/images/star_ratings_2014/Star-rating-7.png,Internal,Digital,AS/NZS 62087.1:2010,ATV5091,Greenhouse and Energy Minimum Standards (Televisions) Determination 2013
799,146768,BLAUPUNKT,BP750USG9300,,Australia,China,189.266,15306.638400000002,LCD,0.36,0.0,0.0,188.97,N/A,N/A,692.0,Approved,2027-05-11,,Single product class,Available,4.0,http://www.ayonz.com/,,4.452167843042404,https://reg.energyrating.gov.au/static/common/images/star_ratings_2014/EnergyStarRating_4_Star.eps,https://reg.energyrating.gov.au/static/common/images/star_ratings_2014/Star-rating-4.png,Internal,Digital,AS/NZS 62087.1:2010,ATV5038,Greenhouse and Energy Minimum Standards (Televisions) Determination 2013
800,146806,BLAUPUNKT,BP500USG9500,,Australia,China,125.638,6745.2,LCD,0.36,0.36,7.0,59.9,N/A,N/A,226.0,Approved,2027-05-12,,Single product class,Unavailable,6.0,http://www.ayonz.com/,,6.03697736111736,https://reg.energyrating.gov.au/static/common/images/star_ratings_2014/EnergyStarRating_6_Star.eps,https://reg.energyrating.gov.au/static/common/images/star_ratings_2014/Star-rating-6.png,Internal,Digital,AS/NZS 62087.1:2010,ATV5043,Greenhouse and Energy Minimum Standards (Televisions) Determination 2013
801,146844,EKO,K55DVAQ,,Australia,China,138.613,8197.02,LCD,0.383,0.383,7.0,76.044,N/A,N/A,380.0,Approved,2027-05-12,,Single product class,Available,4.5,http://www.ayonz.com/,,4.506588374804526,https://reg.energyrating.gov.au/static/common/images/star_ratings_2014/EnergyStarRating_4.5_Star.eps,https://reg.energyrating.gov.au/static/common/images/star_ratings_2014/Star-rating-4.5.png,Internal,Digital,AS/NZS 62087.1:2010,ATV5042,Greenhouse and Energy Minimum Standards (Televisions) Determination 2013
802,146846,EKO,K32FSG11,,Australia,China,79.831,2721.3599999999997,LCD,0.251,0.251,7.0,31.814,N/A,N/A,130.0,Approved,2027-05-12,,Single product class,Available,5.0,http://www.ayonz.com/,,5.03098766900437,https://reg.energyrating.gov.au/static/common/images/star_ratings_2014/EnergyStarRating_5_Star.eps,https://reg.energyrating.gov.au/static/common/images/star_ratings_2014/Star-rating-5.png,Internal,Digital,AS/NZS 62087.1:2010,ATV5039,Greenhouse and Energy Minimum Standards (Televisions) Determination 2013
803,146853,BLAUPUNKT,BP550USG9800,,Australia,China,138.798,8228.0,LCD,0.375,0.375,7.0,93.324,N/A,N/A,380.0,Approved,2027-05-16,,Single product class,Available,4.5,http://www.ayonz.com/,,4.522165303383788,https://reg.energyrating.gov.au/static/common/images/star_ratings_2014/EnergyStarRating_4.5_Star.eps,https://reg.energyrating.gov.au/static/common/images/star_ratings_2014/Star-rating-4.5.png,Internal,Digital,AS/NZS 62087.1:2010,ATV5044,Greenhouse and Energy Minimum Standards (Televisions) Determination 2013
804,146866,EKO,K58USG,,Australia,China,146.059,9161.78,LCD (LED),-,-,-,126.0,N/A,N/A,465.0,Approved,2027-05-12,,Single product class,Available,4.0,http://www.ayonz.com/,,4.0632890123612855,https://reg.energyrating.gov.au/static/common/images/star_ratings_2014/EnergyStarRating_4_Star.eps,https://reg.energyrating.gov.au/static/common/images/star_ratings_2014/Star-rating-4.png,Internal,Analogue/Digital,AS/NZS 62087.1:2010,ATV5041,Greenhouse and Energy Minimum Standards (Televisions) Determination 2013
805,146894,HISENSE,50A6HAU,,"Australia,New Zealand",China,125.731,6754.867344,LCD (LED),0.32,0.0,0.0,59.47,N/A,N/A,254.0,Approved,2027-05-16,,Single product class,Available,5.5,http://global.hisense.com/,http://www.hisense.com.au,5.519365722220251,https://reg.energyrating.gov.au/static/common/images/star_ratings_2014/EnergyStarRating_5.5_Star.eps,https://reg.energyrating.gov.au/static/common/images/star_ratings_2014/Star-rating-5.5.png,Internal,Analogue/Digital,AS/NZS 62087.1:2010,ATV5046,Greenhouse and Energy Minimum Standards (Televisions) Determination 2013
806,146934,BLAUPUNKT,BP3200HDV7100,,Australia,China,80.043,2737.0770999999995,LCD (LED),0.36,0.0,0.0,35.4,N/A,N/A,131.0,Approved,2027-05-17,,Single product class,Available,5.0,http://www.ayonz.com/,,5.017184873170333,https://reg.energyrating.gov.au/static/common/images/star_ratings_2014/EnergyStarRating_5_Star.eps,https://reg.energyrating.gov.au/static/common/images/star_ratings_2014/Star-rating-5.png,Internal,Analogue/Digital,AS/NZS 62087.1:2010,ATV5048,Greenhouse and Energy Minimum Standards (Televisions) Determination 2013
807,146941,EKO,K65DVAQ,,Australia,China,163.644,11430.269999999999,LCD,0.367,0.367,7.0,198.0,N/A,N/A,725.0,Approved,2027-05-19,,Single product class,Available,3.0,http://www.ayonz.com/,,3.0007306870974766,https://reg.energyrating.gov.au/static/common/images/star_ratings_2014/EnergyStarRating_3_Star.eps,https://reg.energyrating.gov.au/static/common/images/star_ratings_2014/Star-rating-3.png,Internal,Analogue/Digital,AS/NZS 62087.1:2010,ATV5051,Greenhouse and Energy Minimum Standards (Televisions) Determination 2013
808,146985,BLAUPUNKT,BP430FSG9700,,Australia,China,107.942,4978.7136,LCD (LED),-,-,-,51.8,N/A,N/A,216.0,Approved,2027-05-23,,Single product class,Unavailable,5.0,http://www.ayonz.com/,,5.026081958562645,https://reg.energyrating.gov.au/static/common/images/star_ratings_2014/EnergyStarRating_5_Star.eps,https://reg.energyrating.gov.au/static/common/images/star_ratings_2014/Star-rating-5.png,Internal,Analogue/Digital,AS/NZS 62087.1:2010,ATV5060,Greenhouse and Energy Minimum Standards (Televisions) Determination 2013
809,147005,SAMSUNG ELECTRONICS,HG50BU800AW,,"Australia,Fiji,New Zealand",Vietnam,125.727,6754.5112,LCD (LED),0.5,0.0,0.0,94.0,N/A,N/A,346.0,Approved,2027-05-26,,Single product class,Available,4.0,,http://www.samsung.com.au,4.13392447306466,https://reg.energyrating.gov.au/static/common/images/star_ratings_2014/EnergyStarRating_4_Star.eps,https://reg.energyrating.gov.au/static/common/images/star_ratings_2014/Star-rating-4.png,Internal,Digital,,ATV5074,Greenhouse and Energy Minimum Standards (Televisions) Determination 2013
810,147006,SAMSUNG ELECTRONICS,HG55BU800AW,,"Australia,Fiji,New Zealand",Vietnam,138.783,8230.118400000001,LCD (LED),0.5,0.0,0.0,113.0,N/A,N/A,416.0,Approved,2027-05-25,,Single product class,Available,4.0,,http://www.samsung.com.au,4.1175971780535745,https://reg.energyrating.gov.au/static/common/images/star_ratings_2014/EnergyStarRating_4_Star.eps,https://reg.energyrating.gov.au/static/common/images/star_ratings_2014/Star-rating-4.png,Internal,Digital,,ATV5073,Greenhouse and Energy Minimum Standards (Televisions) Determination 2013
811,147015,PHILIPS,55PUT8507/79,55PUT8507/79,"Australia,Fiji,New Zealand",China,138.798,8228.0,LCD (LED),0.38,0.0,0.0,94.43,N/A,N/A,381.0,Approved,2027-05-23,,Single product class,Available,4.5,,,4.510387582760489,https://reg.energyrating.gov.au/static/common/images/star_ratings_2014/EnergyStarRating_4.5_Star.eps,https://reg.energyrating.gov.au/static/common/images/star_ratings_2014/Star-rating-4.5.png,Internal,Analogue/Digital,AS/NZS 62087.1:2010,ATV5059,Greenhouse and Energy Minimum Standards (Televisions) Determination 2013
812,147015,PHILIPS,55PUT8507/75,55PUT8507/79,"Australia,Fiji,New Zealand",China,138.798,8228.0,LCD (LED),0.38,0.0,0.0,94.43,N/A,N/A,381.0,Approved,2027-05-23,,Single product class,Available,4.5,,,4.510387582760489,https://reg.energyrating.gov.au/static/common/images/star_ratings_2014/EnergyStarRating_4.5_Star.eps,https://reg.energyrating.gov.au/static/common/images/star_ratings_2014/Star-rating-4.5.png,Internal,Analogue/Digital,AS/NZS 62087.1:2010,ATV5059,Greenhouse and Energy Minimum Standards (Televisions) Determination 2013
813,147021,SAMSUNG ELECTRONICS,HG43BU800AW,,"Australia,Fiji,New Zealand",Vietnam,107.987,4982.7128,LCD (LED),0.5,0.0,0.0,73.0,N/A,N/A,270.0,Approved,2027-05-26,,Single product class,Available,4.0,,http://www.samsung.com.au,4.029236682652612,https://reg.energyrating.gov.au/static/common/images/star_ratings_2014/EnergyStarRating_4_Star.eps,https://reg.energyrating.gov.au/static/common/images/star_ratings_2014/Star-rating-4.png,Internal,Digital,,ATV5075,Greenhouse and Energy Minimum Standards (Televisions) Determination 2013
814,147023,SAMSUNG ELECTRONICS,HG65BU800AW,,"Australia,Fiji,New Zealand",Vietnam,163.897,11477.9975,LCD (LED),0.5,0.0,0.0,119.0,N/A,N/A,437.0,Approved,2027-05-26,,Single product class,Available,5.0,,http://www.samsung.com.au,5.286995341885052,https://reg.energyrating.gov.au/static/common/images/star_ratings_2014/EnergyStarRating_5_Star.eps,https://reg.energyrating.gov.au/static/common/images/star_ratings_2014/Star-rating-5.png,Internal,Digital,,ATV5076,Greenhouse and Energy Minimum Standards (Televisions) Determination 2013
815,147053,SAMSUNG ELECTRONICS,HG75BU800AW,,"Australia,Fiji,New Zealand",Vietnam,189.338,15318.8066,LCD (LED),0.5,0.0,0.0,157.0,N/A,N/A,576.0,Approved,2027-05-26,,Single product class,Available,5.0,,http://www.samsung.com.au,5.277816565063631,https://reg.energyrating.gov.au/static/common/images/star_ratings_2014/EnergyStarRating_5_Star.eps,https://reg.energyrating.gov.au/static/common/images/star_ratings_2014/Star-rating-5.png,Internal,Digital,,ATV5077,Greenhouse and Energy Minimum Standards (Televisions) Determination 2013
816,147071,HISENSE,58A6HAU,,"Australia,New Zealand",China,146.068,9162.865152,LCD (LED),0.32,0.0,0.0,79.33,N/A,N/A,335.0,Approved,2027-05-19,,Single product class,Available,5.5,http://global.hisense.com/,http://www.hisense.com.au,5.533270548071191,https://reg.energyrating.gov.au/static/common/images/star_ratings_2014/EnergyStarRating_5.5_Star.eps,https://reg.energyrating.gov.au/static/common/images/star_ratings_2014/Star-rating-5.5.png,Internal,Analogue/Digital,AS/NZS 62087.1:2010,ATV5052,Greenhouse and Energy Minimum Standards (Televisions) Determination 2013
817,147072,TOSHIBA,43C350LP,,"Australia,New Zealand",China,107.986,4982.795156,LCD (LED),0.38,0.0,0.0,51.12,N/A,N/A,214.0,Approved,2027-05-17,,Single product class,Available,5.0,http://global.hisense.com/,https://hisense.com.au/,5.070989554548221,https://reg.energyrating.gov.au/static/common/images/star_ratings_2014/EnergyStarRating_5_Star.eps,https://reg.energyrating.gov.au/static/common/images/star_ratings_2014/Star-rating-5.png,Internal,Analogue/Digital,AS/NZS 62087.1:2010,ATV5049,Greenhouse and Energy Minimum Standards (Televisions) Determination 2013
818,147080,TOSHIBA,50C350LP,,"Australia,New Zealand",China,125.731,6754.867344,LCD (LED),0.33,0.0,0.0,67.75,N/A,N/A,269.0,Approved,2027-05-17,,Single product class,Available,5.0,http://global.hisense.com/,https://hisense.com.au/,5.262234775592492,https://reg.energyrating.gov.au/static/common/images/star_ratings_2014/EnergyStarRating_5_Star.eps,https://reg.energyrating.gov.au/static/common/images/star_ratings_2014/Star-rating-5.png,Internal,Analogue/Digital,AS/NZS 62087.1:2010,ATV5047,Greenhouse and Energy Minimum Standards (Televisions) Determination 2013
819,147081,TOSHIBA,55C350LP,,"Australia,New Zealand",China,138.783,8230.118400000001,LCD (LED),0.347,0.0,0.0,63.89,N/A,N/A,269.0,Approved,2027-05-23,,Single product class,Available,6.0,http://global.hisense.com/,https://hisense.com.au/,6.07137929764316,https://reg.energyrating.gov.au/static/common/images/star_ratings_2014/EnergyStarRating_6_Star.eps,https://reg.energyrating.gov.au/static/common/images/star_ratings_2014/Star-rating-6.png,Internal,Analogue/Digital,AS/NZS 62087.1:2010,ATV5058,Greenhouse and Energy Minimum Standards (Televisions) Determination 2013
820,147084,TOSHIBA,65C350LP,,"Australia,New Zealand",China,163.896,11478.122496000002,LCD (LED),0.297,0.0,0.0,82.49,N/A,N/A,333.0,Approved,2027-05-22,,Single product class,Available,6.0,http://global.hisense.com/,https://hisense.com.au/,6.505049671825857,https://reg.energyrating.gov.au/static/common/images/star_ratings_2014/EnergyStarRating_6_Star.eps,https://reg.energyrating.gov.au/static/common/images/star_ratings_2014/Star-rating-6.png,Internal,Analogue/Digital,AS/NZS 62087.1:2010,ATV5055,Greenhouse and Energy Minimum Standards (Televisions) Determination 2013
821,147089,PHILIPS,50PUT8217/79,50PUT8217/79,"Australia,Fiji",China,125.725,6751.36,LCD (LED),0.4,0.0,0.0,61.3,N/A,N/A,248.0,Approved,2027-05-23,,Single product class,Available,5.5,,,5.6243875937263965,https://reg.energyrating.gov.au/static/common/images/star_ratings_2014/EnergyStarRating_5.5_Star.eps,https://reg.energyrating.gov.au/static/common/images/star_ratings_2014/Star-rating-5.5.png,Internal,Analogue/Digital,AS/NZS 62087.1:2010,ATV5057,Greenhouse and Energy Minimum Standards (Televisions) Determination 2013
822,147089,PHILIPS,50PUT8217/75,50PUT8217/79,"Australia,Fiji",China,125.725,6751.36,LCD (LED),0.4,0.0,0.0,61.3,N/A,N/A,248.0,Approved,2027-05-23,,Single product class,Available,5.5,,,5.6243875937263965,https://reg.energyrating.gov.au/static/common/images/star_ratings_2014/EnergyStarRating_5.5_Star.eps,https://reg.energyrating.gov.au/static/common/images/star_ratings_2014/Star-rating-5.5.png,Internal,Analogue/Digital,AS/NZS 62087.1:2010,ATV5057,Greenhouse and Energy Minimum Standards (Televisions) Determination 2013
823,147091,PHILIPS,75PUT8507/79,75PUT8507/79,"Australia,Fiji,New Zealand",China,189.306,15312.0,LCD (LED),0.31,0.0,0.0,127.69,N/A,N/A,537.0,Approved,2027-05-23,,Single product class,Available,5.5,,,5.590102405040369,https://reg.energyrating.gov.au/static/common/images/star_ratings_2014/EnergyStarRating_5.5_Star.eps,https://reg.energyrating.gov.au/static/common/images/star_ratings_2014/Star-rating-5.5.png,Internal,Analogue/Digital,AS/NZS 62087.1:2010,ATV5056,Greenhouse and Energy Minimum Standards (Televisions) Determination 2013
824,147091,PHILIPS,75PUT8507/75,75PUT8507/79,"Australia,Fiji,New Zealand",China,189.306,15312.0,LCD (LED),0.31,0.0,0.0,127.69,N/A,N/A,537.0,Approved,2027-05-23,,Single product class,Available,5.5,,,5.590102405040369,https://reg.energyrating.gov.au/static/common/images/star_ratings_2014/EnergyStarRating_5.5_Star.eps,https://reg.energyrating.gov.au/static/common/images/star_ratings_2014/Star-rating-5.5.png,Internal,Analogue/Digital,AS/NZS 62087.1:2010,ATV5056,Greenhouse and Energy Minimum Standards (Televisions) Determination 2013
825,147093,TCL,85P735,,"Australia,Fiji,New Zealand",China,214.783,19712.16,LCD (LED),0.348,0.0,0.0,180.5,7.0,7.01172383841875,728.0,Approved,2027-05-22,,Single product class,Available,5.0,https://www.tcl.com/au,http://www.tclelectronics.com.au,5.314428217252791,https://reg.energyrating.gov.au/static/common/images/star_ratings_2014/EnergyStarRating_5_Star.eps,https://reg.energyrating.gov.au/static/common/images/star_ratings_2014/Star-rating-5.png,Internal,Analogue/Digital,AS/NZS 62087.1:2010,ATV5053,Greenhouse and Energy Minimum Standards (Televisions) Determination 2013
826,147095,TCL,85C735,,"Australia,Fiji,New Zealand",China,214.783,19712.16,LCD (LED),0.286,0.0,0.0,223.7,7.0,7.01172383841875,941.0,Approved,2027-05-22,,Single product class,Available,4.0,https://www.tcl.com/au,http://www.tclelectronics.com.au,4.164307185848597,https://reg.energyrating.gov.au/static/common/images/star_ratings_2014/EnergyStarRating_4_Star.eps,https://reg.energyrating.gov.au/static/common/images/star_ratings_2014/Star-rating-4.png,Internal,Analogue/Digital,AS/NZS 62087.1:2010,ATV5054,Greenhouse and Energy Minimum Standards (Televisions) Determination 2013
827,147139,PHILIPS,55PUT8217/79,55PUT8217/79,"Australia,Fiji,New Zealand",China,138.798,8228.0,LCD (LED),0.38,0.0,0.0,72.57,N/A,N/A,293.0,Approved,2027-05-23,,Single product class,Available,5.5,,,5.68732845585714,https://reg.energyrating.gov.au/static/common/images/star_ratings_2014/EnergyStarRating_5.5_Star.eps,https://reg.energyrating.gov.au/static/common/images/star_ratings_2014/Star-rating-5.5.png,Internal,Analogue/Digital,AS/NZS 62087.1:2010,ATV5061,Greenhouse and Energy Minimum Standards (Televisions) Determination 2013
828,147139,PHILIPS,55PUT8217/75,55PUT8217/79,"Australia,Fiji,New Zealand",China,138.798,8228.0,LCD (LED),0.38,0.0,0.0,72.57,N/A,N/A,293.0,Approved,2027-05-23,,Single product class,Available,5.5,,,5.68732845585714,https://reg.energyrating.gov.au/static/common/images/star_ratings_2014/EnergyStarRating_5.5_Star.eps,https://reg.energyrating.gov.au/static/common/images/star_ratings_2014/Star-rating-5.5.png,Internal,Analogue/Digital,AS/NZS 62087.1:2010,ATV5061,Greenhouse and Energy Minimum Standards (Televisions) Determination 2013
829,147180,LG,43UQ751C0LF,,"Australia,New Zealand",Indonesia,107.987,4982.7128,LCD (LED),0.4,0.0,0.0,77.0,N/A,N/A,284.0,Approved,2027-05-23,,Single product class,Available,3.5,,,3.8026906818154727,https://reg.energyrating.gov.au/static/common/images/star_ratings_2014/EnergyStarRating_3.5_Star.eps,https://reg.energyrating.gov.au/static/common/images/star_ratings_2014/Star-rating-3.5.png,Internal,Analogue/Digital,AS/NZS 62087.1:2010,ATV5062,Greenhouse and Energy Minimum Standards (Televisions) Determination 2013
830,147181,LG,50UQ751C0LF,,"Australia,New Zealand",Indonesia,125.727,6754.5112,LCD (LED),0.4,0.0,0.0,93.0,N/A,N/A,342.0,Approved,2027-05-24,,Single product class,Available,4.0,,,4.186034596465652,https://reg.energyrating.gov.au/static/common/images/star_ratings_2014/EnergyStarRating_4_Star.eps,https://reg.energyrating.gov.au/static/common/images/star_ratings_2014/Star-rating-4.png,Internal,Analogue/Digital,AS/NZS 62087.1:2010,ATV5069,Greenhouse and Energy Minimum Standards (Televisions) Determination 2013
831,147182,LG,55UQ751C0LF,,"Australia,New Zealand",Indonesia,138.783,8230.118400000001,LCD (LED),0.4,0.0,0.0,114.0,N/A,N/A,419.0,Approved,2027-05-23,,Single product class,Available,4.0,,,4.08539521829021,https://reg.energyrating.gov.au/static/common/images/star_ratings_2014/EnergyStarRating_4_Star.eps,https://reg.energyrating.gov.au/static/common/images/star_ratings_2014/Star-rating-4.png,Internal,Analogue/Digital,AS/NZS 62087.1:2010,ATV5063,Greenhouse and Energy Minimum Standards (Televisions) Determination 2013
832,147183,LG,65UQ751C0LF,,"Australia,New Zealand",Indonesia,163.897,11477.9975,LCD (LED),0.4,0.0,0.0,145.0,N/A,N/A,532.0,Approved,2027-05-24,,Single product class,Available,4.0,,,4.405453871887269,https://reg.energyrating.gov.au/static/common/images/star_ratings_2014/EnergyStarRating_4_Star.eps,https://reg.energyrating.gov.au/static/common/images/star_ratings_2014/Star-rating-4.png,Internal,Analogue/Digital,AS/NZS 62087.1:2010,ATV5068,Greenhouse and Energy Minimum Standards (Televisions) Determination 2013
833,147184,LG,75UQ801C0LB,,"Australia,New Zealand",Indonesia,189.275,15307.5663,LCD (LED),0.4,0.0,0.0,165.0,N/A,N/A,605.0,Approved,2027-05-23,,Single product class,Available,5.0,,,5.054540009525431,https://reg.energyrating.gov.au/static/common/images/star_ratings_2014/EnergyStarRating_5_Star.eps,https://reg.energyrating.gov.au/static/common/images/star_ratings_2014/Star-rating-5.png,Internal,Analogue/Digital,AS/NZS 62087.1:2010,ATV5064,Greenhouse and Energy Minimum Standards (Televisions) Determination 2013
834,147185,LG,42LX1Q6LA,,"Australia,New Zealand","Indonesia,South Korea",105.52,4757.6080999999995,OLED,0.4,0.0,0.0,63.0,N/A,N/A,232.0,Approved,2027-05-24,,Single product class,Available,4.5,,,4.527878970799845,https://reg.energyrating.gov.au/static/common/images/star_ratings_2014/EnergyStarRating_4.5_Star.eps,https://reg.energyrating.gov.au/static/common/images/star_ratings_2014/Star-rating-4.5.png,Internal,Analogue/Digital,AS/NZS 62087.1:2010,ATV5070,Greenhouse and Energy Minimum Standards (Televisions) Determination 2013
835,147186,LG,42LX1QPSA,,"Australia,New Zealand","Indonesia,South Korea",105.52,4757.6080999999995,OLED,0.4,0.0,0.0,63.0,N/A,N/A,232.0,Approved,2027-05-23,,Single product class,Available,4.5,,,4.527878970799845,https://reg.energyrating.gov.au/static/common/images/star_ratings_2014/EnergyStarRating_4.5_Star.eps,https://reg.energyrating.gov.au/static/common/images/star_ratings_2014/Star-rating-4.5.png,Internal,Analogue/Digital,AS/NZS 62087.1:2010,ATV5065,Greenhouse and Energy Minimum Standards (Televisions) Determination 2013
836,147187,LG,48LX1Q6LA,,"Australia,New Zealand","Indonesia,South Korea",120.721,6226.9196,OLED,0.4,0.0,0.0,77.0,N/A,N/A,284.0,Approved,2027-05-24,,Single product class,Available,4.5,,,4.689905816504032,https://reg.energyrating.gov.au/static/common/images/star_ratings_2014/EnergyStarRating_4.5_Star.eps,https://reg.energyrating.gov.au/static/common/images/star_ratings_2014/Star-rating-4.5.png,Internal,Analogue/Digital,AS/NZS 62087.1:2010,ATV5071,Greenhouse and Energy Minimum Standards (Televisions) Determination 2013
837,147188,LG,48LX1QPSA,,"Australia,New Zealand","Indonesia,South Korea",120.721,6226.9196,OLED,0.4,0.0,0.0,77.0,N/A,N/A,284.0,Approved,2027-05-23,,Single product class,Available,4.5,,,4.689905816504032,https://reg.energyrating.gov.au/static/common/images/star_ratings_2014/EnergyStarRating_4.5_Star.eps,https://reg.energyrating.gov.au/static/common/images/star_ratings_2014/Star-rating-4.5.png,Internal,Analogue/Digital,AS/NZS 62087.1:2010,ATV5066,Greenhouse and Energy Minimum Standards (Televisions) Determination 2013
838,147189,LG,55LX1Q6LA,,"Australia,New Zealand","Indonesia,South Korea",138.783,8230.118400000001,OLED,0.4,0.0,0.0,95.0,N/A,N/A,349.0,Approved,2027-05-24,,Single product class,Available,4.5,,,4.904594324171205,https://reg.energyrating.gov.au/static/common/images/star_ratings_2014/EnergyStarRating_4.5_Star.eps,https://reg.energyrating.gov.au/static/common/images/star_ratings_2014/Star-rating-4.5.png,Internal,Analogue/Digital,AS/NZS 62087.1:2010,ATV5072,Greenhouse and Energy Minimum Standards (Televisions) Determination 2013
839,147190,LG,55LX1QPSA,,"Australia,New Zealand","Indonesia,South Korea",138.783,8230.118400000001,OLED,0.4,0.0,0.0,95.0,N/A,N/A,349.0,Approved,2027-05-23,,Single product class,Available,4.5,,,4.904594324171205,https://reg.energyrating.gov.au/static/common/images/star_ratings_2014/EnergyStarRating_4.5_Star.eps,https://reg.energyrating.gov.au/static/common/images/star_ratings_2014/Star-rating-4.5.png,Internal,Analogue/Digital,AS/NZS 62087.1:2010,ATV5067,Greenhouse and Energy Minimum Standards (Televisions) Determination 2013
840,147239,Caixun,LE-24T1,LE-24T1,"Australia,Fiji,New Zealand",China,59.774,1526.53,LCD (LED),0.31,0.0,0.0,16.3,N/A,N/A,70.0,Approved,2027-06-16,,Single product class,Available,5.5,,,5.880197819230076,https://reg.energyrating.gov.au/static/common/images/star_ratings_2014/EnergyStarRating_5.5_Star.eps,https://reg.energyrating.gov.au/static/common/images/star_ratings_2014/Star-rating-5.5.png,Internal,Analogue/Digital,AS/NZS 62087.1:2010,ATV5094,Greenhouse and Energy Minimum Standards (Televisions) Determination 2013
841,147239,Caixun,LE-24T2,LE-24T1,"Australia,Fiji,New Zealand",China,59.774,1526.53,LCD (LED),0.31,0.0,0.0,16.3,N/A,N/A,70.0,Approved,2027-06-16,,Single product class,Available,5.5,,,5.880197819230076,https://reg.energyrating.gov.au/static/common/images/star_ratings_2014/EnergyStarRating_5.5_Star.eps,https://reg.energyrating.gov.au/static/common/images/star_ratings_2014/Star-rating-5.5.png,Internal,Analogue/Digital,AS/NZS 62087.1:2010,ATV5094,Greenhouse and Energy Minimum Standards (Televisions) Determination 2013
842,147239,Caixun,LE-24T3,LE-24T1,"Australia,Fiji,New Zealand",China,59.774,1526.53,LCD (LED),0.31,0.0,0.0,16.3,N/A,N/A,70.0,Approved,2027-06-16,,Single product class,Available,5.5,,,5.880197819230076,https://reg.energyrating.gov.au/static/common/images/star_ratings_2014/EnergyStarRating_5.5_Star.eps,https://reg.energyrating.gov.au/static/common/images/star_ratings_2014/Star-rating-5.5.png,Internal,Analogue/Digital,AS/NZS 62087.1:2010,ATV5094,Greenhouse and Energy Minimum Standards (Televisions) Determination 2013
843,147239,Caixun,LE-24V1,LE-24T1,"Australia,Fiji,New Zealand",China,59.774,1526.53,LCD (LED),0.31,0.0,0.0,16.3,N/A,N/A,70.0,Approved,2027-06-16,,Single product class,Available,5.5,,,5.880197819230076,https://reg.energyrating.gov.au/static/common/images/star_ratings_2014/EnergyStarRating_5.5_Star.eps,https://reg.energyrating.gov.au/static/common/images/star_ratings_2014/Star-rating-5.5.png,Internal,Analogue/Digital,AS/NZS 62087.1:2010,ATV5094,Greenhouse and Energy Minimum Standards (Televisions) Determination 2013
